tournament,match_id,stage,period,minute,second,team,xg,is_goal,on_target
WC2018,8650,Quarter-finals,1,1,34,Belgium,0.020460658,False,False
WC2018,8650,Quarter-finals,1,7,12,Brazil,0.27402094,False,False
WC2018,8650,Quarter-finals,1,7,32,Belgium,0.06590014,False,False
WC2018,8650,Quarter-finals,1,7,35,Belgium,0.022908047,False,False
WC2018,8650,Quarter-finals,1,9,12,Brazil,0.17421605,False,False
WC2018,8650,Quarter-finals,1,9,50,Brazil,0.20371178,False,False
WC2018,8650,Quarter-finals,1,12,5,Belgium,0.078730114,False,False
WC2018,8650,Quarter-finals,1,14,38,Brazil,0.27625608,False,False
WC2018,8650,Quarter-finals,1,18,53,Brazil,0.06166237,False,True
WC2018,8650,Quarter-finals,1,25,19,Brazil,0.011753061,False,True
WC2018,8650,Quarter-finals,1,29,27,Brazil,0.06566521,False,False
WC2018,8650,Quarter-finals,1,29,35,Brazil,0.009290484,False,False
WC2018,8650,Quarter-finals,1,30,48,Belgium,0.036171924,True,True
WC2018,8650,Quarter-finals,1,35,4,Brazil,0.24829954,False,False
WC2018,8650,Quarter-finals,1,36,36,Brazil,0.010265937,False,True
WC2018,8650,Quarter-finals,1,40,36,Belgium,0.013607446,False,True
WC2018,8650,Quarter-finals,1,41,16,Belgium,0.05695575,False,True
WC2018,8650,Quarter-finals,2,51,42,Brazil,0.032326028,False,False
WC2018,8650,Quarter-finals,2,54,2,Brazil,0.035845775,False,True
WC2018,8650,Quarter-finals,2,61,15,Belgium,0.110522054,False,False
WC2018,8650,Quarter-finals,2,61,47,Brazil,0.011885792,False,True
WC2018,8650,Quarter-finals,2,63,0,Brazil,0.041887954,False,False
WC2018,8650,Quarter-finals,2,69,23,Brazil,0.0066976612,False,False
WC2018,8650,Quarter-finals,2,70,52,Brazil,0.02142523,False,True
WC2018,8650,Quarter-finals,2,74,27,Brazil,0.014297066,False,True
WC2018,8650,Quarter-finals,2,74,28,Brazil,0.1545206,False,False
WC2018,8650,Quarter-finals,2,75,20,Brazil,0.22554597,True,True
WC2018,8650,Quarter-finals,2,77,46,Brazil,0.080149576,False,False
WC2018,8650,Quarter-finals,2,80,1,Brazil,0.14648527,False,False
WC2018,8650,Quarter-finals,2,83,26,Brazil,0.14369768,False,False
WC2018,8650,Quarter-finals,2,91,46,Brazil,0.047560986,False,False
WC2018,8650,Quarter-finals,2,93,14,Brazil,0.047588326,False,True
WC2018,8650,Quarter-finals,2,93,46,Brazil,0.2641403,False,False
WC2018,7584,Round of 16,1,0,54,Japan,0.038844906,False,False
WC2018,7584,Round of 16,1,9,14,Japan,0.0054525062,False,False
WC2018,7584,Round of 16,1,15,13,Belgium,0.02329228,False,False
WC2018,7584,Round of 16,1,15,58,Belgium,0.038868416,False,False
WC2018,7584,Round of 16,1,16,33,Belgium,0.068028904,False,False
WC2018,7584,Round of 16,1,17,16,Belgium,0.062155474,False,False
WC2018,7584,Round of 16,1,17,17,Belgium,0.09683723,False,False
WC2018,7584,Round of 16,1,20,10,Belgium,0.053347003,False,False
WC2018,7584,Round of 16,1,24,53,Belgium,0.29904982,False,False
WC2018,7584,Round of 16,1,26,5,Belgium,0.074351706,False,False
WC2018,7584,Round of 16,1,26,32,Belgium,0.038630188,False,True
WC2018,7584,Round of 16,1,27,26,Belgium,0.37606573,False,False
WC2018,7584,Round of 16,1,30,31,Japan,0.09179325,False,True
WC2018,7584,Round of 16,1,35,35,Belgium,0.15255512,False,False
WC2018,7584,Round of 16,1,35,43,Belgium,0.02434906,False,False
WC2018,7584,Round of 16,1,43,49,Japan,0.0644201,False,False
WC2018,7584,Round of 16,2,47,19,Japan,0.07330411,True,True
WC2018,7584,Round of 16,2,48,48,Belgium,0.10597108,False,False
WC2018,7584,Round of 16,2,48,49,Belgium,0.09700912,False,False
WC2018,7584,Round of 16,2,51,34,Japan,0.024892166,True,True
WC2018,7584,Round of 16,2,56,5,Belgium,0.03521874,False,False
WC2018,7584,Round of 16,2,58,40,Japan,0.05377961,False,False
WC2018,7584,Round of 16,2,61,44,Belgium,0.15798207,False,False
WC2018,7584,Round of 16,2,63,58,Japan,0.10102822,False,False
WC2018,7584,Round of 16,2,65,6,Belgium,0.03213666,False,False
WC2018,7584,Round of 16,2,67,59,Belgium,0.1751244,False,False
WC2018,7584,Round of 16,2,68,53,Belgium,0.011378314,True,True
WC2018,7584,Round of 16,2,72,17,Belgium,0.062116995,False,False
WC2018,7584,Round of 16,2,73,23,Belgium,0.1826466,True,True
WC2018,7584,Round of 16,2,74,52,Japan,0.09275014,False,False
WC2018,7584,Round of 16,2,74,55,Japan,0.012124663,False,False
WC2018,7584,Round of 16,2,77,51,Belgium,0.11867756,False,False
WC2018,7584,Round of 16,2,79,40,Belgium,0.0088148285,False,False
WC2018,7584,Round of 16,2,83,8,Japan,0.12930113,False,False
WC2018,7584,Round of 16,2,85,2,Belgium,0.12926859,False,True
WC2018,7584,Round of 16,2,85,7,Belgium,0.20452708,False,True
WC2018,7584,Round of 16,2,85,34,Belgium,0.006299751,False,False
WC2018,7584,Round of 16,2,86,36,Belgium,0.02341678,False,True
WC2018,7584,Round of 16,2,92,59,Japan,0.006078651,False,True
WC2018,7584,Round of 16,2,93,44,Belgium,0.25971222,True,True
WC2018,7554,Group Stage,1,3,46,Panama,0.0063411808,False,False
WC2018,7554,Group Stage,1,4,17,Panama,0.10595282,False,False
WC2018,7554,Group Stage,1,7,48,England,0.1349147,True,True
WC2018,7554,Group Stage,1,15,12,Panama,0.034921248,False,False
WC2018,7554,Group Stage,1,21,35,England,0.7835,True,True
WC2018,7554,Group Stage,1,35,9,England,0.056802925,True,True
WC2018,7554,Group Stage,1,39,13,England,0.43374035,False,True
WC2018,7554,Group Stage,1,39,14,England,0.5670492,True,True
WC2018,7554,Group Stage,1,41,55,England,0.090631545,False,False
WC2018,7554,Group Stage,1,45,16,England,0.7835,True,True
WC2018,7554,Group Stage,2,61,5,England,0.03459167,False,False
WC2018,7554,Group Stage,2,61,5,England,0.20022032,True,True
WC2018,7554,Group Stage,2,65,25,Panama,0.13047156,False,True
WC2018,7554,Group Stage,2,72,32,England,0.061970674,False,False
WC2018,7554,Group Stage,2,75,31,Panama,0.55906206,False,False
WC2018,7554,Group Stage,2,77,16,Panama,0.17428838,True,True
WC2018,7554,Group Stage,2,81,16,England,0.021399647,False,False
WC2018,7554,Group Stage,2,93,47,Panama,0.059005667,False,False
WC2018,7554,Group Stage,2,94,2,Panama,0.009995836,False,False
WC2018,7539,Group Stage,1,12,35,Senegal,0.009712145,False,False
WC2018,7539,Group Stage,1,19,10,Poland,0.029653154,False,False
WC2018,7539,Group Stage,1,19,11,Poland,0.24497952,False,False
WC2018,7539,Group Stage,1,22,42,Poland,0.055568192,False,False
WC2018,7539,Group Stage,1,36,55,Senegal,0.039492566,False,False
WC2018,7539,Group Stage,1,41,37,Senegal,0.14218889,False,False
WC2018,7539,Group Stage,1,46,7,Senegal,0.015028189,False,False
WC2018,7539,Group Stage,2,50,0,Poland,0.07070428,False,True
WC2018,7539,Group Stage,2,51,17,Senegal,0.13267757,False,False
WC2018,7539,Group Stage,2,53,16,Senegal,0.097462624,False,False
WC2018,7539,Group Stage,2,55,30,Poland,0.04273148,False,False
WC2018,7539,Group Stage,2,59,58,Senegal,0.99118865,True,True
WC2018,7539,Group Stage,2,66,18,Poland,0.035614714,False,False
WC2018,7539,Group Stage,2,69,36,Poland,0.12166226,False,False
WC2018,7539,Group Stage,2,78,23,Poland,0.05977887,False,True
WC2018,7539,Group Stage,2,85,41,Poland,0.36511415,True,True
WC2018,7539,Group Stage,2,91,14,Poland,0.016516764,False,False
WC2018,7550,Group Stage,1,3,18,Switzerland,0.0065200645,False,False
WC2018,7550,Group Stage,1,4,14,Serbia,0.24064535,False,True
WC2018,7550,Group Stage,1,4,19,Serbia,0.08914139,False,False
WC2018,7550,Group Stage,1,4,48,Serbia,0.2980266,True,True
WC2018,7550,Group Stage,1,8,7,Switzerland,0.007398513,False,False
WC2018,7550,Group Stage,1,9,51,Switzerland,0.15404725,False,False
WC2018,7550,Group Stage,1,13,13,Serbia,0.06612923,False,False
WC2018,7550,Group Stage,1,15,17,Serbia,0.035976026,False,False
WC2018,7550,Group Stage,1,18,31,Serbia,0.0383034,False,False
WC2018,7550,Group Stage,1,22,26,Switzerland,0.041592665,False,False
WC2018,7550,Group Stage,1,22,30,Switzerland,0.025827019,False,False
WC2018,7550,Group Stage,1,25,23,Switzerland,0.090298526,False,False
WC2018,7550,Group Stage,1,29,34,Switzerland,0.24026676,False,True
WC2018,7550,Group Stage,1,30,7,Switzerland,0.0712261,False,False
WC2018,7550,Group Stage,1,36,33,Serbia,0.03371678,False,True
WC2018,7550,Group Stage,1,41,58,Serbia,0.063381545,False,False
WC2018,7550,Group Stage,1,43,4,Serbia,0.07350789,False,False
WC2018,7550,Group Stage,1,45,42,Serbia,0.05983005,False,False
WC2018,7550,Group Stage,2,49,24,Switzerland,0.00962483,False,False
WC2018,7550,Group Stage,2,51,28,Serbia,0.10194914,False,False
WC2018,7550,Group Stage,2,51,51,Switzerland,0.057581827,False,False
WC2018,7550,Group Stage,2,51,55,Switzerland,0.009642546,True,True
WC2018,7550,Group Stage,2,57,33,Switzerland,0.010486914,False,False
WC2018,7550,Group Stage,2,76,25,Serbia,0.052877877,False,False
WC2018,7550,Group Stage,2,81,32,Switzerland,0.027681582,False,True
WC2018,7550,Group Stage,2,82,39,Switzerland,0.018171605,False,False
WC2018,7550,Group Stage,2,83,18,Switzerland,0.22874036,False,True
WC2018,7550,Group Stage,2,85,14,Switzerland,0.05241076,False,False
WC2018,7550,Group Stage,2,85,41,Switzerland,0.08491014,False,False
WC2018,7550,Group Stage,2,89,37,Switzerland,0.36896914,True,True
WC2018,7550,Group Stage,2,95,29,Switzerland,0.051912088,False,False
WC2018,7538,Group Stage,1,12,58,Sweden,0.0075467415,False,False
WC2018,7538,Group Stage,1,19,59,Sweden,0.48333976,False,True
WC2018,7538,Group Stage,1,20,48,Sweden,0.08360676,False,False
WC2018,7538,Group Stage,1,28,11,Sweden,0.08389724,False,False
WC2018,7538,Group Stage,1,28,12,Sweden,0.09769604,False,False
WC2018,7538,Group Stage,1,36,42,South Korea,0.041962028,False,False
WC2018,7538,Group Stage,1,38,59,Sweden,0.0065049785,False,False
WC2018,7538,Group Stage,1,42,0,Sweden,0.022509541,False,False
WC2018,7538,Group Stage,1,43,44,Sweden,0.019979231,False,False
WC2018,7538,Group Stage,1,43,46,Sweden,0.082305975,False,True
WC2018,7538,Group Stage,1,46,12,Sweden,0.06819925,False,False
WC2018,7538,Group Stage,2,48,26,Sweden,0.058042593,False,False
WC2018,7538,Group Stage,2,51,33,South Korea,0.11802932,False,False
WC2018,7538,Group Stage,2,55,44,Sweden,0.10468406,False,True
WC2018,7538,Group Stage,2,56,23,South Korea,0.026066551,False,False
WC2018,7538,Group Stage,2,64,37,Sweden,0.7835,True,True
WC2018,7538,Group Stage,2,68,22,Sweden,0.006241017,False,False
WC2018,7538,Group Stage,2,68,27,Sweden,0.057121377,False,False
WC2018,7538,Group Stage,2,70,18,Sweden,0.049949892,False,False
WC2018,7538,Group Stage,2,81,31,South Korea,0.028747292,False,False
WC2018,7538,Group Stage,2,90,57,South Korea,0.19956683,False,False
WC2018,7534,Group Stage,1,0,57,Mexico,0.11827388,False,False
WC2018,7534,Group Stage,1,2,40,Germany,0.049711905,False,False
WC2018,7534,Group Stage,1,6,31,Germany,0.07167251,False,True
WC2018,7534,Group Stage,1,8,29,Mexico,0.08506853,False,False
WC2018,7534,Group Stage,1,9,56,Mexico,0.028636595,False,True
WC2018,7534,Group Stage,1,13,53,Mexico,0.09705013,False,True
WC2018,7534,Group Stage,1,15,28,Germany,0.020290153,False,True
WC2018,7534,Group Stage,1,15,53,Germany,0.0056767375,False,False
WC2018,7534,Group Stage,1,19,29,Germany,0.12941124,False,True
WC2018,7534,Group Stage,1,21,52,Germany,0.028065955,False,True
WC2018,7534,Group Stage,1,22,33,Mexico,0.043891508,False,False
WC2018,7534,Group Stage,1,26,1,Mexico,0.041151885,False,False
WC2018,7534,Group Stage,1,28,33,Mexico,0.043912183,False,True
WC2018,7534,Group Stage,1,34,32,Mexico,0.19460402,True,True
WC2018,7534,Group Stage,1,36,42,Germany,0.06585366,False,False
WC2018,7534,Group Stage,1,38,2,Germany,0.06350054,False,True
WC2018,7534,Group Stage,1,44,46,Mexico,0.13477883,False,False
WC2018,7534,Group Stage,2,47,31,Germany,0.02910846,False,True
WC2018,7534,Group Stage,2,52,17,Germany,0.028271182,False,False
WC2018,7534,Group Stage,2,54,23,Germany,0.048906885,False,False
WC2018,7534,Group Stage,2,54,49,Germany,0.07452877,False,False
WC2018,7534,Group Stage,2,56,38,Mexico,0.074448265,False,False
WC2018,7534,Group Stage,2,60,57,Germany,0.04040635,False,False
WC2018,7534,Group Stage,2,64,4,Germany,0.114304304,False,False
WC2018,7534,Group Stage,2,66,43,Germany,0.041622043,False,False
WC2018,7534,Group Stage,2,67,3,Germany,0.3045737,False,False
WC2018,7534,Group Stage,2,70,55,Germany,0.009542241,False,False
WC2018,7534,Group Stage,2,75,22,Germany,0.04795046,False,False
WC2018,7534,Group Stage,2,76,26,Germany,0.10941726,False,False
WC2018,7534,Group Stage,2,77,5,Mexico,0.073443435,False,False
WC2018,7534,Group Stage,2,78,22,Germany,0.034154605,False,False
WC2018,7534,Group Stage,2,81,9,Mexico,0.058029506,False,False
WC2018,7534,Group Stage,2,83,35,Germany,0.050513986,False,True
WC2018,7534,Group Stage,2,85,10,Germany,0.090416625,False,False
WC2018,7534,Group Stage,2,86,56,Germany,0.24410489,False,False
WC2018,7534,Group Stage,2,88,32,Germany,0.55386275,False,True
WC2018,7534,Group Stage,2,88,38,Germany,0.035709005,False,False
WC2018,7534,Group Stage,2,89,46,Germany,0.0076826327,False,True
WC2018,7543,Group Stage,1,3,32,Spain,0.0062442855,False,False
WC2018,7543,Group Stage,1,5,57,Iran,0.017048458,False,False
WC2018,7543,Group Stage,1,9,26,Spain,0.101224825,False,False
WC2018,7543,Group Stage,1,13,57,Iran,0.030081216,False,False
WC2018,7543,Group Stage,1,18,10,Spain,0.036545493,False,False
WC2018,7543,Group Stage,1,21,55,Spain,0.02891147,False,False
WC2018,7543,Group Stage,1,24,22,Spain,0.056378577,False,True
WC2018,7543,Group Stage,1,29,30,Spain,0.18056935,False,False
WC2018,7543,Group Stage,1,30,35,Spain,0.008805185,False,False
WC2018,7543,Group Stage,1,41,7,Spain,0.14056613,False,False
WC2018,7543,Group Stage,1,44,14,Spain,0.029175429,False,False
WC2018,7543,Group Stage,1,46,12,Spain,0.077532336,False,False
WC2018,7543,Group Stage,2,48,41,Spain,0.23135321,False,False
WC2018,7543,Group Stage,2,49,1,Spain,0.036238745,False,True
WC2018,7543,Group Stage,2,50,46,Spain,0.11566157,False,False
WC2018,7543,Group Stage,2,51,11,Spain,0.05967502,False,False
WC2018,7543,Group Stage,2,52,26,Iran,0.041793868,False,False
WC2018,7543,Group Stage,2,53,34,Spain,0.25931305,True,True
WC2018,7543,Group Stage,2,59,25,Iran,0.0797548,False,False
WC2018,7543,Group Stage,2,69,13,Spain,0.089459024,False,False
WC2018,7543,Group Stage,2,69,13,Spain,0.69309485,False,False
WC2018,7543,Group Stage,2,77,2,Spain,0.046205834,False,False
WC2018,7543,Group Stage,2,81,38,Iran,0.13669233,False,False
WC2018,7543,Group Stage,2,90,20,Iran,0.121088564,False,False
WC2018,7544,Group Stage,1,1,50,Uruguay,0.03504409,False,False
WC2018,7544,Group Stage,1,7,19,Saudi Arabia,0.05547695,False,False
WC2018,7544,Group Stage,1,12,7,Uruguay,0.101114124,False,False
WC2018,7544,Group Stage,1,14,11,Uruguay,0.011932639,False,False
WC2018,7544,Group Stage,1,20,24,Saudi Arabia,0.0121245505,False,False
WC2018,7544,Group Stage,1,22,11,Uruguay,0.40584227,True,True
WC2018,7544,Group Stage,1,24,27,Uruguay,0.1273453,False,False
WC2018,7544,Group Stage,1,25,20,Saudi Arabia,0.0094235735,False,True
WC2018,7544,Group Stage,1,28,17,Saudi Arabia,0.10249908,False,False
WC2018,7544,Group Stage,1,37,34,Saudi Arabia,0.0055306493,False,False
WC2018,7544,Group Stage,2,50,33,Uruguay,0.023920795,False,True
WC2018,7544,Group Stage,2,61,31,Uruguay,0.15817063,False,False
WC2018,7544,Group Stage,2,63,6,Uruguay,0.009338622,False,False
WC2018,7544,Group Stage,2,67,54,Uruguay,0.17345619,False,False
WC2018,7544,Group Stage,2,76,53,Uruguay,0.193565,False,False
WC2018,7544,Group Stage,2,79,16,Uruguay,0.025469651,False,False
WC2018,7544,Group Stage,2,79,16,Uruguay,0.08319649,False,False
WC2018,7544,Group Stage,2,85,17,Uruguay,0.37744683,False,True
WC2018,7544,Group Stage,2,88,18,Uruguay,0.0815443,False,False
WC2018,7544,Group Stage,2,89,10,Saudi Arabia,0.008307631,False,False
WC2018,7544,Group Stage,2,89,51,Saudi Arabia,0.05516719,False,True
WC2018,7544,Group Stage,2,90,59,Saudi Arabia,0.024956208,False,False
WC2018,7546,Group Stage,1,1,31,Peru,0.04638079,False,False
WC2018,7546,Group Stage,1,5,46,Peru,0.002964359,False,False
WC2018,7546,Group Stage,1,10,2,France,0.040895715,False,False
WC2018,7546,Group Stage,1,11,6,France,0.009108837,False,False
WC2018,7546,Group Stage,1,13,44,France,0.10144759,False,False
WC2018,7546,Group Stage,1,15,19,France,0.051455326,False,True
WC2018,7546,Group Stage,1,23,24,Peru,0.027215322,False,False
WC2018,7546,Group Stage,1,30,16,Peru,0.20325628,False,True
WC2018,7546,Group Stage,1,32,51,France,0.27977735,False,True
WC2018,7546,Group Stage,1,33,36,France,0.09149722,False,False
WC2018,7546,Group Stage,1,33,38,France,0.9293175,True,True
WC2018,7546,Group Stage,1,42,22,France,0.053871572,False,True
WC2018,7546,Group Stage,1,42,24,France,0.115647,False,False
WC2018,7546,Group Stage,2,49,53,Peru,0.032040957,False,False
WC2018,7546,Group Stage,2,57,30,Peru,0.049853675,False,False
WC2018,7546,Group Stage,2,60,41,Peru,0.03232524,False,False
WC2018,7546,Group Stage,2,66,31,Peru,0.10677668,False,False
WC2018,7546,Group Stage,2,67,4,Peru,0.009771249,False,False
WC2018,7546,Group Stage,2,73,22,Peru,0.046855085,False,False
WC2018,7546,Group Stage,2,81,7,France,0.07033722,False,False
WC2018,7546,Group Stage,2,87,1,Peru,0.02880108,False,True
WC2018,7546,Group Stage,2,91,26,France,0.039226346,False,False
WC2018,7546,Group Stage,2,92,35,Peru,0.038980518,False,False
WC2018,7546,Group Stage,2,93,46,France,0.07983788,False,False
WC2018,7545,Group Stage,1,4,7,Croatia,0.10931223,False,True
WC2018,7545,Group Stage,1,12,29,Argentina,0.07232099,False,False
WC2018,7545,Group Stage,1,20,35,Croatia,0.017617416,False,False
WC2018,7545,Group Stage,1,29,13,Argentina,0.33644146,False,False
WC2018,7545,Group Stage,1,32,1,Croatia,0.2433502,False,False
WC2018,7545,Group Stage,1,46,33,Croatia,0.09167263,False,False
WC2018,7545,Group Stage,2,48,34,Argentina,0.037094012,False,False
WC2018,7545,Group Stage,2,52,16,Argentina,0.13586974,False,True
WC2018,7545,Group Stage,2,52,35,Croatia,0.3903937,True,True
WC2018,7545,Group Stage,2,63,1,Argentina,0.1882397,False,True
WC2018,7545,Group Stage,2,63,3,Argentina,0.2574592,False,False
WC2018,7545,Group Stage,2,63,26,Argentina,0.06496638,False,False
WC2018,7545,Group Stage,2,65,24,Croatia,0.19214138,False,False
WC2018,7545,Group Stage,2,70,44,Argentina,0.011055459,False,False
WC2018,7545,Group Stage,2,79,29,Croatia,0.02916088,False,False
WC2018,7545,Group Stage,2,79,54,Croatia,0.026013188,True,True
WC2018,7545,Group Stage,2,83,7,Argentina,0.036090992,False,True
WC2018,7545,Group Stage,2,85,53,Croatia,0.039510775,False,False
WC2018,7545,Group Stage,2,85,55,Croatia,0.10598648,False,False
WC2018,7545,Group Stage,2,88,48,Croatia,0.04277814,False,False
WC2018,7545,Group Stage,2,88,50,Croatia,0.007149363,False,False
WC2018,7545,Group Stage,2,90,0,Argentina,0.07852001,False,False
WC2018,7545,Group Stage,2,90,40,Croatia,0.10333694,False,True
WC2018,7545,Group Stage,2,90,45,Croatia,0.43328673,True,True
WC2018,7585,Round of 16,1,5,22,England,0.009816105,False,True
WC2018,7585,Round of 16,1,7,6,England,0.03820353,False,False
WC2018,7585,Round of 16,1,12,40,England,0.045127578,False,False
WC2018,7585,Round of 16,1,15,28,England,0.6250739,False,False
WC2018,7585,Round of 16,1,21,53,Colombia,0.021760419,False,False
WC2018,7585,Round of 16,1,21,59,Colombia,0.0061799968,False,False
WC2018,7585,Round of 16,1,30,14,England,0.06310501,False,False
WC2018,7585,Round of 16,1,32,44,Colombia,0.02860382,False,False
WC2018,7585,Round of 16,1,41,16,England,0.0893018,False,False
WC2018,7585,Round of 16,1,44,18,England,0.008124489,False,False
WC2018,7585,Round of 16,1,46,14,Colombia,0.030466357,False,True
WC2018,7585,Round of 16,1,46,47,England,0.06307399,False,False
WC2018,7585,Round of 16,2,56,54,England,0.7835,True,True
WC2018,7585,Round of 16,2,58,47,Colombia,0.0063226367,False,False
WC2018,7585,Round of 16,2,62,19,England,0.10895206,False,False
WC2018,7585,Round of 16,2,72,37,England,0.059315044,False,False
WC2018,7585,Round of 16,2,80,58,Colombia,0.079690136,False,False
WC2018,7585,Round of 16,2,83,26,England,0.089014076,False,False
WC2018,7585,Round of 16,2,84,57,Colombia,0.12324874,False,False
WC2018,7585,Round of 16,2,85,7,Colombia,0.09918101,False,False
WC2018,7585,Round of 16,2,86,36,Colombia,0.02089629,False,True
WC2018,7585,Round of 16,2,91,59,Colombia,0.00644605,False,True
WC2018,7585,Round of 16,2,92,32,Colombia,0.1694467,True,True
WC2018,7585,Round of 16,3,100,18,Colombia,0.06629666,False,False
WC2018,7585,Round of 16,3,101,1,Colombia,0.0617387,False,False
WC2018,7585,Round of 16,3,103,6,Colombia,0.1108727,False,False
WC2018,7585,Round of 16,4,105,9,England,0.04739213,False,False
WC2018,7585,Round of 16,4,107,1,England,0.013426386,False,False
WC2018,7585,Round of 16,4,111,51,England,0.01549221,False,False
WC2018,7585,Round of 16,4,114,6,England,0.11420015,False,False
WC2018,7585,Round of 16,4,118,28,England,0.07117139,False,False
WC2018,7585,Round of 16,5,120,14,Colombia,0.7835,True,True
WC2018,7585,Round of 16,5,121,0,England,0.7835,True,True
WC2018,7585,Round of 16,5,121,46,Colombia,0.7835,True,True
WC2018,7585,Round of 16,5,122,29,England,0.7835,True,True
WC2018,7585,Round of 16,5,123,13,Colombia,0.7835,True,True
WC2018,7585,Round of 16,5,123,58,England,0.7835,False,True
WC2018,7585,Round of 16,5,124,50,Colombia,0.7835,False,False
WC2018,7585,Round of 16,5,125,37,England,0.7835,True,True
WC2018,7585,Round of 16,5,126,25,Colombia,0.7835,False,True
WC2018,7585,Round of 16,5,127,14,England,0.7835,True,True
WC2018,7569,Group Stage,1,6,50,Tunisia,0.12016924,False,False
WC2018,7569,Group Stage,1,6,52,Tunisia,0.18272044,False,False
WC2018,7569,Group Stage,1,8,22,Panama,0.006804785,False,False
WC2018,7569,Group Stage,1,8,56,Tunisia,0.056628663,False,False
WC2018,7569,Group Stage,1,10,7,Panama,0.15354061,False,False
WC2018,7569,Group Stage,1,15,52,Tunisia,0.048992414,False,False
WC2018,7569,Group Stage,1,20,51,Tunisia,0.07830034,False,True
WC2018,7569,Group Stage,1,32,26,Panama,0.0069125295,False,True
WC2018,7569,Group Stage,1,32,32,Panama,0.064090684,False,False
WC2018,7569,Group Stage,1,32,38,Panama,0.03133579,False,False
WC2018,7569,Group Stage,1,38,8,Tunisia,0.30306762,False,False
WC2018,7569,Group Stage,1,40,37,Tunisia,0.048267953,False,False
WC2018,7569,Group Stage,1,45,17,Tunisia,0.04845559,False,False
WC2018,7569,Group Stage,1,45,18,Tunisia,0.05502656,False,True
WC2018,7569,Group Stage,2,50,16,Tunisia,0.55791056,True,True
WC2018,7569,Group Stage,2,52,45,Tunisia,0.40925014,False,True
WC2018,7569,Group Stage,2,55,9,Tunisia,0.08575495,False,False
WC2018,7569,Group Stage,2,56,46,Tunisia,0.060271066,False,False
WC2018,7569,Group Stage,2,61,28,Tunisia,0.034605168,False,True
WC2018,7569,Group Stage,2,62,29,Panama,0.19272226,False,True
WC2018,7569,Group Stage,2,65,21,Tunisia,0.7630343,True,True
WC2018,7569,Group Stage,2,69,53,Panama,0.07895462,False,True
WC2018,7569,Group Stage,2,92,36,Panama,0.10425556,False,False
WC2018,7569,Group Stage,2,95,20,Panama,0.052178748,False,True
WC2018,7572,Group Stage,1,11,54,Japan,0.18346742,False,False
WC2018,7572,Group Stage,1,12,46,Japan,0.059056483,False,True
WC2018,7572,Group Stage,1,14,54,Poland,0.054395676,False,False
WC2018,7572,Group Stage,1,15,15,Japan,0.062735535,False,True
WC2018,7572,Group Stage,1,22,54,Poland,0.044366844,False,False
WC2018,7572,Group Stage,1,31,50,Poland,0.13426797,False,True
WC2018,7572,Group Stage,1,32,32,Poland,0.006573843,False,False
WC2018,7572,Group Stage,1,34,7,Japan,0.011623721,False,True
WC2018,7572,Group Stage,1,36,56,Poland,0.061134342,False,False
WC2018,7572,Group Stage,1,40,31,Japan,0.07206442,False,False
WC2018,7572,Group Stage,2,52,39,Japan,0.04554054,False,False
WC2018,7572,Group Stage,2,57,25,Japan,0.10740796,False,False
WC2018,7572,Group Stage,2,57,28,Japan,0.12342296,False,False
WC2018,7572,Group Stage,2,58,55,Poland,0.20855306,True,True
WC2018,7572,Group Stage,2,61,45,Japan,0.11634326,False,False
WC2018,7572,Group Stage,2,63,12,Poland,0.039988436,False,False
WC2018,7572,Group Stage,2,67,19,Poland,0.09800385,False,False
WC2018,7572,Group Stage,2,69,6,Japan,0.0072147795,False,False
WC2018,7572,Group Stage,2,71,45,Japan,0.1017525,False,False
WC2018,7572,Group Stage,2,73,28,Poland,0.26756054,False,False
WC2018,7572,Group Stage,2,77,35,Poland,0.06256303,False,False
WC2018,7572,Group Stage,2,81,26,Poland,0.06330646,False,False
WC2018,7561,Group Stage,1,18,57,Croatia,0.060011856,False,False
WC2018,7561,Group Stage,1,27,50,Iceland,0.0732138,False,False
WC2018,7561,Group Stage,1,30,27,Iceland,0.007674473,False,True
WC2018,7561,Group Stage,1,33,33,Iceland,0.06737653,False,False
WC2018,7561,Group Stage,1,33,35,Iceland,0.0741302,False,False
WC2018,7561,Group Stage,1,36,20,Croatia,0.040457163,False,False
WC2018,7561,Group Stage,1,39,4,Croatia,0.027670745,False,False
WC2018,7561,Group Stage,1,39,51,Iceland,0.13476612,False,False
WC2018,7561,Group Stage,1,40,57,Croatia,0.02248241,False,False
WC2018,7561,Group Stage,1,43,34,Iceland,0.0148026515,False,False
WC2018,7561,Group Stage,1,45,4,Iceland,0.12390236,False,True
WC2018,7561,Group Stage,1,46,44,Iceland,0.032808866,False,True
WC2018,7561,Group Stage,2,50,56,Croatia,0.02910992,False,False
WC2018,7561,Group Stage,2,52,32,Croatia,0.15725932,True,True
WC2018,7561,Group Stage,2,54,20,Iceland,0.094022386,False,False
WC2018,7561,Group Stage,2,54,22,Iceland,0.14512381,False,True
WC2018,7561,Group Stage,2,55,20,Iceland,0.08829386,False,False
WC2018,7561,Group Stage,2,56,5,Iceland,0.010740825,False,False
WC2018,7561,Group Stage,2,65,8,Iceland,0.009020671,False,False
WC2018,7561,Group Stage,2,65,59,Croatia,0.02832047,False,False
WC2018,7561,Group Stage,2,72,3,Iceland,0.27502066,False,False
WC2018,7561,Group Stage,2,73,32,Croatia,0.009257236,False,False
WC2018,7561,Group Stage,2,75,9,Iceland,0.7835,True,True
WC2018,7561,Group Stage,2,76,1,Iceland,0.008520809,False,True
WC2018,7561,Group Stage,2,84,21,Croatia,0.03921014,False,False
WC2018,7561,Group Stage,2,87,18,Croatia,0.008552793,False,False
WC2018,7561,Group Stage,2,88,6,Croatia,0.07215265,False,False
WC2018,7561,Group Stage,2,89,43,Croatia,0.124663696,True,True
WC2018,7561,Group Stage,2,91,11,Croatia,0.054780398,False,False
WC2018,7561,Group Stage,2,93,38,Iceland,0.18976888,False,False
WC2018,7540,Group Stage,1,4,38,Russia,0.01924025,False,False
WC2018,7540,Group Stage,1,5,17,Russia,0.11243659,False,True
WC2018,7540,Group Stage,1,5,32,Russia,0.054492563,False,False
WC2018,7540,Group Stage,1,12,57,Russia,0.029840613,False,False
WC2018,7540,Group Stage,1,14,8,Egypt,0.110154584,False,False
WC2018,7540,Group Stage,1,15,24,Egypt,0.02676571,False,False
WC2018,7540,Group Stage,1,18,12,Russia,0.021579333,False,False
WC2018,7540,Group Stage,1,22,58,Russia,0.01850139,False,False
WC2018,7540,Group Stage,1,24,8,Egypt,0.03949043,False,False
WC2018,7540,Group Stage,1,33,45,Egypt,0.012645621,False,False
WC2018,7540,Group Stage,1,34,30,Egypt,0.10735543,False,False
WC2018,7540,Group Stage,1,38,17,Russia,0.016148616,False,False
WC2018,7540,Group Stage,1,38,38,Egypt,0.13225357,False,True
WC2018,7540,Group Stage,1,40,20,Russia,0.093272045,False,False
WC2018,7540,Group Stage,1,41,5,Egypt,0.06451939,False,False
WC2018,7540,Group Stage,2,46,30,Russia,0.023341442,False,False
WC2018,7540,Group Stage,2,55,27,Egypt,0.13687143,False,False
WC2018,7540,Group Stage,2,58,37,Russia,0.112002075,True,True
WC2018,7540,Group Stage,2,61,9,Russia,0.24069965,True,True
WC2018,7540,Group Stage,2,62,52,Egypt,0.06319924,False,False
WC2018,7540,Group Stage,2,66,47,Egypt,0.09748146,False,False
WC2018,7540,Group Stage,2,69,36,Egypt,0.02183278,False,False
WC2018,7540,Group Stage,2,72,40,Egypt,0.7835,True,True
WC2018,7540,Group Stage,2,74,40,Russia,0.23959623,False,True
WC2018,7540,Group Stage,2,87,16,Egypt,0.060671132,False,False
WC2018,7540,Group Stage,2,89,48,Egypt,0.014450283,False,False
WC2018,7540,Group Stage,2,93,2,Egypt,0.026327193,False,False
WC2018,7531,Group Stage,1,0,13,Iceland,0.023992069,False,False
WC2018,7531,Group Stage,1,4,0,Argentina,0.16911486,False,False
WC2018,7531,Group Stage,1,7,48,Argentina,0.08400753,False,False
WC2018,7531,Group Stage,1,8,28,Iceland,0.012627738,False,False
WC2018,7531,Group Stage,1,8,57,Iceland,0.03494443,False,False
WC2018,7531,Group Stage,1,8,58,Iceland,0.31297603,False,False
WC2018,7531,Group Stage,1,12,37,Argentina,0.010176116,False,False
WC2018,7531,Group Stage,1,16,34,Argentina,0.03815293,False,True
WC2018,7531,Group Stage,1,18,33,Argentina,0.0062765433,False,False
WC2018,7531,Group Stage,1,18,36,Argentina,0.07673583,True,True
WC2018,7531,Group Stage,1,20,51,Argentina,0.019393038,False,True
WC2018,7531,Group Stage,1,22,39,Iceland,0.23878485,False,False
WC2018,7531,Group Stage,1,22,49,Iceland,0.28817946,True,True
WC2018,7531,Group Stage,1,26,59,Argentina,0.06255798,False,False
WC2018,7531,Group Stage,1,27,23,Argentina,0.06963823,False,True
WC2018,7531,Group Stage,1,32,8,Argentina,0.027525058,False,False
WC2018,7531,Group Stage,1,38,7,Argentina,0.01300174,False,False
WC2018,7531,Group Stage,1,41,39,Argentina,0.106955945,False,False
WC2018,7531,Group Stage,1,44,27,Iceland,0.053129368,False,True
WC2018,7531,Group Stage,1,45,5,Iceland,0.055793043,False,False
WC2018,7531,Group Stage,2,47,30,Argentina,0.11763951,False,False
WC2018,7531,Group Stage,2,49,49,Iceland,0.0116975065,False,False
WC2018,7531,Group Stage,2,55,38,Argentina,0.08008037,False,False
WC2018,7531,Group Stage,2,56,10,Argentina,0.030517573,False,False
WC2018,7531,Group Stage,2,58,42,Argentina,0.069268815,False,False
WC2018,7531,Group Stage,2,63,7,Argentina,0.7835,False,True
WC2018,7531,Group Stage,2,63,59,Argentina,0.019748092,False,False
WC2018,7531,Group Stage,2,65,52,Argentina,0.0077727404,False,False
WC2018,7531,Group Stage,2,69,28,Argentina,0.030180966,False,False
WC2018,7531,Group Stage,2,70,54,Argentina,0.009970189,False,True
WC2018,7531,Group Stage,2,72,39,Argentina,0.008096782,False,False
WC2018,7531,Group Stage,2,80,50,Argentina,0.04472891,False,False
WC2018,7531,Group Stage,2,82,54,Argentina,0.029067878,False,False
WC2018,7531,Group Stage,2,83,21,Argentina,0.05503503,False,False
WC2018,7531,Group Stage,2,87,12,Argentina,0.01982028,False,True
WC2018,7531,Group Stage,2,91,53,Argentina,0.048534878,False,False
WC2018,7531,Group Stage,2,94,57,Argentina,0.043020435,False,False
WC2018,7570,Group Stage,1,5,46,Belgium,0.022962598,False,True
WC2018,7570,Group Stage,1,9,2,Belgium,0.25720772,False,False
WC2018,7570,Group Stage,1,11,10,England,0.006949785,False,False
WC2018,7570,Group Stage,1,13,4,England,0.17350295,False,False
WC2018,7570,Group Stage,1,26,3,Belgium,0.037858445,False,False
WC2018,7570,Group Stage,1,26,41,Belgium,0.068467006,False,False
WC2018,7570,Group Stage,1,26,50,Belgium,0.019955475,False,False
WC2018,7570,Group Stage,1,33,50,England,0.08550697,False,False
WC2018,7570,Group Stage,1,34,36,Belgium,0.024078226,False,False
WC2018,7570,Group Stage,1,35,11,Belgium,0.10147972,False,False
WC2018,7570,Group Stage,1,35,47,England,0.07114903,False,False
WC2018,7570,Group Stage,1,37,0,Belgium,0.054440886,False,False
WC2018,7570,Group Stage,1,39,2,Belgium,0.0480227,False,False
WC2018,7570,Group Stage,2,47,51,England,0.07081192,False,False
WC2018,7570,Group Stage,2,50,3,Belgium,0.07781259,True,True
WC2018,7570,Group Stage,2,53,19,England,0.06266041,False,False
WC2018,7570,Group Stage,2,54,48,Belgium,0.06467166,False,False
WC2018,7570,Group Stage,2,65,35,England,0.46036732,False,True
WC2018,7570,Group Stage,2,66,38,England,0.0065541323,False,False
WC2018,7570,Group Stage,2,69,52,England,0.055591382,False,False
WC2018,7570,Group Stage,2,80,24,England,0.01720768,False,False
WC2018,7570,Group Stage,2,82,24,England,0.07303211,False,False
WC2018,7570,Group Stage,2,86,58,England,0.11735268,False,False
WC2018,7570,Group Stage,2,88,3,Belgium,0.05145745,False,True
WC2018,7570,Group Stage,2,88,12,Belgium,0.049130097,False,False
WC2018,7570,Group Stage,2,91,28,Belgium,0.08778975,False,False
WC2018,7586,Round of 16,1,0,12,Switzerland,0.0066578025,False,False
WC2018,7586,Round of 16,1,6,49,Switzerland,0.018274585,False,True
WC2018,7586,Round of 16,1,7,18,Sweden,0.053133797,False,False
WC2018,7586,Round of 16,1,7,58,Sweden,0.13240822,False,False
WC2018,7586,Round of 16,1,8,4,Sweden,0.064965196,False,False
WC2018,7586,Round of 16,1,13,16,Sweden,0.020048771,False,False
WC2018,7586,Round of 16,1,23,19,Switzerland,0.057390075,False,False
WC2018,7586,Round of 16,1,27,54,Sweden,0.076549776,False,True
WC2018,7586,Round of 16,1,33,12,Switzerland,0.006197928,False,False
WC2018,7586,Round of 16,1,35,47,Switzerland,0.008389957,False,False
WC2018,7586,Round of 16,1,37,56,Switzerland,0.059255723,False,False
WC2018,7586,Round of 16,1,39,33,Sweden,0.02941522,False,False
WC2018,7586,Round of 16,1,40,30,Sweden,0.16979344,False,False
WC2018,7586,Round of 16,2,48,49,Sweden,0.126767,False,False
WC2018,7586,Round of 16,2,52,19,Switzerland,0.017152697,False,False
WC2018,7586,Round of 16,2,63,18,Sweden,0.008370536,False,False
WC2018,7586,Round of 16,2,65,52,Sweden,0.0959111,True,True
WC2018,7586,Round of 16,2,68,28,Sweden,0.026191495,False,False
WC2018,7586,Round of 16,2,68,47,Switzerland,0.009722147,False,True
WC2018,7586,Round of 16,2,70,43,Switzerland,0.025396068,False,False
WC2018,7586,Round of 16,2,71,44,Switzerland,0.019179972,False,False
WC2018,7586,Round of 16,2,77,53,Switzerland,0.01532167,False,False
WC2018,7586,Round of 16,2,78,19,Switzerland,0.054058094,False,False
WC2018,7586,Round of 16,2,78,56,Switzerland,0.07843667,False,False
WC2018,7586,Round of 16,2,85,11,Switzerland,0.040360313,False,False
WC2018,7586,Round of 16,2,85,28,Switzerland,0.057245187,False,False
WC2018,7586,Round of 16,2,90,43,Switzerland,0.05994916,False,True
WC2018,7586,Round of 16,2,96,12,Sweden,0.10691146,False,True
WC2018,7557,Group Stage,1,2,28,Portugal,0.08121445,False,True
WC2018,7557,Group Stage,1,6,28,Iran,0.037193935,False,False
WC2018,7557,Group Stage,1,8,32,Portugal,0.1189627,False,False
WC2018,7557,Group Stage,1,15,55,Portugal,0.040589333,False,False
WC2018,7557,Group Stage,1,16,37,Portugal,0.07572546,False,False
WC2018,7557,Group Stage,1,17,30,Portugal,0.10350718,False,False
WC2018,7557,Group Stage,1,18,43,Portugal,0.09211938,False,False
WC2018,7557,Group Stage,1,21,11,Iran,0.00943477,False,False
WC2018,7557,Group Stage,1,29,15,Portugal,0.047731504,False,False
WC2018,7557,Group Stage,1,33,33,Iran,0.16871624,False,True
WC2018,7557,Group Stage,1,39,11,Portugal,0.0063647768,False,True
WC2018,7557,Group Stage,1,40,58,Portugal,0.0343897,False,False
WC2018,7557,Group Stage,1,44,19,Portugal,0.019847075,True,True
WC2018,7557,Group Stage,2,52,22,Portugal,0.7835,False,True
WC2018,7557,Group Stage,2,57,47,Iran,0.13161746,False,False
WC2018,7557,Group Stage,2,61,10,Portugal,0.03069333,False,False
WC2018,7557,Group Stage,2,65,33,Portugal,0.035576884,False,False
WC2018,7557,Group Stage,2,70,51,Portugal,0.022153322,False,False
WC2018,7557,Group Stage,2,71,39,Iran,0.069136985,False,False
WC2018,7557,Group Stage,2,76,43,Portugal,0.03004273,False,False
WC2018,7557,Group Stage,2,88,52,Iran,0.08758336,False,False
WC2018,7557,Group Stage,2,92,47,Iran,0.7835,True,True
WC2018,7557,Group Stage,2,93,51,Iran,0.038286034,False,False
WC2018,7557,Group Stage,2,93,53,Iran,0.25150082,False,False
WC2018,7542,Group Stage,1,1,2,Morocco,0.077987716,False,False
WC2018,7542,Group Stage,1,3,32,Portugal,0.022848671,False,False
WC2018,7542,Group Stage,1,3,55,Portugal,0.18227948,True,True
WC2018,7542,Group Stage,1,8,26,Portugal,0.04095015,False,False
WC2018,7542,Group Stage,1,10,57,Morocco,0.08036203,False,True
WC2018,7542,Group Stage,1,13,32,Morocco,0.0881195,False,False
WC2018,7542,Group Stage,1,17,14,Morocco,0.05608462,False,False
WC2018,7542,Group Stage,1,22,7,Morocco,0.013198647,False,True
WC2018,7542,Group Stage,1,29,53,Morocco,0.22690645,False,False
WC2018,7542,Group Stage,1,31,30,Portugal,0.082563296,False,False
WC2018,7542,Group Stage,1,33,32,Morocco,0.0058760555,False,False
WC2018,7542,Group Stage,1,38,50,Portugal,0.20104031,False,True
WC2018,7542,Group Stage,1,46,33,Morocco,0.117750056,False,False
WC2018,7542,Group Stage,2,47,9,Portugal,0.081678025,False,False
WC2018,7542,Group Stage,2,50,22,Portugal,0.069918275,False,False
WC2018,7542,Group Stage,2,50,24,Portugal,0.05287904,False,False
WC2018,7542,Group Stage,2,54,47,Morocco,0.041491136,False,True
WC2018,7542,Group Stage,2,56,7,Morocco,0.113801956,False,True
WC2018,7542,Group Stage,2,59,56,Morocco,0.13597772,False,False
WC2018,7542,Group Stage,2,63,49,Morocco,0.084413245,False,False
WC2018,7542,Group Stage,2,67,26,Morocco,0.042571124,False,False
WC2018,7542,Group Stage,2,70,49,Portugal,0.006081588,False,False
WC2018,7542,Group Stage,2,77,55,Morocco,0.15676288,False,False
WC2018,7542,Group Stage,2,80,20,Morocco,0.006087828,False,False
WC2018,7542,Group Stage,2,81,44,Portugal,0.03569857,False,False
WC2018,7542,Group Stage,2,84,19,Portugal,0.101404436,False,False
WC2018,7542,Group Stage,2,89,43,Morocco,0.07717339,False,False
WC2018,7542,Group Stage,2,92,18,Morocco,0.13053852,False,False
WC2018,7542,Group Stage,2,94,43,Portugal,0.007644402,False,False
WC2018,8656,Semi-finals,1,4,46,England,0.087601066,True,True
WC2018,8656,Semi-finals,1,13,41,England,0.06737803,False,False
WC2018,8656,Semi-finals,1,18,18,Croatia,0.009048959,False,False
WC2018,8656,Semi-finals,1,20,3,Croatia,0.062660925,False,False
WC2018,8656,Semi-finals,1,22,22,Croatia,0.0076604215,False,False
WC2018,8656,Semi-finals,1,31,2,Croatia,0.052557826,False,True
WC2018,8656,Semi-finals,1,35,3,England,0.07025741,False,False
WC2018,8656,Semi-finals,1,36,39,England,0.044552676,False,False
WC2018,8656,Semi-finals,1,42,33,Croatia,0.014083298,False,False
WC2018,8656,Semi-finals,2,55,18,England,0.07605162,False,False
WC2018,8656,Semi-finals,2,60,2,Croatia,0.030502638,False,False
WC2018,8656,Semi-finals,2,64,25,Croatia,0.059572116,False,False
WC2018,8656,Semi-finals,2,66,56,England,0.012158659,False,False
WC2018,8656,Semi-finals,2,67,44,Croatia,0.20912401,True,True
WC2018,8656,Semi-finals,2,71,6,Croatia,0.15445817,False,False
WC2018,8656,Semi-finals,2,71,7,Croatia,0.33236027,False,True
WC2018,8656,Semi-finals,2,72,52,Croatia,0.030021574,False,False
WC2018,8656,Semi-finals,2,76,48,England,0.016519846,False,False
WC2018,8656,Semi-finals,2,77,35,England,0.03295447,False,False
WC2018,8656,Semi-finals,2,82,19,Croatia,0.071416385,False,True
WC2018,8656,Semi-finals,2,83,0,Croatia,0.034025826,False,False
WC2018,8656,Semi-finals,2,89,32,Croatia,0.006736835,False,False
WC2018,8656,Semi-finals,2,91,23,England,0.054013368,False,False
WC2018,8656,Semi-finals,3,97,29,England,0.020738635,False,False
WC2018,8656,Semi-finals,3,98,12,England,0.06443832,False,False
WC2018,8656,Semi-finals,3,101,22,Croatia,0.017686963,False,False
WC2018,8656,Semi-finals,3,105,42,Croatia,0.07233582,False,False
WC2018,8656,Semi-finals,3,106,26,Croatia,0.4161531,False,True
WC2018,8656,Semi-finals,4,107,2,Croatia,0.061426584,False,False
WC2018,8656,Semi-finals,4,108,3,Croatia,0.25109488,True,True
WC2018,8656,Semi-finals,4,113,40,Croatia,0.11611599,False,False
WC2018,8656,Semi-finals,4,115,34,Croatia,0.010755873,False,True
WC2018,8656,Semi-finals,4,119,24,Croatia,0.12152097,False,False
WC2018,7548,Group Stage,1,2,58,Brazil,0.036142077,False,False
WC2018,7548,Group Stage,1,6,12,Costa Rica,0.007548474,False,False
WC2018,7548,Group Stage,1,12,24,Costa Rica,0.09443319,False,False
WC2018,7548,Group Stage,1,14,23,Costa Rica,0.006780131,False,False
WC2018,7548,Group Stage,1,22,31,Brazil,0.032397527,False,False
WC2018,7548,Group Stage,1,25,41,Brazil,0.016899822,False,False
WC2018,7548,Group Stage,1,28,15,Brazil,0.0112173855,False,False
WC2018,7548,Group Stage,1,29,18,Brazil,0.008158741,False,False
WC2018,7548,Group Stage,1,33,19,Brazil,0.041545574,False,False
WC2018,7548,Group Stage,1,40,44,Brazil,0.0191676,False,True
WC2018,7548,Group Stage,2,47,27,Brazil,0.49476126,False,False
WC2018,7548,Group Stage,2,48,51,Brazil,0.19056164,False,False
WC2018,7548,Group Stage,2,48,58,Brazil,0.07274404,False,False
WC2018,7548,Group Stage,2,55,50,Brazil,0.18450306,False,True
WC2018,7548,Group Stage,2,57,14,Brazil,0.056714255,False,True
WC2018,7548,Group Stage,2,59,52,Costa Rica,0.04993162,False,False
WC2018,7548,Group Stage,2,60,17,Brazil,0.092250206,False,False
WC2018,7548,Group Stage,2,62,56,Brazil,0.030233286,False,True
WC2018,7548,Group Stage,2,68,59,Brazil,0.09530205,False,False
WC2018,7548,Group Stage,2,69,47,Brazil,0.102238975,False,True
WC2018,7548,Group Stage,2,71,34,Brazil,0.10716484,False,False
WC2018,7548,Group Stage,2,75,7,Brazil,0.03701403,False,False
WC2018,7548,Group Stage,2,84,37,Brazil,0.013194866,False,True
WC2018,7548,Group Stage,2,86,14,Brazil,0.036078174,False,True
WC2018,7548,Group Stage,2,90,23,Brazil,0.4204949,True,True
WC2018,7548,Group Stage,2,93,42,Brazil,0.15961349,False,False
WC2018,7548,Group Stage,2,96,45,Brazil,0.837965,True,True
WC2018,7578,Group Stage,1,7,53,Uruguay,0.060392763,False,True
WC2018,7578,Group Stage,1,11,0,Egypt,0.10038112,False,True
WC2018,7578,Group Stage,1,13,14,Uruguay,0.04369932,False,False
WC2018,7578,Group Stage,1,22,27,Uruguay,0.027233513,False,False
WC2018,7578,Group Stage,1,23,1,Uruguay,0.06760274,False,False
WC2018,7578,Group Stage,1,23,2,Uruguay,0.52513975,False,False
WC2018,7578,Group Stage,1,25,46,Egypt,0.056479577,False,True
WC2018,7578,Group Stage,1,28,43,Uruguay,0.005622683,False,False
WC2018,7578,Group Stage,1,31,31,Uruguay,0.027368054,False,False
WC2018,7578,Group Stage,1,42,40,Egypt,0.07929382,False,False
WC2018,7578,Group Stage,1,45,54,Egypt,0.019357108,False,False
WC2018,7578,Group Stage,2,45,51,Uruguay,0.20541766,False,True
WC2018,7578,Group Stage,2,55,15,Egypt,0.009718898,False,False
WC2018,7578,Group Stage,2,67,31,Uruguay,0.031815737,False,False
WC2018,7578,Group Stage,2,69,35,Uruguay,0.069045424,False,False
WC2018,7578,Group Stage,2,71,51,Egypt,0.008270875,False,True
WC2018,7578,Group Stage,2,80,52,Egypt,0.06409918,False,False
WC2018,7578,Group Stage,2,82,30,Uruguay,0.058034446,False,True
WC2018,7578,Group Stage,2,82,50,Uruguay,0.07687706,False,False
WC2018,7578,Group Stage,2,84,16,Uruguay,0.0793723,False,False
WC2018,7578,Group Stage,2,87,46,Uruguay,0.011360643,False,False
WC2018,7578,Group Stage,2,87,48,Uruguay,0.5580403,False,False
WC2018,7578,Group Stage,2,88,59,Uruguay,0.0937962,True,True
WC2018,7578,Group Stage,2,94,45,Egypt,0.026887877,False,False
WC2018,7553,Group Stage,1,7,8,Mexico,0.108760424,False,False
WC2018,7553,Group Stage,1,11,34,Mexico,0.05888787,False,False
WC2018,7553,Group Stage,1,16,21,Mexico,0.055134527,False,True
WC2018,7553,Group Stage,1,21,12,South Korea,0.08637872,False,False
WC2018,7553,Group Stage,1,21,14,South Korea,0.08545184,False,False
WC2018,7553,Group Stage,1,21,18,South Korea,0.043937247,False,False
WC2018,7553,Group Stage,1,22,15,South Korea,0.06718748,False,True
WC2018,7553,Group Stage,1,25,22,Mexico,0.7835,True,True
WC2018,7553,Group Stage,1,27,9,Mexico,0.09150781,False,True
WC2018,7553,Group Stage,1,30,50,South Korea,0.026791243,False,False
WC2018,7553,Group Stage,1,38,34,South Korea,0.031374734,False,True
WC2018,7553,Group Stage,1,42,31,Mexico,0.07445391,False,False
WC2018,7553,Group Stage,1,44,18,South Korea,0.018994939,False,False
WC2018,7553,Group Stage,1,44,21,South Korea,0.0442519,False,False
WC2018,7553,Group Stage,2,49,58,Mexico,0.026885381,False,False
WC2018,7553,Group Stage,2,51,2,Mexico,0.037323274,False,False
WC2018,7553,Group Stage,2,51,47,South Korea,0.1644079,False,False
WC2018,7553,Group Stage,2,52,39,South Korea,0.005266859,False,True
WC2018,7553,Group Stage,2,55,41,South Korea,0.008576281,False,True
WC2018,7553,Group Stage,2,57,39,Mexico,0.04806095,False,False
WC2018,7553,Group Stage,2,57,42,Mexico,0.09060148,False,True
WC2018,7553,Group Stage,2,59,50,Mexico,0.19791076,False,False
WC2018,7553,Group Stage,2,60,58,South Korea,0.08345764,False,False
WC2018,7553,Group Stage,2,61,25,Mexico,0.019312114,False,False
WC2018,7553,Group Stage,2,65,24,Mexico,0.25309914,True,True
WC2018,7553,Group Stage,2,69,6,South Korea,0.049417518,False,True
WC2018,7553,Group Stage,2,73,2,South Korea,0.009588097,False,False
WC2018,7553,Group Stage,2,81,40,South Korea,0.021833424,False,False
WC2018,7553,Group Stage,2,87,43,South Korea,0.05194924,False,False
WC2018,7553,Group Stage,2,91,34,Mexico,0.03211408,False,False
WC2018,7553,Group Stage,2,92,6,South Korea,0.02292819,True,True
WC2018,7536,Group Stage,1,0,40,Belgium,0.0747409,False,False
WC2018,7536,Group Stage,1,3,15,Panama,0.016566036,False,False
WC2018,7536,Group Stage,1,5,49,Belgium,0.0327767,False,True
WC2018,7536,Group Stage,1,6,20,Belgium,0.06243627,False,True
WC2018,7536,Group Stage,1,11,1,Belgium,0.02878628,False,False
WC2018,7536,Group Stage,1,18,11,Belgium,0.016349373,False,False
WC2018,7536,Group Stage,1,21,14,Belgium,0.014519094,False,False
WC2018,7536,Group Stage,1,25,6,Belgium,0.031556185,False,False
WC2018,7536,Group Stage,1,37,2,Belgium,0.0654758,False,True
WC2018,7536,Group Stage,1,38,33,Panama,0.07518605,False,False
WC2018,7536,Group Stage,1,40,0,Belgium,0.04146307,False,False
WC2018,7536,Group Stage,1,41,18,Panama,0.023121053,False,False
WC2018,7536,Group Stage,2,46,40,Belgium,0.009998361,True,True
WC2018,7536,Group Stage,2,51,41,Belgium,0.044222042,False,False
WC2018,7536,Group Stage,2,53,58,Panama,0.34641263,False,True
WC2018,7536,Group Stage,2,54,41,Panama,0.09954064,False,False
WC2018,7536,Group Stage,2,57,39,Panama,0.055223983,False,False
WC2018,7536,Group Stage,2,64,54,Belgium,0.06298261,False,False
WC2018,7536,Group Stage,2,68,11,Belgium,0.33809787,True,True
WC2018,7536,Group Stage,2,74,40,Belgium,0.33248875,True,True
WC2018,7536,Group Stage,2,82,23,Belgium,0.05616185,False,False
WC2018,7536,Group Stage,2,88,48,Panama,0.009304588,False,True
WC2018,7555,Group Stage,1,1,0,Poland,0.009801016,False,False
WC2018,7555,Group Stage,1,4,16,Poland,0.2728475,False,False
WC2018,7555,Group Stage,1,14,48,Colombia,0.017330227,False,False
WC2018,7555,Group Stage,1,17,41,Poland,0.02723293,False,False
WC2018,7555,Group Stage,1,34,8,Colombia,0.006297056,False,False
WC2018,7555,Group Stage,1,39,3,Colombia,0.54294956,True,True
WC2018,7555,Group Stage,2,46,12,Poland,0.0516608,False,False
WC2018,7555,Group Stage,2,48,26,Poland,0.08806232,False,False
WC2018,7555,Group Stage,2,50,26,Colombia,0.006554862,False,False
WC2018,7555,Group Stage,2,50,59,Colombia,0.05552095,False,False
WC2018,7555,Group Stage,2,52,6,Colombia,0.054039653,False,False
WC2018,7555,Group Stage,2,55,33,Colombia,0.0645288,False,False
WC2018,7555,Group Stage,2,56,14,Colombia,0.013328942,False,False
WC2018,7555,Group Stage,2,57,48,Poland,0.20361854,False,True
WC2018,7555,Group Stage,2,65,57,Poland,0.1499422,False,False
WC2018,7555,Group Stage,2,69,2,Colombia,0.31125227,True,True
WC2018,7555,Group Stage,2,73,5,Poland,0.021134824,False,False
WC2018,7555,Group Stage,2,74,42,Colombia,0.19299302,True,True
WC2018,7555,Group Stage,2,80,8,Poland,0.06877008,False,False
WC2018,7555,Group Stage,2,80,9,Poland,0.20201232,False,False
WC2018,7555,Group Stage,2,83,45,Colombia,0.09850289,False,False
WC2018,7555,Group Stage,2,84,54,Colombia,0.0061194333,False,False
WC2018,7555,Group Stage,2,87,52,Poland,0.019115308,False,True
WC2018,7555,Group Stage,2,89,1,Colombia,0.017525094,False,False
WC2018,7576,Group Stage,1,3,28,Portugal,0.7835,True,True
WC2018,7576,Group Stage,1,9,6,Spain,0.17203248,False,False
WC2018,7576,Group Stage,1,15,59,Portugal,0.023871757,False,False
WC2018,7576,Group Stage,1,17,53,Portugal,0.008962571,False,False
WC2018,7576,Group Stage,1,20,44,Spain,0.077663854,False,False
WC2018,7576,Group Stage,1,23,2,Spain,0.07830886,True,True
WC2018,7576,Group Stage,1,25,17,Spain,0.0092897555,False,False
WC2018,7576,Group Stage,1,28,26,Spain,0.05749292,False,False
WC2018,7576,Group Stage,1,34,15,Spain,0.073567346,False,False
WC2018,7576,Group Stage,1,38,24,Spain,0.10047825,False,False
WC2018,7576,Group Stage,1,41,48,Spain,0.02509576,False,True
WC2018,7576,Group Stage,1,43,36,Portugal,0.08400426,True,True
WC2018,7576,Group Stage,2,48,53,Portugal,0.02081828,False,False
WC2018,7576,Group Stage,2,54,2,Spain,0.79165405,True,True
WC2018,7576,Group Stage,2,57,21,Spain,0.035519395,True,True
WC2018,7576,Group Stage,2,70,8,Spain,0.17698126,False,False
WC2018,7576,Group Stage,2,71,14,Portugal,0.14278555,False,False
WC2018,7576,Group Stage,2,75,25,Portugal,0.007522316,False,False
WC2018,7576,Group Stage,2,81,55,Spain,0.06286274,False,True
WC2018,7576,Group Stage,2,87,2,Portugal,0.08682875,True,True
WC2018,7576,Group Stage,2,91,15,Portugal,0.087241955,False,False
WC2018,7576,Group Stage,2,91,41,Portugal,0.18906035,False,False
WC2018,7565,Group Stage,1,1,37,Brazil,0.08790639,False,False
WC2018,7565,Group Stage,1,3,12,Brazil,0.09553115,False,True
WC2018,7565,Group Stage,1,13,44,Serbia,0.03160092,False,False
WC2018,7565,Group Stage,1,14,11,Serbia,0.071207,False,False
WC2018,7565,Group Stage,1,24,21,Brazil,0.055385347,False,True
WC2018,7565,Group Stage,1,28,42,Brazil,0.15078197,False,False
WC2018,7565,Group Stage,1,33,10,Serbia,0.10374196,False,False
WC2018,7565,Group Stage,1,34,58,Brazil,0.31224898,True,True
WC2018,7565,Group Stage,1,39,34,Serbia,0.032582965,False,False
WC2018,7565,Group Stage,1,45,52,Brazil,0.010284821,False,False
WC2018,7565,Group Stage,2,54,6,Serbia,0.031538606,False,False
WC2018,7565,Group Stage,2,56,19,Brazil,0.12364933,False,True
WC2018,7565,Group Stage,2,60,19,Serbia,0.28301764,False,False
WC2018,7565,Group Stage,2,62,28,Serbia,0.05241559,False,False
WC2018,7565,Group Stage,2,64,30,Serbia,0.12310901,False,True
WC2018,7565,Group Stage,2,67,18,Brazil,0.17739391,True,True
WC2018,7565,Group Stage,2,69,39,Brazil,0.052411966,False,False
WC2018,7565,Group Stage,2,70,30,Brazil,0.03148136,False,True
WC2018,7565,Group Stage,2,72,12,Brazil,0.059994984,False,False
WC2018,7565,Group Stage,2,77,47,Brazil,0.006776994,False,False
WC2018,7565,Group Stage,2,78,49,Serbia,0.12900412,False,False
WC2018,7565,Group Stage,2,82,5,Brazil,0.0904818,False,False
WC2018,7565,Group Stage,2,86,52,Serbia,0.081434235,False,False
WC2018,7565,Group Stage,2,88,1,Brazil,0.07397224,False,False
WC2018,7565,Group Stage,2,91,14,Serbia,0.008667415,False,False
WC2018,7565,Group Stage,2,92,39,Brazil,0.09150794,False,True
WC2018,7551,Group Stage,1,2,0,Germany,0.2657264,False,False
WC2018,7551,Group Stage,1,2,47,Germany,0.061157048,False,False
WC2018,7551,Group Stage,1,11,57,Sweden,0.36402932,False,True
WC2018,7551,Group Stage,1,15,48,Germany,0.025292808,False,False
WC2018,7551,Group Stage,1,17,25,Sweden,0.08216722,False,False
WC2018,7551,Group Stage,1,18,19,Germany,0.027065128,False,False
WC2018,7551,Group Stage,1,31,44,Sweden,0.10376687,True,True
WC2018,7551,Group Stage,1,38,47,Germany,0.021909917,False,True
WC2018,7551,Group Stage,1,44,39,Germany,0.008810984,False,False
WC2018,7551,Group Stage,1,46,51,Sweden,0.113480166,False,True
WC2018,7551,Group Stage,2,47,28,Germany,0.16725664,True,True
WC2018,7551,Group Stage,2,48,25,Germany,0.03777922,False,False
WC2018,7551,Group Stage,2,50,10,Germany,0.052033167,False,False
WC2018,7551,Group Stage,2,55,57,Germany,0.12256524,False,True
WC2018,7551,Group Stage,2,62,47,Germany,0.0749021,False,False
WC2018,7551,Group Stage,2,64,21,Germany,0.02860656,False,False
WC2018,7551,Group Stage,2,72,15,Germany,0.017588291,False,False
WC2018,7551,Group Stage,2,72,43,Germany,0.040610082,False,False
WC2018,7551,Group Stage,2,75,8,Sweden,0.009230858,False,True
WC2018,7551,Group Stage,2,80,15,Germany,0.13043028,False,False
WC2018,7551,Group Stage,2,82,30,Sweden,0.12888776,False,True
WC2018,7551,Group Stage,2,87,15,Germany,0.16166209,False,True
WC2018,7551,Group Stage,2,91,22,Germany,0.064983755,False,False
WC2018,7551,Group Stage,2,93,42,Sweden,0.013604501,False,True
WC2018,7551,Group Stage,2,94,42,Germany,0.009705122,True,True
WC2018,7537,Group Stage,1,2,12,England,0.19693047,False,True
WC2018,7537,Group Stage,1,2,50,England,0.078440964,False,False
WC2018,7537,Group Stage,1,10,0,England,0.045925878,False,False
WC2018,7537,Group Stage,1,10,36,England,0.098931395,False,True
WC2018,7537,Group Stage,1,10,37,England,0.19627495,True,True
WC2018,7537,Group Stage,1,17,26,England,0.024635071,False,True
WC2018,7537,Group Stage,1,22,54,Tunisia,0.006881288,False,False
WC2018,7537,Group Stage,1,23,35,England,0.0688049,False,False
WC2018,7537,Group Stage,1,26,14,Tunisia,0.05048326,False,False
WC2018,7537,Group Stage,1,27,5,Tunisia,0.06507511,False,False
WC2018,7537,Group Stage,1,30,12,England,0.010569053,False,True
WC2018,7537,Group Stage,1,34,50,Tunisia,0.7835,True,True
WC2018,7537,Group Stage,1,38,44,England,0.108573206,False,False
WC2018,7537,Group Stage,1,38,46,England,0.40336105,False,False
WC2018,7537,Group Stage,1,38,47,England,0.43713534,False,False
WC2018,7537,Group Stage,1,42,31,England,0.13074626,False,False
WC2018,7537,Group Stage,1,43,58,England,0.2161229,False,False
WC2018,7537,Group Stage,2,50,53,England,0.087220274,False,True
WC2018,7537,Group Stage,2,60,34,England,0.052625064,False,False
WC2018,7537,Group Stage,2,68,39,England,0.0375056,False,False
WC2018,7537,Group Stage,2,71,4,Tunisia,0.008759379,False,False
WC2018,7537,Group Stage,2,71,19,Tunisia,0.030954175,False,False
WC2018,7537,Group Stage,2,78,40,England,0.07838383,False,False
WC2018,7537,Group Stage,2,90,31,England,0.35426354,True,True
WC2018,7580,Round of 16,1,8,24,France,0.06554038,False,False
WC2018,7580,Round of 16,1,12,42,France,0.7835,True,True
WC2018,7580,Round of 16,1,20,33,France,0.09104843,False,False
WC2018,7580,Round of 16,1,21,21,Argentina,0.027343327,False,False
WC2018,7580,Round of 16,1,40,43,Argentina,0.023531355,True,True
WC2018,7580,Round of 16,2,47,35,Argentina,0.026417136,False,False
WC2018,7580,Round of 16,2,47,35,Argentina,0.28001544,True,True
WC2018,7580,Round of 16,2,55,12,France,0.17972884,False,False
WC2018,7580,Round of 16,2,56,48,France,0.024150338,True,True
WC2018,7580,Round of 16,2,63,6,France,0.07552241,False,False
WC2018,7580,Round of 16,2,63,8,France,0.117784284,True,True
WC2018,7580,Round of 16,2,65,57,Argentina,0.030227054,False,False
WC2018,7580,Round of 16,2,65,58,Argentina,0.008551168,False,False
WC2018,7580,Round of 16,2,67,49,France,0.22098207,True,True
WC2018,7580,Round of 16,2,69,56,France,0.07977028,False,False
WC2018,7580,Round of 16,2,72,39,Argentina,0.19252568,False,False
WC2018,7580,Round of 16,2,84,18,Argentina,0.17476669,False,True
WC2018,7580,Round of 16,2,85,27,Argentina,0.15172864,False,False
WC2018,7580,Round of 16,2,89,3,Argentina,0.017985687,False,False
WC2018,7580,Round of 16,2,92,2,Argentina,0.19387953,True,True
WC2018,7580,Round of 16,2,94,54,Argentina,0.31958774,False,False
WC2018,7581,Round of 16,1,0,57,Denmark,0.12611686,True,True
WC2018,7581,Round of 16,1,3,39,Croatia,0.26349646,True,True
WC2018,7581,Round of 16,1,11,34,Croatia,0.06305066,False,False
WC2018,7581,Round of 16,1,18,55,Croatia,0.030144284,False,False
WC2018,7581,Round of 16,1,22,6,Denmark,0.037469286,False,False
WC2018,7581,Round of 16,1,26,31,Denmark,0.13162047,False,True
WC2018,7581,Round of 16,1,28,19,Croatia,0.038346656,False,True
WC2018,7581,Round of 16,1,28,28,Croatia,0.16490108,False,False
WC2018,7581,Round of 16,1,28,30,Croatia,0.120503984,False,False
WC2018,7581,Round of 16,1,31,54,Croatia,0.030320106,False,False
WC2018,7581,Round of 16,1,33,57,Denmark,0.016978217,False,False
WC2018,7581,Round of 16,1,38,8,Croatia,0.18463199,False,False
WC2018,7581,Round of 16,1,43,58,Croatia,0.07601792,False,True
WC2018,7581,Round of 16,2,45,35,Croatia,0.011261932,False,False
WC2018,7581,Round of 16,2,55,34,Denmark,0.0686043,False,False
WC2018,7581,Round of 16,2,63,34,Croatia,0.012094772,False,False
WC2018,7581,Round of 16,2,64,24,Croatia,0.030008089,False,False
WC2018,7581,Round of 16,2,71,39,Denmark,0.070741735,False,True
WC2018,7581,Round of 16,2,73,34,Denmark,0.04147935,False,False
WC2018,7581,Round of 16,2,76,32,Croatia,0.027416315,False,False
WC2018,7581,Round of 16,2,77,20,Croatia,0.012468111,False,True
WC2018,7581,Round of 16,2,83,40,Croatia,0.11325187,False,False
WC2018,7581,Round of 16,2,85,43,Croatia,0.038121704,False,False
WC2018,7581,Round of 16,2,86,58,Denmark,0.036073588,False,False
WC2018,7581,Round of 16,2,91,16,Croatia,0.020794695,False,False
WC2018,7581,Round of 16,2,92,33,Denmark,0.039959002,False,False
WC2018,7581,Round of 16,3,91,5,Denmark,0.005800442,False,False
WC2018,7581,Round of 16,3,92,15,Denmark,0.029309789,False,False
WC2018,7581,Round of 16,3,98,26,Denmark,0.027793115,False,False
WC2018,7581,Round of 16,4,105,36,Croatia,0.04311312,False,False
WC2018,7581,Round of 16,4,107,2,Denmark,0.010282481,False,False
WC2018,7581,Round of 16,4,112,17,Denmark,0.05426612,False,False
WC2018,7581,Round of 16,4,115,47,Croatia,0.7835,False,True
WC2018,7581,Round of 16,4,118,35,Croatia,0.072142854,False,True
WC2018,7581,Round of 16,4,119,31,Croatia,0.034648996,False,False
WC2018,7581,Round of 16,5,120,7,Denmark,0.7835,False,True
WC2018,7581,Round of 16,5,120,57,Croatia,0.7835,False,True
WC2018,7581,Round of 16,5,121,52,Denmark,0.7835,True,True
WC2018,7581,Round of 16,5,122,36,Croatia,0.7835,True,True
WC2018,7581,Round of 16,5,123,29,Denmark,0.7835,True,True
WC2018,7581,Round of 16,5,124,16,Croatia,0.7835,True,True
WC2018,7581,Round of 16,5,125,7,Denmark,0.7835,False,True
WC2018,7581,Round of 16,5,126,15,Croatia,0.7835,False,True
WC2018,7581,Round of 16,5,127,7,Denmark,0.7835,False,True
WC2018,7581,Round of 16,5,128,4,Croatia,0.7835,True,True
WC2018,7549,Group Stage,1,2,13,Iceland,0.054394327,False,True
WC2018,7549,Group Stage,1,4,57,Iceland,0.10112726,False,True
WC2018,7549,Group Stage,1,7,15,Nigeria,0.04417076,False,False
WC2018,7549,Group Stage,1,20,16,Iceland,0.06373091,False,False
WC2018,7549,Group Stage,1,33,22,Iceland,0.029692495,False,False
WC2018,7549,Group Stage,1,44,31,Iceland,0.19456063,False,False
WC2018,7549,Group Stage,1,46,15,Iceland,0.045343757,False,False
WC2018,7549,Group Stage,2,45,15,Nigeria,0.03887468,False,True
WC2018,7549,Group Stage,2,48,24,Nigeria,0.13957413,True,True
WC2018,7549,Group Stage,2,56,33,Nigeria,0.005955098,False,True
WC2018,7549,Group Stage,2,65,11,Nigeria,0.008576407,False,False
WC2018,7549,Group Stage,2,67,7,Iceland,0.043580372,False,False
WC2018,7549,Group Stage,2,67,55,Nigeria,0.030264711,False,False
WC2018,7549,Group Stage,2,68,26,Nigeria,0.049115922,False,False
WC2018,7549,Group Stage,2,69,44,Nigeria,0.09659774,False,False
WC2018,7549,Group Stage,2,71,29,Nigeria,0.07888537,False,False
WC2018,7549,Group Stage,2,73,26,Nigeria,0.025410693,False,False
WC2018,7549,Group Stage,2,73,38,Nigeria,0.043000102,False,False
WC2018,7549,Group Stage,2,73,42,Nigeria,0.0531975,False,False
WC2018,7549,Group Stage,2,74,17,Nigeria,0.5295454,True,True
WC2018,7549,Group Stage,2,78,41,Nigeria,0.027320247,False,False
WC2018,7549,Group Stage,2,82,8,Iceland,0.7835,False,False
WC2018,7549,Group Stage,2,83,35,Nigeria,0.046937406,False,False
WC2018,7549,Group Stage,2,87,15,Iceland,0.15761892,False,True
WC2018,7549,Group Stage,2,88,22,Nigeria,0.033122007,False,False
WC2018,7549,Group Stage,2,89,14,Iceland,0.078613296,False,False
WC2018,7549,Group Stage,2,96,8,Nigeria,0.061611153,False,False
WC2018,7529,Group Stage,1,12,36,Nigeria,0.018994473,False,False
WC2018,7529,Group Stage,1,13,20,Croatia,0.06695514,False,False
WC2018,7529,Group Stage,1,15,22,Croatia,0.019367732,False,False
WC2018,7529,Group Stage,1,20,58,Nigeria,0.011507075,False,False
WC2018,7529,Group Stage,1,21,40,Nigeria,0.022628231,False,False
WC2018,7529,Group Stage,1,31,17,Croatia,0.028548675,False,False
WC2018,7529,Group Stage,1,31,51,Croatia,0.3240008,False,False
WC2018,7529,Group Stage,1,33,14,Nigeria,0.16620727,False,False
WC2018,7529,Group Stage,1,38,53,Croatia,0.11621209,False,False
WC2018,7529,Group Stage,1,41,56,Croatia,0.011776743,False,False
WC2018,7529,Group Stage,1,45,3,Nigeria,0.06691181,False,False
WC2018,7529,Group Stage,1,45,44,Nigeria,0.022370031,False,False
WC2018,7529,Group Stage,2,48,31,Nigeria,0.03658591,False,False
WC2018,7529,Group Stage,2,49,46,Croatia,0.018438444,False,False
WC2018,7529,Group Stage,2,51,7,Nigeria,0.011302559,False,False
WC2018,7529,Group Stage,2,58,49,Nigeria,0.13110706,False,True
WC2018,7529,Group Stage,2,62,43,Croatia,0.10399987,False,False
WC2018,7529,Group Stage,2,70,51,Croatia,0.7835,True,True
WC2018,7529,Group Stage,2,73,27,Croatia,0.07854937,False,False
WC2018,7529,Group Stage,2,76,26,Nigeria,0.052039362,False,False
WC2018,7529,Group Stage,2,81,40,Nigeria,0.11239032,False,True
WC2018,7529,Group Stage,2,86,14,Nigeria,0.0064550717,False,False
WC2018,7529,Group Stage,2,86,54,Nigeria,0.103822425,False,False
WC2018,7529,Group Stage,2,91,44,Croatia,0.14311777,False,True
WC2018,7562,Group Stage,1,4,17,Australia,0.027759347,False,False
WC2018,7562,Group Stage,1,11,27,Australia,0.037056766,False,False
WC2018,7562,Group Stage,1,17,14,Peru,0.03970575,True,True
WC2018,7562,Group Stage,1,20,0,Australia,0.118186094,False,False
WC2018,7562,Group Stage,1,24,7,Peru,0.13641801,False,True
WC2018,7562,Group Stage,1,26,49,Australia,0.24210833,False,True
WC2018,7562,Group Stage,1,32,51,Peru,0.0056918976,False,False
WC2018,7562,Group Stage,1,34,44,Australia,0.15594603,False,False
WC2018,7562,Group Stage,1,39,41,Australia,0.11028426,False,False
WC2018,7562,Group Stage,2,49,9,Peru,0.15455943,True,True
WC2018,7562,Group Stage,2,51,24,Australia,0.07718142,False,True
WC2018,7562,Group Stage,2,54,47,Australia,0.009029534,False,False
WC2018,7562,Group Stage,2,55,27,Australia,0.04171371,False,False
WC2018,7562,Group Stage,2,58,2,Australia,0.25410923,False,False
WC2018,7562,Group Stage,2,58,55,Australia,0.058087178,False,False
WC2018,7562,Group Stage,2,58,57,Australia,0.11772655,False,False
WC2018,7562,Group Stage,2,59,24,Australia,0.18379883,False,False
WC2018,7562,Group Stage,2,65,30,Australia,0.073874444,False,False
WC2018,7562,Group Stage,2,66,34,Australia,0.059451457,False,False
WC2018,7562,Group Stage,2,82,54,Australia,0.062956445,False,False
WC2018,7571,Group Stage,1,0,10,Senegal,0.025465408,False,False
WC2018,7571,Group Stage,1,11,55,Colombia,0.048187166,False,True
WC2018,7571,Group Stage,1,26,32,Senegal,0.033191733,False,True
WC2018,7571,Group Stage,1,27,7,Senegal,0.011666485,False,True
WC2018,7571,Group Stage,1,36,57,Senegal,0.020333083,False,False
WC2018,7571,Group Stage,2,63,4,Senegal,0.047152,False,False
WC2018,7571,Group Stage,2,64,46,Colombia,0.06531282,False,False
WC2018,7571,Group Stage,2,65,26,Colombia,0.11338981,False,False
WC2018,7571,Group Stage,2,73,29,Colombia,0.057972074,True,True
WC2018,7571,Group Stage,2,76,3,Senegal,0.11951581,False,True
WC2018,7571,Group Stage,2,78,49,Senegal,0.103540555,False,False
WC2018,7568,Group Stage,1,3,22,Switzerland,0.10680521,False,False
WC2018,7568,Group Stage,1,5,4,Costa Rica,0.026525779,False,True
WC2018,7568,Group Stage,1,5,13,Costa Rica,0.17932418,False,True
WC2018,7568,Group Stage,1,5,30,Costa Rica,0.033930067,False,True
WC2018,7568,Group Stage,1,6,46,Costa Rica,0.036320034,False,False
WC2018,7568,Group Stage,1,9,25,Costa Rica,0.009091367,False,False
WC2018,7568,Group Stage,1,16,23,Switzerland,0.046386905,False,False
WC2018,7568,Group Stage,1,18,46,Costa Rica,0.00674315,False,True
WC2018,7568,Group Stage,1,23,22,Costa Rica,0.07558924,False,False
WC2018,7568,Group Stage,1,30,24,Switzerland,0.40283072,True,True
WC2018,7568,Group Stage,1,32,31,Switzerland,0.11053042,False,False
WC2018,7568,Group Stage,1,38,13,Switzerland,0.018734163,False,False
WC2018,7568,Group Stage,1,39,3,Switzerland,0.06606949,False,False
WC2018,7568,Group Stage,1,45,31,Switzerland,0.019102212,False,False
WC2018,7568,Group Stage,2,47,37,Costa Rica,0.14703198,False,False
WC2018,7568,Group Stage,2,48,36,Switzerland,0.0070291637,False,False
WC2018,7568,Group Stage,2,51,22,Switzerland,0.06456128,False,False
WC2018,7568,Group Stage,2,51,56,Switzerland,0.016501574,False,True
WC2018,7568,Group Stage,2,53,38,Costa Rica,0.026267286,False,False
WC2018,7568,Group Stage,2,53,51,Costa Rica,0.07032609,False,False
WC2018,7568,Group Stage,2,55,25,Costa Rica,0.13123357,True,True
WC2018,7568,Group Stage,2,63,30,Costa Rica,0.013605404,False,False
WC2018,7568,Group Stage,2,70,47,Switzerland,0.02795779,False,False
WC2018,7568,Group Stage,2,77,14,Switzerland,0.2170768,False,False
WC2018,7568,Group Stage,2,78,14,Costa Rica,0.036724538,False,True
WC2018,7568,Group Stage,2,87,0,Switzerland,0.116093524,True,True
WC2018,7568,Group Stage,2,92,52,Costa Rica,0.7835,False,False
WC2018,7530,Group Stage,1,1,31,France,0.011586021,False,True
WC2018,7530,Group Stage,1,4,11,France,0.050655685,False,True
WC2018,7530,Group Stage,1,5,37,France,0.054453943,False,True
WC2018,7530,Group Stage,1,7,47,France,0.33887884,False,False
WC2018,7530,Group Stage,1,11,50,Australia,0.06711661,False,False
WC2018,7530,Group Stage,1,16,43,Australia,0.072877616,False,True
WC2018,7530,Group Stage,1,32,34,France,0.064092785,False,False
WC2018,7530,Group Stage,1,44,52,Australia,0.012084869,False,False
WC2018,7530,Group Stage,2,57,9,France,0.7835,True,True
WC2018,7530,Group Stage,2,58,24,France,0.09026888,False,False
WC2018,7530,Group Stage,2,58,26,France,0.06915687,False,False
WC2018,7530,Group Stage,2,61,16,Australia,0.7835,True,True
WC2018,7530,Group Stage,2,68,26,France,0.007040045,False,False
WC2018,7530,Group Stage,2,71,56,France,0.030792372,False,False
WC2018,7530,Group Stage,2,83,31,France,0.05179903,False,False
WC2018,7530,Group Stage,2,87,30,France,0.009332593,False,False
WC2018,7530,Group Stage,2,93,56,Australia,0.044451967,False,False
WC2018,7558,Group Stage,1,1,4,Uruguay,0.012783561,False,False
WC2018,7558,Group Stage,1,9,28,Uruguay,0.12156405,True,True
WC2018,7558,Group Stage,1,11,51,Russia,0.08638874,False,True
WC2018,7558,Group Stage,1,22,40,Uruguay,0.018971423,False,False
WC2018,7558,Group Stage,1,27,45,Uruguay,0.4325817,False,True
WC2018,7558,Group Stage,2,46,47,Uruguay,0.06387195,False,False
WC2018,7558,Group Stage,2,58,19,Uruguay,0.012746202,False,False
WC2018,7558,Group Stage,2,67,50,Uruguay,0.0029846318,False,False
WC2018,7558,Group Stage,2,68,32,Uruguay,0.11581932,False,False
WC2018,7558,Group Stage,2,69,47,Russia,0.022801261,False,False
WC2018,7558,Group Stage,2,73,8,Russia,0.07099453,False,False
WC2018,7558,Group Stage,2,81,54,Uruguay,0.024995795,False,True
WC2018,7558,Group Stage,2,83,23,Uruguay,0.25120863,False,False
WC2018,7558,Group Stage,2,85,25,Uruguay,0.09139254,False,False
WC2018,7558,Group Stage,2,89,18,Uruguay,0.024050621,False,True
WC2018,7558,Group Stage,2,89,47,Uruguay,0.20552692,False,True
WC2018,7558,Group Stage,2,89,48,Uruguay,0.7079995,True,True
WC2018,7558,Group Stage,2,94,15,Uruguay,0.37006214,False,False
WC2018,7558,Group Stage,2,94,28,Uruguay,0.026021946,False,False
WC2018,7583,Round of 16,1,1,42,Mexico,0.05415287,False,False
WC2018,7583,Round of 16,1,4,47,Brazil,0.05178059,False,True
WC2018,7583,Round of 16,1,8,37,Mexico,0.054524276,False,False
WC2018,7583,Round of 16,1,17,26,Mexico,0.013404567,False,False
WC2018,7583,Round of 16,1,21,16,Mexico,0.07629375,False,False
WC2018,7583,Round of 16,1,24,26,Brazil,0.08700961,False,True
WC2018,7583,Round of 16,1,25,51,Brazil,0.1092268,False,False
WC2018,7583,Round of 16,1,26,8,Brazil,0.047103178,False,False
WC2018,7583,Round of 16,1,29,3,Mexico,0.052823946,False,False
WC2018,7583,Round of 16,1,32,24,Brazil,0.09010969,False,True
WC2018,7583,Round of 16,1,32,26,Brazil,0.23268503,False,False
WC2018,7583,Round of 16,1,33,45,Brazil,0.051265694,False,False
WC2018,7583,Round of 16,1,37,36,Brazil,0.030468581,False,False
WC2018,7583,Round of 16,1,39,6,Brazil,0.017940922,False,False
WC2018,7583,Round of 16,2,46,11,Brazil,0.039249714,False,False
WC2018,7583,Round of 16,2,47,39,Brazil,0.116319254,False,True
WC2018,7583,Round of 16,2,49,33,Mexico,0.03874606,False,False
WC2018,7583,Round of 16,2,50,18,Brazil,0.9257403,True,True
WC2018,7583,Round of 16,2,51,48,Mexico,0.037245482,False,False
WC2018,7583,Round of 16,2,53,2,Mexico,0.024707977,False,False
WC2018,7583,Round of 16,2,55,33,Brazil,0.033213302,False,False
WC2018,7583,Round of 16,2,58,41,Brazil,0.12308221,False,True
WC2018,7583,Round of 16,2,60,41,Mexico,0.03328007,False,False
WC2018,7583,Round of 16,2,60,43,Mexico,0.038836006,False,True
WC2018,7583,Round of 16,2,62,59,Brazil,0.026730016,False,True
WC2018,7583,Round of 16,2,67,37,Brazil,0.10312629,False,False
WC2018,7583,Round of 16,2,69,13,Mexico,0.030940883,False,False
WC2018,7583,Round of 16,2,74,46,Brazil,0.025631027,False,True
WC2018,7583,Round of 16,2,86,6,Mexico,0.04604762,False,False
WC2018,7583,Round of 16,2,87,54,Brazil,0.28769356,False,True
WC2018,7583,Round of 16,2,87,55,Brazil,0.9220455,True,True
WC2018,7583,Round of 16,2,91,30,Mexico,0.013872243,False,False
WC2018,7583,Round of 16,2,94,46,Mexico,0.06792407,False,False
WC2018,7547,Group Stage,1,1,41,Denmark,0.19775419,False,False
WC2018,7547,Group Stage,1,4,12,Australia,0.024034739,False,False
WC2018,7547,Group Stage,1,4,48,Australia,0.13728113,False,False
WC2018,7547,Group Stage,1,6,7,Denmark,0.1393918,True,True
WC2018,7547,Group Stage,1,21,22,Denmark,0.026401442,False,True
WC2018,7547,Group Stage,1,22,26,Australia,0.029915893,False,False
WC2018,7547,Group Stage,1,23,37,Denmark,0.22533564,False,False
WC2018,7547,Group Stage,1,29,54,Australia,0.09697945,False,False
WC2018,7547,Group Stage,1,29,56,Australia,0.02370917,False,False
WC2018,7547,Group Stage,1,35,15,Australia,0.06497701,False,False
WC2018,7547,Group Stage,1,37,56,Australia,0.7835,True,True
WC2018,7547,Group Stage,1,42,5,Denmark,0.085312515,False,True
WC2018,7547,Group Stage,2,50,46,Denmark,0.09409239,False,False
WC2018,7547,Group Stage,2,70,16,Australia,0.021356815,False,False
WC2018,7547,Group Stage,2,71,27,Australia,0.03067614,False,True
WC2018,7547,Group Stage,2,71,49,Denmark,0.024973137,False,False
WC2018,7547,Group Stage,2,75,11,Australia,0.008275843,False,True
WC2018,7547,Group Stage,2,78,46,Australia,0.10484656,False,False
WC2018,7547,Group Stage,2,82,14,Denmark,0.14601058,False,True
WC2018,7547,Group Stage,2,87,44,Australia,0.011980171,False,True
WC2018,7547,Group Stage,2,87,53,Australia,0.07465897,False,True
WC2018,7547,Group Stage,2,89,45,Denmark,0.033656128,False,False
WC2018,7547,Group Stage,2,91,52,Denmark,0.041516952,False,True
WC2018,7535,Group Stage,1,0,58,Serbia,0.07133871,False,False
WC2018,7535,Group Stage,1,1,39,Costa Rica,0.016208809,False,True
WC2018,7535,Group Stage,1,2,24,Costa Rica,0.12289206,False,True
WC2018,7535,Group Stage,1,6,47,Serbia,0.007944309,False,False
WC2018,7535,Group Stage,1,11,18,Costa Rica,0.08181386,False,False
WC2018,7535,Group Stage,1,12,37,Serbia,0.07326472,False,False
WC2018,7535,Group Stage,1,15,38,Serbia,0.08929103,False,False
WC2018,7535,Group Stage,1,38,22,Costa Rica,0.050922204,False,False
WC2018,7535,Group Stage,1,41,37,Costa Rica,0.056129273,False,False
WC2018,7535,Group Stage,2,49,49,Serbia,0.37645623,False,True
WC2018,7535,Group Stage,2,53,55,Serbia,0.18045738,False,False
WC2018,7535,Group Stage,2,55,59,Serbia,0.009479726,True,True
WC2018,7535,Group Stage,2,65,42,Serbia,0.14211334,False,False
WC2018,7535,Group Stage,2,74,59,Serbia,0.040321272,False,False
WC2018,7535,Group Stage,2,75,45,Serbia,0.89477885,False,False
WC2018,7535,Group Stage,2,76,12,Serbia,0.07834383,False,False
WC2018,7535,Group Stage,2,78,26,Costa Rica,0.02729148,False,False
WC2018,7535,Group Stage,2,78,32,Costa Rica,0.068592064,False,False
WC2018,7535,Group Stage,2,89,47,Serbia,0.028779607,False,False
WC2018,7535,Group Stage,2,90,42,Costa Rica,0.0066172387,False,True
WC2018,7535,Group Stage,2,92,18,Costa Rica,0.059850305,False,False
WC2018,7535,Group Stage,2,94,39,Costa Rica,0.10570443,False,False
WC2018,8649,Quarter-finals,1,4,53,Uruguay,0.013982514,False,False
WC2018,8649,Quarter-finals,1,6,1,France,0.0074050077,False,False
WC2018,8649,Quarter-finals,1,10,13,France,0.052411623,False,False
WC2018,8649,Quarter-finals,1,11,41,France,0.035039734,False,False
WC2018,8649,Quarter-finals,1,13,22,Uruguay,0.07621632,False,True
WC2018,8649,Quarter-finals,1,14,49,France,0.15214236,False,False
WC2018,8649,Quarter-finals,1,18,6,France,0.006310853,False,False
WC2018,8649,Quarter-finals,1,34,59,Uruguay,0.16249157,False,True
WC2018,8649,Quarter-finals,1,39,29,France,0.13011009,True,True
WC2018,8649,Quarter-finals,1,41,41,Uruguay,0.015601887,False,True
WC2018,8649,Quarter-finals,1,43,5,Uruguay,0.07886938,False,True
WC2018,8649,Quarter-finals,1,43,7,Uruguay,0.20940804,False,False
WC2018,8649,Quarter-finals,2,52,28,France,0.006393214,False,False
WC2018,8649,Quarter-finals,2,55,9,Uruguay,0.030082064,False,False
WC2018,8649,Quarter-finals,2,58,3,Uruguay,0.007943283,False,False
WC2018,8649,Quarter-finals,2,60,46,France,0.009682582,True,True
WC2018,8649,Quarter-finals,2,63,15,Uruguay,0.032165024,False,False
WC2018,8649,Quarter-finals,2,63,17,Uruguay,0.066435196,False,False
WC2018,8649,Quarter-finals,2,72,17,France,0.06060878,False,False
WC2018,8649,Quarter-finals,2,75,31,France,0.046135314,False,False
WC2018,8649,Quarter-finals,2,88,37,France,0.0325434,False,False
WC2018,8658,Final,1,20,51,Croatia,0.12795697,False,False
WC2018,8658,Final,1,23,34,Croatia,0.06950906,False,False
WC2018,8658,Final,1,27,53,Croatia,0.08394905,True,True
WC2018,8658,Final,1,37,56,France,0.7835,True,True
WC2018,8658,Final,1,39,25,Croatia,0.10217809,False,False
WC2018,8658,Final,1,42,47,Croatia,0.11224287,False,False
WC2018,8658,Final,1,42,50,Croatia,0.046404753,False,False
WC2018,8658,Final,1,45,17,Croatia,0.14083989,False,False
WC2018,8658,Final,2,46,10,France,0.03339769,False,True
WC2018,8658,Final,2,47,2,Croatia,0.07285214,False,True
WC2018,8658,Final,2,47,32,Croatia,0.055352274,False,False
WC2018,8658,Final,2,49,34,Croatia,0.017269997,False,False
WC2018,8658,Final,2,51,35,France,0.01856424,False,True
WC2018,8658,Final,2,58,32,France,0.052249614,False,False
WC2018,8658,Final,2,58,33,France,0.08626537,True,True
WC2018,8658,Final,2,60,46,France,0.06951273,False,False
WC2018,8658,Final,2,63,52,Croatia,0.034007873,False,False
WC2018,8658,Final,2,64,36,France,0.04485787,True,True
WC2018,8658,Final,2,68,8,Croatia,0.5631902,True,True
WC2018,8658,Final,2,75,1,Croatia,0.0050148317,False,False
WC2018,8658,Final,2,77,13,Croatia,0.042465996,False,False
WC2018,8658,Final,2,86,25,France,0.009616094,False,True
WC2018,8658,Final,2,88,9,Croatia,0.007053695,False,False
WC2018,7582,Round of 16,1,4,28,Russia,0.006913921,False,False
WC2018,7582,Round of 16,1,13,26,Russia,0.023523824,False,False
WC2018,7582,Round of 16,1,35,30,Russia,0.13442212,False,False
WC2018,7582,Round of 16,1,39,14,Russia,0.062742114,False,False
WC2018,7582,Round of 16,1,40,55,Russia,0.7835,True,True
WC2018,7582,Round of 16,1,44,35,Spain,0.03204402,False,False
WC2018,7582,Round of 16,1,45,13,Spain,0.0372205,False,True
WC2018,7582,Round of 16,1,45,46,Spain,0.05935931,False,True
WC2018,7582,Round of 16,2,46,40,Spain,0.10353613,False,False
WC2018,7582,Round of 16,2,46,44,Spain,0.100053154,False,True
WC2018,7582,Round of 16,2,50,18,Spain,0.05231667,False,False
WC2018,7582,Round of 16,2,52,43,Spain,0.02997144,False,False
WC2018,7582,Round of 16,2,59,48,Spain,0.16787043,False,False
WC2018,7582,Round of 16,2,81,42,Spain,0.065492,False,False
WC2018,7582,Round of 16,2,84,16,Spain,0.042886272,False,True
WC2018,7582,Round of 16,2,84,19,Spain,0.023757927,False,True
WC2018,7582,Round of 16,2,88,51,Spain,0.06795463,False,False
WC2018,7582,Round of 16,2,89,39,Spain,0.072778836,False,False
WC2018,7582,Round of 16,2,92,18,Russia,0.03283686,False,False
WC2018,7582,Round of 16,2,92,18,Russia,0.22104914,False,False
WC2018,7582,Round of 16,3,92,14,Spain,0.025320211,False,False
WC2018,7582,Round of 16,3,96,4,Spain,0.011966425,False,False
WC2018,7582,Round of 16,3,99,34,Spain,0.05032709,False,True
WC2018,7582,Round of 16,3,101,36,Spain,0.03584248,False,False
WC2018,7582,Round of 16,3,105,26,Spain,0.074555546,False,True
WC2018,7582,Round of 16,4,106,34,Spain,0.06631583,False,False
WC2018,7582,Round of 16,4,108,21,Spain,0.039532,False,True
WC2018,7582,Round of 16,4,108,23,Spain,0.08271377,False,False
WC2018,7582,Round of 16,4,108,48,Spain,0.10102061,False,False
WC2018,7582,Round of 16,4,111,42,Spain,0.013007193,False,False
WC2018,7582,Round of 16,4,116,51,Russia,0.14143883,False,False
WC2018,7582,Round of 16,4,120,12,Spain,0.08526068,False,True
WC2018,7582,Round of 16,5,120,5,Spain,0.7835,True,True
WC2018,7582,Round of 16,5,120,45,Russia,0.7835,True,True
WC2018,7582,Round of 16,5,121,25,Spain,0.7835,True,True
WC2018,7582,Round of 16,5,122,8,Russia,0.7835,True,True
WC2018,7582,Round of 16,5,122,44,Spain,0.7835,False,True
WC2018,7582,Round of 16,5,123,25,Russia,0.7835,True,True
WC2018,7582,Round of 16,5,124,1,Spain,0.7835,True,True
WC2018,7582,Round of 16,5,124,40,Russia,0.7835,True,True
WC2018,7582,Round of 16,5,125,36,Spain,0.7835,False,True
WC2018,7552,Group Stage,1,2,21,Belgium,0.042935207,False,True
WC2018,7552,Group Stage,1,6,0,Belgium,0.7835,True,True
WC2018,7552,Group Stage,1,11,41,Belgium,0.04323456,False,False
WC2018,7552,Group Stage,1,12,2,Belgium,0.23471555,False,True
WC2018,7552,Group Stage,1,14,27,Belgium,0.009488142,False,True
WC2018,7552,Group Stage,1,15,19,Belgium,0.13771419,True,True
WC2018,7552,Group Stage,1,17,7,Tunisia,0.15909006,True,True
WC2018,7552,Group Stage,1,18,47,Belgium,0.09656626,False,True
WC2018,7552,Group Stage,1,20,47,Belgium,0.042542275,False,False
WC2018,7552,Group Stage,1,27,42,Belgium,0.070710085,False,False
WC2018,7552,Group Stage,1,29,11,Tunisia,0.0056386488,False,False
WC2018,7552,Group Stage,1,30,19,Tunisia,0.06670337,False,False
WC2018,7552,Group Stage,1,32,1,Tunisia,0.009165923,False,True
WC2018,7552,Group Stage,1,38,24,Tunisia,0.04770442,False,False
WC2018,7552,Group Stage,1,41,51,Tunisia,0.011201895,False,False
WC2018,7552,Group Stage,1,47,57,Belgium,0.39485714,True,True
WC2018,7552,Group Stage,2,46,53,Belgium,0.07915054,False,False
WC2018,7552,Group Stage,2,49,0,Tunisia,0.20639732,False,False
WC2018,7552,Group Stage,2,49,57,Tunisia,0.025972955,False,True
WC2018,7552,Group Stage,2,50,36,Belgium,0.9790341,True,True
WC2018,7552,Group Stage,2,53,26,Tunisia,0.10399019,False,False
WC2018,7552,Group Stage,2,55,24,Tunisia,0.022166368,False,False
WC2018,7552,Group Stage,2,60,32,Tunisia,0.07002908,False,False
WC2018,7552,Group Stage,2,60,57,Belgium,0.09572776,False,False
WC2018,7552,Group Stage,2,63,45,Belgium,0.043140188,False,False
WC2018,7552,Group Stage,2,65,11,Tunisia,0.0072267335,False,False
WC2018,7552,Group Stage,2,65,21,Tunisia,0.07565807,False,False
WC2018,7552,Group Stage,2,66,4,Tunisia,0.07457654,False,True
WC2018,7552,Group Stage,2,69,23,Tunisia,0.023171796,False,False
WC2018,7552,Group Stage,2,75,22,Belgium,0.46811458,False,False
WC2018,7552,Group Stage,2,78,58,Belgium,0.03480479,False,True
WC2018,7552,Group Stage,2,79,0,Belgium,0.61046416,False,False
WC2018,7552,Group Stage,2,79,6,Belgium,0.012196873,False,False
WC2018,7552,Group Stage,2,80,31,Belgium,0.2990258,False,True
WC2018,7552,Group Stage,2,80,35,Belgium,0.050583683,False,False
WC2018,7552,Group Stage,2,81,20,Belgium,0.015557862,False,False
WC2018,7552,Group Stage,2,89,16,Belgium,0.4673073,True,True
WC2018,7552,Group Stage,2,90,30,Tunisia,0.0044252533,False,False
WC2018,7552,Group Stage,2,91,14,Belgium,0.32505116,False,False
WC2018,7552,Group Stage,2,92,24,Tunisia,0.27505946,True,True
WC2018,7532,Group Stage,1,4,52,Peru,0.0069104647,False,False
WC2018,7532,Group Stage,1,7,11,Peru,0.005467236,False,True
WC2018,7532,Group Stage,1,10,49,Peru,0.022084096,False,False
WC2018,7532,Group Stage,1,12,6,Peru,0.02998372,False,True
WC2018,7532,Group Stage,1,13,35,Peru,0.016538767,False,False
WC2018,7532,Group Stage,1,14,11,Peru,0.059586205,False,False
WC2018,7532,Group Stage,1,19,37,Denmark,0.055096734,False,False
WC2018,7532,Group Stage,1,26,22,Denmark,0.037667256,False,False
WC2018,7532,Group Stage,1,28,21,Peru,0.10626122,False,False
WC2018,7532,Group Stage,1,38,46,Denmark,0.07605611,False,False
WC2018,7532,Group Stage,1,38,48,Denmark,0.024234127,False,True
WC2018,7532,Group Stage,1,40,45,Denmark,0.032256115,False,False
WC2018,7532,Group Stage,1,45,42,Peru,0.7835,False,False
WC2018,7532,Group Stage,1,46,59,Denmark,0.09912568,False,False
WC2018,7532,Group Stage,2,49,55,Peru,0.0068373373,False,False
WC2018,7532,Group Stage,2,50,28,Denmark,0.019323658,False,False
WC2018,7532,Group Stage,2,52,54,Denmark,0.009715938,False,False
WC2018,7532,Group Stage,2,56,2,Peru,0.077727586,False,False
WC2018,7532,Group Stage,2,58,32,Denmark,0.24699534,True,True
WC2018,7532,Group Stage,2,60,7,Peru,0.12293178,False,True
WC2018,7532,Group Stage,2,63,37,Peru,0.17922288,False,True
WC2018,7532,Group Stage,2,68,19,Peru,0.072114944,False,False
WC2018,7532,Group Stage,2,72,6,Peru,0.010184116,False,True
WC2018,7532,Group Stage,2,78,28,Peru,0.13312599,False,False
WC2018,7532,Group Stage,2,81,45,Denmark,0.11509085,False,False
WC2018,7532,Group Stage,2,83,20,Peru,0.1773644,False,True
WC2018,7532,Group Stage,2,85,25,Denmark,0.40600583,False,True
WC2018,7532,Group Stage,2,94,2,Peru,0.11653745,False,False
WC2018,7560,Group Stage,1,13,23,Morocco,0.42943794,True,True
WC2018,7560,Group Stage,1,17,12,Spain,0.03164082,False,False
WC2018,7560,Group Stage,1,18,50,Spain,0.3899508,True,True
WC2018,7560,Group Stage,1,22,59,Spain,0.060181323,False,True
WC2018,7560,Group Stage,1,23,41,Spain,0.11654905,False,False
WC2018,7560,Group Stage,1,24,12,Morocco,0.2923044,False,True
WC2018,7560,Group Stage,1,26,8,Spain,0.15321249,False,False
WC2018,7560,Group Stage,1,36,24,Spain,0.092447676,False,False
WC2018,7560,Group Stage,1,42,36,Morocco,0.035891,False,False
WC2018,7560,Group Stage,1,46,41,Spain,0.47844365,False,False
WC2018,7560,Group Stage,2,46,13,Morocco,0.0452215,False,False
WC2018,7560,Group Stage,2,51,55,Spain,0.05123204,False,False
WC2018,7560,Group Stage,2,54,33,Morocco,0.010095489,False,False
WC2018,7560,Group Stage,2,55,34,Spain,0.005666844,False,False
WC2018,7560,Group Stage,2,56,58,Morocco,0.10190532,False,False
WC2018,7560,Group Stage,2,58,12,Spain,0.08270539,False,False
WC2018,7560,Group Stage,2,61,11,Spain,0.17241496,False,False
WC2018,7560,Group Stage,2,62,25,Spain,0.07709874,False,False
WC2018,7560,Group Stage,2,66,9,Spain,0.124626815,False,False
WC2018,7560,Group Stage,2,68,14,Spain,0.04259523,False,False
WC2018,7560,Group Stage,2,77,53,Spain,0.006282342,False,False
WC2018,7560,Group Stage,2,79,53,Morocco,0.09008012,False,False
WC2018,7560,Group Stage,2,80,34,Morocco,0.066824906,True,True
WC2018,7560,Group Stage,2,85,0,Spain,0.113147,False,False
WC2018,7560,Group Stage,2,86,28,Spain,0.1921803,False,False
WC2018,7560,Group Stage,2,90,8,Spain,0.41411763,True,True
WC2018,7533,Group Stage,1,2,54,Switzerland,0.13300222,False,False
WC2018,7533,Group Stage,1,10,55,Brazil,0.5253904,False,False
WC2018,7533,Group Stage,1,15,17,Brazil,0.04032603,False,False
WC2018,7533,Group Stage,1,19,5,Brazil,0.010917373,True,True
WC2018,7533,Group Stage,1,27,50,Switzerland,0.008365875,False,False
WC2018,7533,Group Stage,1,32,29,Brazil,0.17634274,False,False
WC2018,7533,Group Stage,1,39,15,Switzerland,0.06642043,False,False
WC2018,7533,Group Stage,1,46,7,Brazil,0.08788804,False,False
WC2018,7533,Group Stage,2,45,29,Switzerland,0.0074377093,False,False
WC2018,7533,Group Stage,2,49,29,Switzerland,0.16874993,True,True
WC2018,7533,Group Stage,2,56,50,Brazil,0.03833949,False,False
WC2018,7533,Group Stage,2,56,52,Brazil,0.07456492,False,False
WC2018,7533,Group Stage,2,56,59,Brazil,0.07011941,False,False
WC2018,7533,Group Stage,2,58,14,Brazil,0.10740602,False,False
WC2018,7533,Group Stage,2,58,56,Brazil,0.027605115,False,False
WC2018,7533,Group Stage,2,65,39,Brazil,0.026265554,False,False
WC2018,7533,Group Stage,2,66,0,Brazil,0.032883782,False,False
WC2018,7533,Group Stage,2,66,11,Brazil,0.024012115,False,False
WC2018,7533,Group Stage,2,69,1,Brazil,0.090432055,False,False
WC2018,7533,Group Stage,2,72,6,Switzerland,0.058959655,False,True
WC2018,7533,Group Stage,2,76,1,Brazil,0.022279786,False,False
WC2018,7533,Group Stage,2,77,2,Brazil,0.009771554,False,True
WC2018,7533,Group Stage,2,81,9,Brazil,0.02486829,False,False
WC2018,7533,Group Stage,2,87,18,Brazil,0.14345361,False,True
WC2018,7533,Group Stage,2,88,26,Switzerland,0.029170832,False,False
WC2018,7533,Group Stage,2,89,40,Brazil,0.1586349,False,True
WC2018,7533,Group Stage,2,90,40,Brazil,0.05075771,False,False
WC2018,7533,Group Stage,2,95,30,Brazil,0.1243309,False,False
WC2018,7564,Group Stage,1,6,2,Nigeria,0.06383541,False,False
WC2018,7564,Group Stage,1,7,7,Argentina,0.103297286,False,False
WC2018,7564,Group Stage,1,8,22,Nigeria,0.023638628,False,False
WC2018,7564,Group Stage,1,13,52,Argentina,0.20670193,True,True
WC2018,7564,Group Stage,1,26,39,Argentina,0.13524082,False,True
WC2018,7564,Group Stage,1,33,14,Argentina,0.091842376,False,False
WC2018,7564,Group Stage,1,38,8,Argentina,0.069989234,False,False
WC2018,7564,Group Stage,1,40,59,Nigeria,0.023919689,False,False
WC2018,7564,Group Stage,1,47,5,Nigeria,0.09839518,False,True
WC2018,7564,Group Stage,2,50,24,Nigeria,0.7835,True,True
WC2018,7564,Group Stage,2,70,45,Nigeria,0.0398082,False,False
WC2018,7564,Group Stage,2,74,51,Nigeria,0.13220388,False,False
WC2018,7564,Group Stage,2,78,56,Argentina,0.028244063,False,False
WC2018,7564,Group Stage,2,79,56,Argentina,0.12803131,False,False
WC2018,7564,Group Stage,2,82,45,Nigeria,0.09381688,False,True
WC2018,7564,Group Stage,2,83,59,Nigeria,0.046227314,False,False
WC2018,7564,Group Stage,2,85,48,Argentina,0.08721284,True,True
WC2018,7579,Round of 16,1,1,45,Portugal,0.05975101,False,False
WC2018,7579,Round of 16,1,5,9,Portugal,0.030363295,False,True
WC2018,7579,Round of 16,1,6,39,Uruguay,0.17684262,True,True
WC2018,7579,Round of 16,1,10,11,Portugal,0.13387658,False,False
WC2018,7579,Round of 16,1,11,57,Portugal,0.008421112,False,False
WC2018,7579,Round of 16,1,13,24,Uruguay,0.013191463,False,False
WC2018,7579,Round of 16,1,15,14,Portugal,0.036250863,False,False
WC2018,7579,Round of 16,1,15,55,Portugal,0.024766764,False,False
WC2018,7579,Round of 16,1,21,33,Uruguay,0.043902274,False,True
WC2018,7579,Round of 16,1,21,44,Uruguay,0.00845468,False,False
WC2018,7579,Round of 16,1,31,34,Portugal,0.0663582,False,False
WC2018,7579,Round of 16,1,34,28,Uruguay,0.15864636,False,False
WC2018,7579,Round of 16,1,37,44,Portugal,0.059729163,False,False
WC2018,7579,Round of 16,1,46,43,Uruguay,0.014627576,False,False
WC2018,7579,Round of 16,2,51,4,Portugal,0.020954607,False,False
WC2018,7579,Round of 16,2,53,53,Portugal,0.06765104,False,False
WC2018,7579,Round of 16,2,54,13,Portugal,0.15867314,True,True
WC2018,7579,Round of 16,2,59,29,Portugal,0.018775055,False,False
WC2018,7579,Round of 16,2,61,8,Uruguay,0.060342968,True,True
WC2018,7579,Round of 16,2,69,16,Portugal,0.10598899,False,False
WC2018,7579,Round of 16,2,72,3,Portugal,0.015912395,False,False
WC2018,7579,Round of 16,2,76,30,Portugal,0.019748691,False,False
WC2018,7579,Round of 16,2,77,58,Portugal,0.011308506,False,False
WC2018,7579,Round of 16,2,84,57,Portugal,0.025566515,False,True
WC2018,7579,Round of 16,2,86,18,Portugal,0.0060694856,False,False
WC2018,7579,Round of 16,2,90,1,Portugal,0.0066069625,False,False
WC2018,7579,Round of 16,2,94,17,Portugal,0.04317439,False,True
WC2018,7579,Round of 16,2,94,47,Portugal,0.075629964,False,False
WC2018,7577,Group Stage,1,1,10,Morocco,0.06519894,False,False
WC2018,7577,Group Stage,1,3,57,Morocco,0.08541261,False,False
WC2018,7577,Group Stage,1,7,45,Morocco,0.09036858,False,False
WC2018,7577,Group Stage,1,18,13,Morocco,0.058583494,False,False
WC2018,7577,Group Stage,1,18,16,Morocco,0.23379569,False,False
WC2018,7577,Group Stage,1,18,17,Morocco,0.086651765,False,True
WC2018,7577,Group Stage,1,24,19,Iran,0.20666395,False,False
WC2018,7577,Group Stage,1,25,25,Morocco,0.02902798,False,False
WC2018,7577,Group Stage,1,25,28,Morocco,0.025924886,False,False
WC2018,7577,Group Stage,1,29,50,Morocco,0.03535338,False,True
WC2018,7577,Group Stage,1,31,32,Iran,0.04428437,False,False
WC2018,7577,Group Stage,1,34,40,Iran,0.008141037,False,False
WC2018,7577,Group Stage,1,40,16,Iran,0.030170556,False,False
WC2018,7577,Group Stage,1,42,19,Iran,0.28293425,False,True
WC2018,7577,Group Stage,1,42,20,Iran,0.0775573,False,True
WC2018,7577,Group Stage,1,43,4,Iran,0.04090494,False,False
WC2018,7577,Group Stage,1,44,8,Iran,0.0068994747,False,False
WC2018,7577,Group Stage,2,48,28,Morocco,0.10310785,False,False
WC2018,7577,Group Stage,2,79,16,Morocco,0.07760219,False,True
WC2018,7577,Group Stage,2,80,7,Morocco,0.12999704,False,False
WC2018,7577,Group Stage,2,86,32,Morocco,0.032190975,False,False
WC2018,7577,Group Stage,2,90,9,Morocco,0.0059796465,False,False
WC2018,7525,Group Stage,1,5,26,Saudi Arabia,0.011306748,False,False
WC2018,7525,Group Stage,1,6,46,Russia,0.047829717,False,False
WC2018,7525,Group Stage,1,8,45,Russia,0.02564916,False,False
WC2018,7525,Group Stage,1,10,49,Russia,0.07510638,False,False
WC2018,7525,Group Stage,1,11,32,Russia,0.14645855,True,True
WC2018,7525,Group Stage,1,21,5,Saudi Arabia,0.055627532,False,False
WC2018,7525,Group Stage,1,27,27,Saudi Arabia,0.03360385,False,False
WC2018,7525,Group Stage,1,30,18,Saudi Arabia,0.09728895,False,False
WC2018,7525,Group Stage,1,42,11,Russia,0.24924015,True,True
WC2018,7525,Group Stage,2,51,7,Russia,0.032339387,False,False
WC2018,7525,Group Stage,2,62,0,Russia,0.026239585,False,False
WC2018,7525,Group Stage,2,64,16,Russia,0.12617204,False,True
WC2018,7525,Group Stage,2,67,15,Russia,0.030546982,False,True
WC2018,7525,Group Stage,2,70,50,Russia,0.29249918,True,True
WC2018,7525,Group Stage,2,72,44,Saudi Arabia,0.025765538,False,False
WC2018,7525,Group Stage,2,76,25,Russia,0.089740254,False,False
WC2018,7525,Group Stage,2,81,31,Saudi Arabia,0.025213882,False,False
WC2018,7525,Group Stage,2,83,35,Russia,0.02450558,False,False
WC2018,7525,Group Stage,2,90,46,Russia,0.040819477,True,True
WC2018,7525,Group Stage,2,93,57,Russia,0.0744545,True,True
WC2018,7566,Group Stage,1,4,59,Sweden,0.007870639,False,True
WC2018,7566,Group Stage,1,9,3,Mexico,0.006126076,False,False
WC2018,7566,Group Stage,1,11,19,Sweden,0.078457825,False,False
WC2018,7566,Group Stage,1,11,20,Sweden,0.31651607,False,False
WC2018,7566,Group Stage,1,14,8,Sweden,0.019455789,False,False
WC2018,7566,Group Stage,1,16,9,Mexico,0.08026171,False,False
WC2018,7566,Group Stage,1,17,28,Sweden,0.18495595,False,False
WC2018,7566,Group Stage,1,21,20,Mexico,0.0071684807,False,False
WC2018,7566,Group Stage,1,22,4,Mexico,0.20374292,False,False
WC2018,7566,Group Stage,1,22,12,Mexico,0.010197213,False,False
WC2018,7566,Group Stage,1,22,34,Mexico,0.03579779,False,False
WC2018,7566,Group Stage,1,27,53,Sweden,0.077959776,False,False
WC2018,7566,Group Stage,1,30,28,Sweden,0.32448578,False,True
WC2018,7566,Group Stage,1,32,52,Sweden,0.08406631,False,False
WC2018,7566,Group Stage,1,35,7,Mexico,0.04393479,False,False
WC2018,7566,Group Stage,1,38,16,Mexico,0.03696837,False,False
WC2018,7566,Group Stage,1,39,37,Mexico,0.036778748,False,False
WC2018,7566,Group Stage,1,44,22,Mexico,0.009557878,False,True
WC2018,7566,Group Stage,1,46,36,Sweden,0.10989964,False,False
WC2018,7566,Group Stage,2,49,46,Sweden,0.33955482,False,False
WC2018,7566,Group Stage,2,49,47,Sweden,0.23465483,True,True
WC2018,7566,Group Stage,2,51,44,Sweden,0.08776431,False,False
WC2018,7566,Group Stage,2,52,48,Mexico,0.008584143,False,False
WC2018,7566,Group Stage,2,53,38,Sweden,0.043391652,False,False
WC2018,7566,Group Stage,2,58,8,Sweden,0.097953424,False,True
WC2018,7566,Group Stage,2,61,34,Sweden,0.7835,True,True
WC2018,7566,Group Stage,2,63,58,Mexico,0.005298881,False,False
WC2018,7566,Group Stage,2,65,49,Mexico,0.022069821,False,False
WC2018,7566,Group Stage,2,67,33,Mexico,0.06593669,False,False
WC2018,7566,Group Stage,2,69,53,Mexico,0.111651056,False,False
WC2018,7566,Group Stage,2,75,28,Mexico,0.06666666,False,False
WC2018,7566,Group Stage,2,80,13,Mexico,0.03963313,False,False
WC2018,7566,Group Stage,2,80,40,Mexico,0.03585116,False,False
WC2018,7566,Group Stage,2,80,41,Mexico,0.7177226,False,False
WC2018,7566,Group Stage,2,88,45,Mexico,0.033147816,False,False
WC2018,7566,Group Stage,2,92,9,Mexico,0.021690294,False,True
WC2018,7566,Group Stage,2,92,56,Mexico,0.011917301,False,True
WC2018,8651,Quarter-finals,1,11,54,Sweden,0.018292004,False,False
WC2018,8651,Quarter-finals,1,18,36,England,0.057993297,False,False
WC2018,8651,Quarter-finals,1,29,47,England,0.061832782,True,True
WC2018,8651,Quarter-finals,1,34,28,England,0.008420511,False,False
WC2018,8651,Quarter-finals,1,44,31,England,0.11924116,False,False
WC2018,8651,Quarter-finals,2,46,34,Sweden,0.1108226,False,True
WC2018,8651,Quarter-finals,2,51,25,Sweden,0.006110725,False,False
WC2018,8651,Quarter-finals,2,53,31,England,0.08364045,False,False
WC2018,8651,Quarter-finals,2,56,5,England,0.014800565,False,False
WC2018,8651,Quarter-finals,2,57,52,England,0.040688924,False,False
WC2018,8651,Quarter-finals,2,58,0,England,0.14410557,True,True
WC2018,8651,Quarter-finals,2,61,19,Sweden,0.13745673,False,True
WC2018,8651,Quarter-finals,2,61,21,Sweden,0.24123907,False,False
WC2018,8651,Quarter-finals,2,61,48,Sweden,0.0686475,False,False
WC2018,8651,Quarter-finals,2,65,35,England,0.08273663,False,False
WC2018,8651,Quarter-finals,2,67,55,England,0.053019132,False,False
WC2018,8651,Quarter-finals,2,68,19,England,0.011284669,False,False
WC2018,8651,Quarter-finals,2,70,58,Sweden,0.16984412,False,True
WC2018,8651,Quarter-finals,2,81,46,England,0.0804723,False,False
WC2018,8651,Quarter-finals,2,89,57,Sweden,0.08177389,False,False
WC2018,7567,Group Stage,1,5,16,Germany,0.012952975,False,False
WC2018,7567,Group Stage,1,13,43,Germany,0.060433608,False,True
WC2018,7567,Group Stage,1,18,21,South Korea,0.019010931,False,True
WC2018,7567,Group Stage,1,19,4,South Korea,0.018683761,False,False
WC2018,7567,Group Stage,1,24,1,South Korea,0.057621818,False,False
WC2018,7567,Group Stage,1,32,6,Germany,0.06146504,False,False
WC2018,7567,Group Stage,1,38,7,Germany,0.05455867,False,False
WC2018,7567,Group Stage,1,38,38,Germany,0.07476272,False,False
WC2018,7567,Group Stage,1,38,43,Germany,0.3347433,False,True
WC2018,7567,Group Stage,1,46,3,Germany,0.010117099,False,False
WC2018,7567,Group Stage,1,47,47,South Korea,0.033090822,False,False
WC2018,7567,Group Stage,2,45,32,South Korea,0.029391896,False,True
WC2018,7567,Group Stage,2,47,2,Germany,0.20739396,False,True
WC2018,7567,Group Stage,2,48,44,Germany,0.016595932,False,False
WC2018,7567,Group Stage,2,50,33,Germany,0.09489199,False,False
WC2018,7567,Group Stage,2,51,10,South Korea,0.049363878,False,False
WC2018,7567,Group Stage,2,53,12,Germany,0.033191342,False,False
WC2018,7567,Group Stage,2,53,13,Germany,0.022136997,False,False
WC2018,7567,Group Stage,2,60,51,Germany,0.10291238,False,False
WC2018,7567,Group Stage,2,62,6,South Korea,0.04893264,False,False
WC2018,7567,Group Stage,2,63,37,Germany,0.046130143,False,False
WC2018,7567,Group Stage,2,67,34,Germany,0.21808246,False,True
WC2018,7567,Group Stage,2,69,8,Germany,0.038651053,False,False
WC2018,7567,Group Stage,2,70,49,Germany,0.18822618,False,False
WC2018,7567,Group Stage,2,77,45,South Korea,0.06689221,False,False
WC2018,7567,Group Stage,2,81,46,Germany,0.1887936,False,False
WC2018,7567,Group Stage,2,82,44,Germany,0.026506644,False,False
WC2018,7567,Group Stage,2,83,52,Germany,0.13213639,False,False
WC2018,7567,Group Stage,2,83,56,Germany,0.027463825,False,False
WC2018,7567,Group Stage,2,86,25,Germany,0.17120185,False,False
WC2018,7567,Group Stage,2,87,40,Germany,0.045900352,False,True
WC2018,7567,Group Stage,2,88,11,South Korea,0.01863953,False,True
WC2018,7567,Group Stage,2,89,8,South Korea,0.037488606,False,False
WC2018,7567,Group Stage,2,91,9,South Korea,0.47288835,True,True
WC2018,7567,Group Stage,2,94,25,Germany,0.11065246,False,False
WC2018,7567,Group Stage,2,94,27,Germany,0.08714318,False,False
WC2018,7567,Group Stage,2,95,53,South Korea,0.92262584,True,True
WC2018,7567,Group Stage,2,97,28,Germany,0.041539717,False,False
WC2018,7567,Group Stage,2,97,39,Germany,0.08329194,False,True
WC2018,7567,Group Stage,2,98,7,Germany,0.070449255,False,False
WC2018,7567,Group Stage,2,98,41,Germany,0.1440755,False,False
WC2018,7541,Group Stage,1,2,45,Japan,0.3376846,False,True
WC2018,7541,Group Stage,1,2,46,Japan,0.23730883,False,False
WC2018,7541,Group Stage,1,5,15,Japan,0.7835,True,True
WC2018,7541,Group Stage,1,11,32,Colombia,0.24035126,False,True
WC2018,7541,Group Stage,1,14,29,Japan,0.14577667,False,False
WC2018,7541,Group Stage,1,15,12,Colombia,0.022535361,False,False
WC2018,7541,Group Stage,1,25,12,Colombia,0.10747917,False,False
WC2018,7541,Group Stage,1,25,26,Colombia,0.008843584,False,False
WC2018,7541,Group Stage,1,31,19,Japan,0.06617878,False,False
WC2018,7541,Group Stage,1,33,32,Colombia,0.14382575,False,True
WC2018,7541,Group Stage,1,38,10,Colombia,0.010644076,True,True
WC2018,7541,Group Stage,2,53,19,Japan,0.083701745,False,True
WC2018,7541,Group Stage,2,56,21,Japan,0.060330503,False,True
WC2018,7541,Group Stage,2,58,53,Japan,0.120759696,False,False
WC2018,7541,Group Stage,2,60,30,Japan,0.012992266,False,False
WC2018,7541,Group Stage,2,65,17,Japan,0.050535332,False,False
WC2018,7541,Group Stage,2,70,43,Japan,0.008464088,False,True
WC2018,7541,Group Stage,2,72,0,Japan,0.09609399,False,False
WC2018,7541,Group Stage,2,72,39,Japan,0.1866343,True,True
WC2018,7541,Group Stage,2,77,20,Colombia,0.060488213,False,False
WC2018,7541,Group Stage,2,77,34,Colombia,0.056293465,False,False
WC2018,7541,Group Stage,2,77,38,Colombia,0.07248526,False,False
WC2018,7541,Group Stage,2,77,46,Colombia,0.08330989,False,False
WC2018,7541,Group Stage,2,81,20,Japan,0.13071316,False,False
WC2018,8655,Semi-finals,1,14,59,Belgium,0.02582844,False,False
WC2018,8655,Semi-finals,1,17,45,France,0.024187952,False,True
WC2018,8655,Semi-finals,1,18,32,Belgium,0.012269703,False,False
WC2018,8655,Semi-finals,1,21,0,Belgium,0.103834964,False,True
WC2018,8655,Semi-finals,1,22,41,France,0.27923512,False,False
WC2018,8655,Semi-finals,1,30,31,France,0.08539717,False,False
WC2018,8655,Semi-finals,1,31,51,France,0.13975486,False,False
WC2018,8655,Semi-finals,1,32,8,France,0.039881397,False,False
WC2018,8655,Semi-finals,1,33,12,France,0.16416734,False,False
WC2018,8655,Semi-finals,1,36,5,France,0.026532186,False,False
WC2018,8655,Semi-finals,1,38,42,France,0.028874304,False,False
WC2018,8655,Semi-finals,1,38,58,France,0.07446188,False,True
WC2018,8655,Semi-finals,1,41,10,France,0.10427744,False,False
WC2018,8655,Semi-finals,1,44,10,France,0.028889349,False,False
WC2018,8655,Semi-finals,2,47,0,Belgium,0.1676629,False,False
WC2018,8655,Semi-finals,2,50,2,France,0.09775021,False,False
WC2018,8655,Semi-finals,2,50,35,France,0.0802673,True,True
WC2018,8655,Semi-finals,2,55,37,France,0.05599482,False,False
WC2018,8655,Semi-finals,2,55,48,France,0.10079972,False,False
WC2018,8655,Semi-finals,2,57,26,Belgium,0.006324989,False,False
WC2018,8655,Semi-finals,2,60,47,Belgium,0.07526151,False,False
WC2018,8655,Semi-finals,2,64,32,Belgium,0.12076645,False,False
WC2018,8655,Semi-finals,2,66,56,France,0.047261972,False,False
WC2018,8655,Semi-finals,2,75,14,Belgium,0.037019253,False,False
WC2018,8655,Semi-finals,2,78,19,France,0.06375324,False,False
WC2018,8655,Semi-finals,2,80,40,Belgium,0.017900085,False,True
WC2018,8655,Semi-finals,2,92,22,France,0.084246874,False,True
WC2018,8655,Semi-finals,2,95,16,France,0.15595363,False,True
WC2018,8657,3rd Place Final,1,3,37,Belgium,0.31685346,True,True
WC2018,8657,3rd Place Final,1,11,0,England,0.044181537,False,False
WC2018,8657,3rd Place Final,1,11,16,Belgium,0.05882345,False,True
WC2018,8657,3rd Place Final,1,13,42,England,0.036182866,False,True
WC2018,8657,3rd Place Final,1,14,24,England,0.15455301,False,True
WC2018,8657,3rd Place Final,1,19,27,England,0.057117913,False,True
WC2018,8657,3rd Place Final,1,22,59,England,0.09063098,False,False
WC2018,8657,3rd Place Final,1,23,52,England,0.03685726,False,False
WC2018,8657,3rd Place Final,1,29,10,Belgium,0.04268021,False,False
WC2018,8657,3rd Place Final,1,33,34,Belgium,0.081707664,False,False
WC2018,8657,3rd Place Final,1,34,11,Belgium,0.033672128,False,False
WC2018,8657,3rd Place Final,1,34,13,Belgium,0.12817407,False,False
WC2018,8657,3rd Place Final,1,44,26,Belgium,0.052199118,False,False
WC2018,8657,3rd Place Final,1,46,45,Belgium,0.08785192,False,False
WC2018,8657,3rd Place Final,2,53,52,England,0.051518958,False,False
WC2018,8657,3rd Place Final,2,55,7,England,0.010714026,False,False
WC2018,8657,3rd Place Final,2,65,14,England,0.03272615,False,False
WC2018,8657,3rd Place Final,2,68,1,England,0.033268016,False,True
WC2018,8657,3rd Place Final,2,69,24,England,0.44786552,False,False
WC2018,8657,3rd Place Final,2,69,58,England,0.09484852,False,False
WC2018,8657,3rd Place Final,2,72,34,England,0.10776293,False,False
WC2018,8657,3rd Place Final,2,73,36,England,0.11155334,False,False
WC2018,8657,3rd Place Final,2,75,25,Belgium,0.10808491,False,False
WC2018,8657,3rd Place Final,2,79,9,Belgium,0.05185313,False,True
WC2018,8657,3rd Place Final,2,79,52,England,0.025575599,False,True
WC2018,8657,3rd Place Final,2,81,27,Belgium,0.3587584,True,True
WC2018,8652,Quarter-finals,1,1,29,Russia,0.05210773,False,False
WC2018,8652,Quarter-finals,1,4,8,Russia,0.059003275,False,False
WC2018,8652,Quarter-finals,1,6,14,Croatia,0.26405528,False,False
WC2018,8652,Quarter-finals,1,10,55,Croatia,0.13234654,False,False
WC2018,8652,Quarter-finals,1,15,54,Croatia,0.045481052,False,False
WC2018,8652,Quarter-finals,1,27,46,Croatia,0.08096986,False,False
WC2018,8652,Quarter-finals,1,30,48,Russia,0.054310873,True,True
WC2018,8652,Quarter-finals,1,32,14,Croatia,0.028538551,False,False
WC2018,8652,Quarter-finals,1,33,34,Croatia,0.19544125,False,False
WC2018,8652,Quarter-finals,1,36,54,Russia,0.013760027,False,False
WC2018,8652,Quarter-finals,1,38,28,Russia,0.07732279,False,False
WC2018,8652,Quarter-finals,1,38,58,Croatia,0.27280724,True,True
WC2018,8652,Quarter-finals,2,49,25,Croatia,0.007953062,False,False
WC2018,8652,Quarter-finals,2,51,18,Croatia,0.087689966,False,True
WC2018,8652,Quarter-finals,2,57,16,Croatia,0.010444446,False,False
WC2018,8652,Quarter-finals,2,59,7,Croatia,0.15534396,False,False
WC2018,8652,Quarter-finals,2,61,12,Russia,0.053181816,False,True
WC2018,8652,Quarter-finals,2,62,57,Croatia,0.01865522,False,False
WC2018,8652,Quarter-finals,2,71,29,Russia,0.18855411,False,False
WC2018,8652,Quarter-finals,2,75,54,Croatia,0.10036894,False,False
WC2018,8652,Quarter-finals,2,75,56,Croatia,0.015816402,False,False
WC2018,8652,Quarter-finals,2,76,48,Croatia,0.10643736,False,False
WC2018,8652,Quarter-finals,2,93,29,Russia,0.005061581,False,True
WC2018,8652,Quarter-finals,3,100,2,Croatia,0.10867819,True,True
WC2018,8652,Quarter-finals,3,103,38,Russia,0.16742577,False,False
WC2018,8652,Quarter-finals,3,104,5,Russia,0.093245715,False,False
WC2018,8652,Quarter-finals,4,109,59,Croatia,0.00991792,False,True
WC2018,8652,Quarter-finals,4,111,3,Russia,0.036457207,False,True
WC2018,8652,Quarter-finals,4,114,11,Russia,0.24134423,True,True
WC2018,8652,Quarter-finals,4,116,43,Croatia,0.009529337,False,False
WC2018,8652,Quarter-finals,4,118,25,Russia,0.029163998,False,True
WC2018,8652,Quarter-finals,5,121,11,Russia,0.7835,False,True
WC2018,8652,Quarter-finals,5,121,57,Croatia,0.7835,True,True
WC2018,8652,Quarter-finals,5,122,41,Russia,0.7835,True,True
WC2018,8652,Quarter-finals,5,123,24,Croatia,0.7835,False,True
WC2018,8652,Quarter-finals,5,124,10,Russia,0.7835,False,False
WC2018,8652,Quarter-finals,5,125,8,Croatia,0.7835,True,True
WC2018,8652,Quarter-finals,5,125,51,Russia,0.7835,True,True
WC2018,8652,Quarter-finals,5,126,31,Croatia,0.7835,True,True
WC2018,8652,Quarter-finals,5,127,8,Russia,0.7835,True,True
WC2018,8652,Quarter-finals,5,127,59,Croatia,0.7835,True,True
WC2018,7563,Group Stage,1,14,21,France,0.08902341,False,True
WC2018,7563,Group Stage,1,15,31,France,0.07222413,False,False
WC2018,7563,Group Stage,1,32,48,France,0.009843999,False,False
WC2018,7563,Group Stage,1,38,52,France,0.010871868,False,True
WC2018,7563,Group Stage,1,44,46,France,0.009946421,False,False
WC2018,7563,Group Stage,1,46,15,Denmark,0.019755723,False,False
WC2018,7563,Group Stage,2,50,39,France,0.021117477,False,True
WC2018,7563,Group Stage,2,53,37,Denmark,0.008512876,False,True
WC2018,7563,Group Stage,2,54,27,France,0.026648624,False,False
WC2018,7563,Group Stage,2,58,16,Denmark,0.07888575,False,False
WC2018,7563,Group Stage,2,62,23,Denmark,0.026548343,False,False
WC2018,7563,Group Stage,2,65,58,Denmark,0.0052553928,False,False
WC2018,7563,Group Stage,2,69,29,France,0.009661348,False,False
WC2018,7563,Group Stage,2,73,33,France,0.09807604,False,False
WC2018,7563,Group Stage,2,78,28,France,0.03951678,False,False
WC2018,7563,Group Stage,2,81,52,France,0.031210398,False,True
WC2018,7556,Group Stage,1,5,14,Senegal,0.018103616,False,False
WC2018,7556,Group Stage,1,10,54,Senegal,0.018439204,False,True
WC2018,7556,Group Stage,1,10,55,Senegal,0.57378894,True,True
WC2018,7556,Group Stage,1,13,16,Senegal,0.00702754,False,True
WC2018,7556,Group Stage,1,15,23,Japan,0.030451886,False,False
WC2018,7556,Group Stage,1,21,35,Senegal,0.13404049,False,True
WC2018,7556,Group Stage,1,26,45,Senegal,0.11174557,False,False
WC2018,7556,Group Stage,1,33,20,Japan,0.03935943,True,True
WC2018,7556,Group Stage,1,38,34,Senegal,0.090780556,False,True
WC2018,7556,Group Stage,1,39,28,Japan,0.02924008,False,False
WC2018,7556,Group Stage,2,48,55,Japan,0.259631,False,True
WC2018,7556,Group Stage,2,49,21,Senegal,0.064981826,False,False
WC2018,7556,Group Stage,2,50,53,Senegal,0.08816641,False,False
WC2018,7556,Group Stage,2,54,30,Senegal,0.023896396,False,True
WC2018,7556,Group Stage,2,63,54,Japan,0.039034985,False,False
WC2018,7556,Group Stage,2,70,21,Senegal,0.40785682,False,False
WC2018,7556,Group Stage,2,70,23,Senegal,0.075420834,True,True
WC2018,7556,Group Stage,2,74,11,Japan,0.095532015,False,False
WC2018,7556,Group Stage,2,77,30,Japan,0.4889436,True,True
WC2018,7556,Group Stage,2,83,47,Senegal,0.13177194,False,False
WC2018,7556,Group Stage,2,91,35,Senegal,0.052775476,False,False
WC2018,7556,Group Stage,2,93,56,Senegal,0.079468675,False,False
WC2018,7559,Group Stage,1,2,39,Saudi Arabia,0.026144106,False,False
WC2018,7559,Group Stage,1,11,31,Saudi Arabia,0.018380644,False,False
WC2018,7559,Group Stage,1,12,5,Egypt,0.021711508,False,False
WC2018,7559,Group Stage,1,14,23,Saudi Arabia,0.06795994,False,False
WC2018,7559,Group Stage,1,21,25,Egypt,0.10416558,True,True
WC2018,7559,Group Stage,1,23,50,Egypt,0.4475475,False,False
WC2018,7559,Group Stage,1,24,54,Saudi Arabia,0.015093114,False,True
WC2018,7559,Group Stage,1,29,40,Saudi Arabia,0.026268508,False,False
WC2018,7559,Group Stage,1,31,17,Saudi Arabia,0.009558939,False,False
WC2018,7559,Group Stage,1,32,52,Egypt,0.12628312,False,False
WC2018,7559,Group Stage,1,33,38,Egypt,0.054578535,False,False
WC2018,7559,Group Stage,1,36,35,Saudi Arabia,0.15514064,False,False
WC2018,7559,Group Stage,1,40,16,Saudi Arabia,0.7835,False,True
WC2018,7559,Group Stage,1,40,52,Saudi Arabia,0.11193772,False,False
WC2018,7559,Group Stage,1,50,35,Saudi Arabia,0.7835,True,True
WC2018,7559,Group Stage,2,53,57,Saudi Arabia,0.047208663,False,False
WC2018,7559,Group Stage,2,56,16,Egypt,0.10016992,False,False
WC2018,7559,Group Stage,2,57,18,Saudi Arabia,0.010199119,False,False
WC2018,7559,Group Stage,2,59,21,Saudi Arabia,0.022161836,False,False
WC2018,7559,Group Stage,2,62,48,Saudi Arabia,0.03571275,False,False
WC2018,7559,Group Stage,2,68,34,Saudi Arabia,0.09736647,False,True
WC2018,7559,Group Stage,2,69,7,Saudi Arabia,0.10910001,False,True
WC2018,7559,Group Stage,2,70,17,Egypt,0.040299565,False,False
WC2018,7559,Group Stage,2,73,57,Saudi Arabia,0.03069722,False,False
WC2018,7559,Group Stage,2,76,9,Egypt,0.028970212,False,False
WC2018,7559,Group Stage,2,80,4,Saudi Arabia,0.06562346,False,False
WC2018,7559,Group Stage,2,80,57,Saudi Arabia,0.08890756,False,True
WC2018,7559,Group Stage,2,90,30,Saudi Arabia,0.020325344,False,False
WC2018,7559,Group Stage,2,94,5,Saudi Arabia,0.021029433,True,True
WC2022,3857276,Group Stage,1,2,5,Canada,0.038882375,False,False
WC2022,3857276,Group Stage,1,3,29,Morocco,0.024477394,True,True
WC2022,3857276,Group Stage,1,8,18,Morocco,0.02207015,False,False
WC2022,3857276,Group Stage,1,9,9,Morocco,0.06158555,False,False
WC2022,3857276,Group Stage,1,14,7,Canada,0.27914461,False,False
WC2022,3857276,Group Stage,1,15,6,Morocco,0.022624016,False,False
WC2022,3857276,Group Stage,1,22,36,Morocco,0.10405799,True,True
WC2022,3857276,Group Stage,1,32,45,Morocco,0.09711841,False,False
WC2022,3857276,Group Stage,1,47,18,Morocco,0.094470315,False,False
WC2022,3857276,Group Stage,2,57,6,Canada,0.051903803,False,False
WC2022,3857276,Group Stage,2,70,55,Canada,0.086874224,False,False
WC2022,3857276,Group Stage,2,70,57,Canada,0.638813,False,False
WC2022,3857271,Group Stage,1,7,15,England,0.23307544,False,False
WC2022,3857271,Group Stage,1,26,58,England,0.028282227,False,True
WC2022,3857271,Group Stage,1,29,8,England,0.06697492,False,False
WC2022,3857271,Group Stage,1,31,47,England,0.06988547,False,False
WC2022,3857271,Group Stage,1,34,9,England,0.08285139,True,True
WC2022,3857271,Group Stage,1,42,46,England,0.061030492,True,True
WC2022,3857271,Group Stage,1,45,17,England,0.1885282,True,True
WC2022,3857271,Group Stage,1,55,4,Iran,0.11232807,False,False
WC2022,3857271,Group Stage,2,50,11,England,0.042866398,False,False
WC2022,3857271,Group Stage,2,58,56,England,0.021548782,False,False
WC2022,3857271,Group Stage,2,60,16,Iran,0.0065368367,False,False
WC2022,3857271,Group Stage,2,61,26,England,0.080026746,True,True
WC2022,3857271,Group Stage,2,64,33,Iran,0.065701395,True,True
WC2022,3857271,Group Stage,2,69,3,Iran,0.045791544,False,False
WC2022,3857271,Group Stage,2,69,5,Iran,0.028478073,False,False
WC2022,3857271,Group Stage,2,70,51,England,0.40810898,True,True
WC2022,3857271,Group Stage,2,76,20,Iran,0.06202265,False,False
WC2022,3857271,Group Stage,2,83,5,England,0.0776978,False,False
WC2022,3857271,Group Stage,2,89,1,England,0.6262809,True,True
WC2022,3857271,Group Stage,2,97,41,Iran,0.35130003,False,False
WC2022,3857271,Group Stage,2,102,30,Iran,0.7835,True,True
WC2022,3857296,Group Stage,1,0,8,Croatia,0.03397081,False,False
WC2022,3857296,Group Stage,1,9,7,Belgium,0.05519996,False,False
WC2022,3857296,Group Stage,1,10,51,Belgium,0.020840297,False,False
WC2022,3857296,Group Stage,1,12,56,Belgium,0.1934709,False,False
WC2022,3857296,Group Stage,1,24,50,Belgium,0.025340356,False,False
WC2022,3857296,Group Stage,1,32,19,Croatia,0.054300383,False,False
WC2022,3857296,Group Stage,1,32,28,Croatia,0.104244776,False,False
WC2022,3857296,Group Stage,1,41,14,Belgium,0.108029366,False,False
WC2022,3857296,Group Stage,1,44,42,Croatia,0.024362085,False,False
WC2022,3857296,Group Stage,1,48,47,Croatia,0.08771692,False,False
WC2022,3857296,Group Stage,1,48,56,Croatia,0.041306578,False,False
WC2022,3857296,Group Stage,2,47,54,Belgium,0.026916144,False,False
WC2022,3857296,Group Stage,2,48,2,Belgium,0.1189759,False,True
WC2022,3857296,Group Stage,2,49,15,Croatia,0.07960723,False,True
WC2022,3857296,Group Stage,2,49,54,Croatia,0.024012579,False,False
WC2022,3857296,Group Stage,2,50,38,Belgium,0.048855886,False,False
WC2022,3857296,Group Stage,2,53,8,Croatia,0.10219261,False,True
WC2022,3857296,Group Stage,2,53,42,Croatia,0.071706615,False,True
WC2022,3857296,Group Stage,2,59,47,Belgium,0.09935363,False,False
WC2022,3857296,Group Stage,2,59,49,Belgium,0.19960539,False,False
WC2022,3857296,Group Stage,2,61,50,Belgium,0.30245224,False,False
WC2022,3857296,Group Stage,2,67,9,Croatia,0.07160131,False,True
WC2022,3857296,Group Stage,2,68,11,Belgium,0.0061408128,False,True
WC2022,3857296,Group Stage,2,77,41,Belgium,0.07045005,False,False
WC2022,3857296,Group Stage,2,86,9,Belgium,0.04308796,False,False
WC2022,3857296,Group Stage,2,86,9,Belgium,0.4909717,False,False
WC2022,3857296,Group Stage,2,89,41,Belgium,0.5721495,False,True
WC2022,3857274,Group Stage,1,5,3,Netherlands,0.059259485,True,True
WC2022,3857274,Group Stage,1,10,39,Ecuador,0.062208217,False,False
WC2022,3857274,Group Stage,1,23,32,Ecuador,0.030668529,False,False
WC2022,3857274,Group Stage,1,26,56,Ecuador,0.069653474,False,False
WC2022,3857274,Group Stage,1,31,53,Ecuador,0.029882463,False,True
WC2022,3857274,Group Stage,1,46,49,Ecuador,0.024015462,False,False
WC2022,3857274,Group Stage,1,47,48,Ecuador,0.022953799,False,False
WC2022,3857274,Group Stage,1,47,49,Ecuador,0.18923391,False,False
WC2022,3857274,Group Stage,2,48,43,Ecuador,0.08083876,False,True
WC2022,3857274,Group Stage,2,48,44,Ecuador,0.790909,True,True
WC2022,3857274,Group Stage,2,58,46,Ecuador,0.09564507,False,False
WC2022,3857274,Group Stage,2,58,48,Ecuador,0.046335444,False,False
WC2022,3857274,Group Stage,2,63,19,Ecuador,0.13418972,False,False
WC2022,3857274,Group Stage,2,65,12,Netherlands,0.04520454,False,False
WC2022,3857274,Group Stage,2,72,33,Ecuador,0.03323832,False,False
WC2022,3857274,Group Stage,2,80,21,Ecuador,0.007451811,False,False
WC2022,3857274,Group Stage,2,91,54,Ecuador,0.033830326,False,True
WC2022,3857255,Group Stage,1,6,3,Spain,0.03268242,False,False
WC2022,3857255,Group Stage,1,7,12,Japan,0.04214545,False,False
WC2022,3857255,Group Stage,1,8,52,Spain,0.06376064,False,True
WC2022,3857255,Group Stage,1,11,0,Spain,0.33106714,True,True
WC2022,3857255,Group Stage,1,22,34,Spain,0.10093839,False,True
WC2022,3857255,Group Stage,1,35,50,Japan,0.03356069,False,False
WC2022,3857255,Group Stage,1,41,54,Spain,0.10385344,False,False
WC2022,3857255,Group Stage,2,47,48,Japan,0.027777622,True,True
WC2022,3857255,Group Stage,2,50,14,Japan,0.87261814,True,True
WC2022,3857255,Group Stage,2,69,50,Japan,0.13121767,False,False
WC2022,3857255,Group Stage,2,73,12,Spain,0.016301522,False,False
WC2022,3857255,Group Stage,2,79,18,Spain,0.01649772,False,False
WC2022,3857255,Group Stage,2,82,21,Japan,0.0504811,False,True
WC2022,3857255,Group Stage,2,84,30,Spain,0.02842248,False,False
WC2022,3857255,Group Stage,2,88,28,Spain,0.0241939,False,False
WC2022,3857255,Group Stage,2,88,49,Spain,0.007735879,False,True
WC2022,3857255,Group Stage,2,89,8,Spain,0.12373556,False,True
WC2022,3857255,Group Stage,2,95,29,Spain,0.008523117,False,False
WC2022,3857272,Group Stage,1,9,11,England,0.10607713,False,False
WC2022,3857272,Group Stage,1,9,56,England,0.04222343,False,False
WC2022,3857272,Group Stage,1,10,8,England,0.019677445,False,False
WC2022,3857272,Group Stage,1,16,3,United States,0.048006557,False,False
WC2022,3857272,Group Stage,1,25,7,United States,0.18268152,False,False
WC2022,3857272,Group Stage,1,28,6,United States,0.016826272,False,True
WC2022,3857272,Group Stage,1,32,7,United States,0.023374733,False,False
WC2022,3857272,Group Stage,1,40,40,United States,0.056137927,False,False
WC2022,3857272,Group Stage,1,42,11,United States,0.05394238,False,False
WC2022,3857272,Group Stage,1,44,16,England,0.08680134,False,False
WC2022,3857272,Group Stage,1,45,26,England,0.0710417,False,True
WC2022,3857272,Group Stage,2,48,15,United States,0.0422633,False,False
WC2022,3857272,Group Stage,2,48,18,United States,0.032319076,False,False
WC2022,3857272,Group Stage,2,57,51,United States,0.025169194,False,False
WC2022,3857272,Group Stage,2,61,54,United States,0.033566043,False,False
WC2022,3857272,Group Stage,2,86,43,England,0.009332121,False,True
WC2022,3857272,Group Stage,2,90,50,England,0.05556727,False,True
WC2022,3857272,Group Stage,2,92,51,England,0.06991791,False,False
WC2022,3857278,Group Stage,1,8,38,United States,0.045798708,False,False
WC2022,3857278,Group Stage,1,10,32,United States,0.080380306,False,True
WC2022,3857278,Group Stage,1,27,8,United States,0.040954046,False,False
WC2022,3857278,Group Stage,1,27,10,United States,0.12157792,False,True
WC2022,3857278,Group Stage,1,29,16,United States,0.05512647,False,False
WC2022,3857278,Group Stage,1,32,45,United States,0.04585104,False,False
WC2022,3857278,Group Stage,1,36,0,United States,0.043695714,False,False
WC2022,3857278,Group Stage,1,37,49,United States,0.5303789,True,True
WC2022,3857278,Group Stage,1,41,31,United States,0.011004616,False,False
WC2022,3857278,Group Stage,2,46,45,United States,0.05674209,False,True
WC2022,3857278,Group Stage,2,51,11,Iran,0.39133456,False,False
WC2022,3857278,Group Stage,2,68,45,United States,0.080397844,False,False
WC2022,3857278,Group Stage,2,69,53,Iran,0.006830182,False,False
WC2022,3857278,Group Stage,2,92,28,Iran,0.21722858,False,False
WC2022,3857278,Group Stage,2,97,53,Iran,0.30539662,False,True
WC2022,3857278,Group Stage,2,99,26,United States,0.057746947,False,True
WC2022,3857277,Group Stage,1,6,59,Morocco,0.026111592,False,False
WC2022,3857277,Group Stage,1,12,48,Morocco,0.052363984,False,False
WC2022,3857277,Group Stage,1,16,13,Croatia,0.00976612,False,False
WC2022,3857277,Group Stage,1,18,7,Morocco,0.04188839,False,False
WC2022,3857277,Group Stage,1,20,7,Morocco,0.06625415,False,False
WC2022,3857277,Group Stage,1,24,25,Morocco,0.03416934,False,False
WC2022,3857277,Group Stage,1,45,11,Croatia,0.44776994,False,True
WC2022,3857277,Group Stage,1,46,48,Croatia,0.06879163,False,False
WC2022,3857277,Group Stage,1,46,49,Croatia,0.073204115,False,False
WC2022,3857277,Group Stage,2,50,26,Morocco,0.042848527,False,False
WC2022,3857277,Group Stage,2,50,29,Morocco,0.07962643,False,True
WC2022,3857277,Group Stage,2,51,55,Croatia,0.2503287,False,False
WC2022,3857277,Group Stage,2,64,6,Morocco,0.019376563,False,True
WC2022,3857273,Group Stage,1,2,2,Wales,0.023614733,False,False
WC2022,3857273,Group Stage,1,6,37,Iran,0.035244513,False,True
WC2022,3857273,Group Stage,1,11,22,Wales,0.12850787,False,True
WC2022,3857273,Group Stage,1,19,10,Iran,0.017788952,False,False
WC2022,3857273,Group Stage,1,22,36,Iran,0.07202582,False,False
WC2022,3857273,Group Stage,1,28,48,Wales,0.02170084,False,True
WC2022,3857273,Group Stage,1,41,9,Wales,0.030164797,False,False
WC2022,3857273,Group Stage,1,48,50,Iran,0.08566745,False,False
WC2022,3857273,Group Stage,1,49,3,Iran,0.011584845,False,True
WC2022,3857273,Group Stage,2,50,58,Iran,0.28799564,False,False
WC2022,3857273,Group Stage,2,51,8,Iran,0.04282673,False,False
WC2022,3857273,Group Stage,2,51,9,Iran,0.21401532,False,True
WC2022,3857273,Group Stage,2,52,19,Wales,0.22100283,False,False
WC2022,3857273,Group Stage,2,55,28,Iran,0.068153165,False,False
WC2022,3857273,Group Stage,2,63,39,Iran,0.075855605,False,False
WC2022,3857273,Group Stage,2,69,48,Iran,0.015279148,False,False
WC2022,3857273,Group Stage,2,71,42,Iran,0.05160931,False,False
WC2022,3857273,Group Stage,2,72,27,Iran,0.047915842,False,True
WC2022,3857273,Group Stage,2,74,15,Iran,0.0072957636,False,False
WC2022,3857273,Group Stage,2,82,52,Wales,0.025361432,False,False
WC2022,3857273,Group Stage,2,82,56,Wales,0.031851415,False,False
WC2022,3857273,Group Stage,2,82,59,Wales,0.053537875,False,True
WC2022,3857273,Group Stage,2,87,54,Iran,0.06399969,False,False
WC2022,3857273,Group Stage,2,87,59,Iran,0.051057886,False,False
WC2022,3857273,Group Stage,2,95,23,Wales,0.020104993,False,False
WC2022,3857273,Group Stage,2,95,25,Wales,0.059788406,False,False
WC2022,3857273,Group Stage,2,95,43,Iran,0.031046849,False,False
WC2022,3857273,Group Stage,2,96,12,Iran,0.031239294,False,False
WC2022,3857273,Group Stage,2,97,43,Iran,0.011336825,False,False
WC2022,3857273,Group Stage,2,97,56,Iran,0.03268815,True,True
WC2022,3857273,Group Stage,2,100,37,Iran,0.19933115,True,True
WC2022,3857275,Group Stage,1,24,49,France,0.08786314,False,False
WC2022,3857275,Group Stage,1,29,11,Tunisia,0.1007914,False,True
WC2022,3857275,Group Stage,1,34,34,Tunisia,0.016592033,False,True
WC2022,3857275,Group Stage,1,46,45,France,0.041162748,False,False
WC2022,3857275,Group Stage,1,46,59,Tunisia,0.010898009,False,False
WC2022,3857275,Group Stage,2,51,29,Tunisia,0.013856714,False,False
WC2022,3857275,Group Stage,2,57,20,Tunisia,0.15620883,True,True
WC2022,3857275,Group Stage,2,79,23,France,0.061025612,False,False
WC2022,3857275,Group Stage,2,81,8,France,0.080746524,False,False
WC2022,3857275,Group Stage,2,81,14,France,0.020325886,False,True
WC2022,3857275,Group Stage,2,84,28,France,0.06369618,False,False
WC2022,3857275,Group Stage,2,88,19,France,0.01194291,False,True
WC2022,3857275,Group Stage,2,89,11,France,0.041042205,False,False
WC2022,3857275,Group Stage,2,92,32,France,0.06416701,False,False
WC2022,3857275,Group Stage,2,92,37,France,0.005017159,False,True
WC2022,3857261,Group Stage,1,9,11,England,0.28441095,False,True
WC2022,3857261,Group Stage,1,14,3,England,0.02354375,False,False
WC2022,3857261,Group Stage,1,17,59,England,0.01084097,False,False
WC2022,3857261,Group Stage,1,23,3,England,0.010357286,False,False
WC2022,3857261,Group Stage,1,37,12,England,0.05725451,False,False
WC2022,3857261,Group Stage,1,38,12,Wales,0.022615774,False,False
WC2022,3857261,Group Stage,1,38,38,England,0.081256144,False,False
WC2022,3857261,Group Stage,1,43,51,England,0.028181294,False,False
WC2022,3857261,Group Stage,1,47,16,England,0.030065771,False,False
WC2022,3857261,Group Stage,1,47,55,England,0.006450981,False,True
WC2022,3857261,Group Stage,1,49,36,Wales,0.04109325,False,False
WC2022,3857261,Group Stage,2,49,17,England,0.05780817,True,True
WC2022,3857261,Group Stage,2,50,53,England,0.44030064,True,True
WC2022,3857261,Group Stage,2,55,7,Wales,0.00753591,False,True
WC2022,3857261,Group Stage,2,67,40,England,0.096602984,True,True
WC2022,3857261,Group Stage,2,71,21,England,0.13184288,False,True
WC2022,3857261,Group Stage,2,72,29,Wales,0.02192258,False,False
WC2022,3857261,Group Stage,2,76,38,England,0.25030845,False,True
WC2022,3857261,Group Stage,2,76,40,England,0.24362406,False,False
WC2022,3857261,Group Stage,2,76,41,England,0.6100251,False,False
WC2022,3857261,Group Stage,2,82,59,Wales,0.031328887,False,False
WC2022,3857261,Group Stage,2,83,41,Wales,0.025066664,False,False
WC2022,3857261,Group Stage,2,86,15,Wales,0.058446433,False,False
WC2022,3857261,Group Stage,2,90,53,England,0.45507616,False,False
WC2022,3857261,Group Stage,2,93,25,England,0.09753507,False,False
WC2022,3857290,Group Stage,1,9,36,Cameroon,0.016072592,False,True
WC2022,3857290,Group Stage,1,9,38,Cameroon,0.15900026,False,False
WC2022,3857290,Group Stage,1,11,18,Switzerland,0.012105021,False,False
WC2022,3857290,Group Stage,1,25,42,Cameroon,0.009452554,False,False
WC2022,3857290,Group Stage,1,29,7,Cameroon,0.08237888,False,True
WC2022,3857290,Group Stage,1,39,41,Switzerland,0.19001445,False,False
WC2022,3857290,Group Stage,1,40,49,Cameroon,0.041722767,False,False
WC2022,3857290,Group Stage,1,45,50,Switzerland,0.15555824,False,False
WC2022,3857290,Group Stage,2,47,33,Switzerland,0.55189455,True,True
WC2022,3857290,Group Stage,2,49,37,Cameroon,0.24569963,False,True
WC2022,3857290,Group Stage,2,56,31,Cameroon,0.0123953605,False,True
WC2022,3857290,Group Stage,2,65,26,Cameroon,0.046351306,False,True
WC2022,3857290,Group Stage,2,65,50,Switzerland,0.1977995,False,True
WC2022,3857290,Group Stage,2,88,2,Switzerland,0.048882935,False,True
WC2022,3857290,Group Stage,2,94,52,Switzerland,0.27028984,False,False
WC2022,3857298,Group Stage,1,4,10,Portugal,0.02513017,False,False
WC2022,3857298,Group Stage,1,5,47,Portugal,0.07171052,False,False
WC2022,3857298,Group Stage,1,9,27,Portugal,0.4577736,False,True
WC2022,3857298,Group Stage,1,12,26,Portugal,0.2074416,False,False
WC2022,3857298,Group Stage,1,27,31,Portugal,0.07848694,False,False
WC2022,3857298,Group Stage,1,35,37,Portugal,0.045895047,False,True
WC2022,3857298,Group Stage,1,41,16,Portugal,0.030432492,False,False
WC2022,3857298,Group Stage,2,53,2,Ghana,0.015372672,False,False
WC2022,3857298,Group Stage,2,54,33,Ghana,0.030134441,False,False
WC2022,3857298,Group Stage,2,64,20,Portugal,0.7835,True,True
WC2022,3857298,Group Stage,2,66,27,Ghana,0.020453067,False,False
WC2022,3857298,Group Stage,2,68,1,Ghana,0.021057075,False,False
WC2022,3857298,Group Stage,2,71,38,Ghana,0.02159481,False,True
WC2022,3857298,Group Stage,2,72,11,Ghana,0.48524466,True,True
WC2022,3857298,Group Stage,2,77,6,Portugal,0.21504128,True,True
WC2022,3857298,Group Stage,2,79,21,Portugal,0.15539157,True,True
WC2022,3857298,Group Stage,2,88,28,Ghana,0.15547352,True,True
WC2022,3857298,Group Stage,2,91,13,Ghana,0.02431712,False,False
WC2022,3857298,Group Stage,2,95,4,Portugal,0.026070174,False,False
WC2022,3857298,Group Stage,2,97,33,Ghana,0.0063759447,False,False
WC2022,3857285,Group Stage,1,0,45,Senegal,0.034865376,False,False
WC2022,3857285,Group Stage,1,3,55,Netherlands,0.12169348,False,False
WC2022,3857285,Group Stage,1,8,48,Senegal,0.059537582,False,False
WC2022,3857285,Group Stage,1,16,18,Netherlands,0.04866169,False,False
WC2022,3857285,Group Stage,1,18,51,Netherlands,0.03382374,False,False
WC2022,3857285,Group Stage,1,24,39,Senegal,0.034923773,False,False
WC2022,3857285,Group Stage,1,26,38,Netherlands,0.045367446,False,False
WC2022,3857285,Group Stage,1,28,20,Senegal,0.025139945,False,False
WC2022,3857285,Group Stage,1,28,35,Senegal,0.03131155,False,False
WC2022,3857285,Group Stage,1,32,51,Senegal,0.0068181115,False,True
WC2022,3857285,Group Stage,1,39,17,Netherlands,0.030127633,False,False
WC2022,3857285,Group Stage,2,52,40,Netherlands,0.06871433,False,False
WC2022,3857285,Group Stage,2,53,58,Senegal,0.011074076,False,False
WC2022,3857285,Group Stage,2,57,53,Senegal,0.058196757,False,False
WC2022,3857285,Group Stage,2,59,9,Netherlands,0.038496487,False,False
WC2022,3857285,Group Stage,2,64,40,Senegal,0.04221427,False,True
WC2022,3857285,Group Stage,2,72,34,Senegal,0.06520781,False,True
WC2022,3857285,Group Stage,2,74,59,Senegal,0.07416881,False,False
WC2022,3857285,Group Stage,2,81,24,Senegal,0.06430619,False,False
WC2022,3857285,Group Stage,2,83,50,Netherlands,0.28603274,True,True
WC2022,3857285,Group Stage,2,85,51,Senegal,0.008650101,False,True
WC2022,3857285,Group Stage,2,91,0,Senegal,0.014392905,False,False
WC2022,3857285,Group Stage,2,92,55,Senegal,0.16068545,False,False
WC2022,3857285,Group Stage,2,98,16,Netherlands,0.102816984,False,True
WC2022,3857285,Group Stage,2,98,18,Netherlands,0.34814927,True,True
WC2022,3857282,Group Stage,1,9,2,United States,0.25332773,False,False
WC2022,3857282,Group Stage,1,13,45,Wales,0.013776194,False,False
WC2022,3857282,Group Stage,1,28,29,United States,0.0066337776,False,False
WC2022,3857282,Group Stage,1,35,12,United States,0.20100605,True,True
WC2022,3857282,Group Stage,1,44,29,Wales,0.14399761,False,False
WC2022,3857282,Group Stage,2,60,3,Wales,0.032130886,False,False
WC2022,3857282,Group Stage,2,63,54,Wales,0.18666926,False,True
WC2022,3857282,Group Stage,2,64,34,Wales,0.19270518,False,False
WC2022,3857282,Group Stage,2,74,48,United States,0.027433796,False,False
WC2022,3857282,Group Stage,2,76,33,United States,0.09428854,False,False
WC2022,3857282,Group Stage,2,81,33,Wales,0.7835,True,True
WC2022,3857282,Group Stage,2,88,36,Wales,0.042556882,False,True
WC2022,3857282,Group Stage,2,91,13,United States,0.019808901,False,False
WC2022,3857297,Group Stage,1,7,5,Saudi Arabia,0.012477021,False,False
WC2022,3857297,Group Stage,1,12,17,Saudi Arabia,0.03839731,False,True
WC2022,3857297,Group Stage,1,25,36,Poland,0.075333446,False,False
WC2022,3857297,Group Stage,1,32,3,Saudi Arabia,0.044610713,False,False
WC2022,3857297,Group Stage,1,38,57,Poland,0.23496674,True,True
WC2022,3857297,Group Stage,1,40,16,Poland,0.009729679,False,False
WC2022,3857297,Group Stage,1,45,35,Saudi Arabia,0.7835,False,True
WC2022,3857297,Group Stage,1,45,37,Saudi Arabia,0.35719204,False,True
WC2022,3857297,Group Stage,2,50,48,Saudi Arabia,0.005913877,False,False
WC2022,3857297,Group Stage,2,50,53,Saudi Arabia,0.03705331,False,False
WC2022,3857297,Group Stage,2,53,43,Saudi Arabia,0.010959039,False,False
WC2022,3857297,Group Stage,2,54,34,Saudi Arabia,0.16438472,False,True
WC2022,3857297,Group Stage,2,54,36,Saudi Arabia,0.0391187,False,False
WC2022,3857297,Group Stage,2,59,26,Saudi Arabia,0.11089649,False,False
WC2022,3857297,Group Stage,2,60,4,Saudi Arabia,0.07597345,False,False
WC2022,3857297,Group Stage,2,62,31,Poland,0.13519733,False,False
WC2022,3857297,Group Stage,2,65,1,Poland,0.25903136,False,False
WC2022,3857297,Group Stage,2,67,52,Saudi Arabia,0.0660456,False,False
WC2022,3857297,Group Stage,2,68,29,Saudi Arabia,0.03677261,False,True
WC2022,3857297,Group Stage,2,72,28,Poland,0.09536816,False,False
WC2022,3857297,Group Stage,2,77,50,Saudi Arabia,0.10027991,False,False
WC2022,3857297,Group Stage,2,80,55,Poland,0.02819521,False,False
WC2022,3857297,Group Stage,2,81,28,Poland,0.47824246,True,True
WC2022,3857297,Group Stage,2,86,25,Saudi Arabia,0.041744728,False,False
WC2022,3857297,Group Stage,2,89,28,Poland,0.4181081,False,True
WC2022,3857297,Group Stage,2,95,43,Saudi Arabia,0.046656966,False,False
WC2022,3857294,Group Stage,1,0,33,Netherlands,0.04113277,False,False
WC2022,3857294,Group Stage,1,2,44,Qatar,0.015712837,False,True
WC2022,3857294,Group Stage,1,3,20,Netherlands,0.10723932,False,True
WC2022,3857294,Group Stage,1,3,22,Netherlands,0.042171385,False,False
WC2022,3857294,Group Stage,1,6,50,Netherlands,0.023612352,False,False
WC2022,3857294,Group Stage,1,13,57,Netherlands,0.032602046,False,False
WC2022,3857294,Group Stage,1,13,59,Netherlands,0.14338174,False,False
WC2022,3857294,Group Stage,1,18,14,Netherlands,0.08364612,False,False
WC2022,3857294,Group Stage,1,24,6,Qatar,0.067132466,False,False
WC2022,3857294,Group Stage,1,25,15,Netherlands,0.0753362,False,False
WC2022,3857294,Group Stage,1,25,55,Netherlands,0.14035599,True,True
WC2022,3857294,Group Stage,1,28,31,Qatar,0.03016361,False,True
WC2022,3857294,Group Stage,1,47,52,Netherlands,0.029451067,False,False
WC2022,3857294,Group Stage,2,48,53,Netherlands,0.2959347,False,True
WC2022,3857294,Group Stage,2,48,55,Netherlands,0.6883914,True,True
WC2022,3857294,Group Stage,2,76,12,Qatar,0.024495702,False,True
WC2022,3857294,Group Stage,2,87,32,Qatar,0.00621196,False,False
WC2022,3857294,Group Stage,2,91,22,Netherlands,0.010698183,False,False
WC2022,3857266,Group Stage,1,5,21,France,0.04759094,False,False
WC2022,3857266,Group Stage,1,9,9,France,0.10936305,False,False
WC2022,3857266,Group Stage,1,12,34,France,0.0425816,False,False
WC2022,3857266,Group Stage,1,14,53,France,0.11903284,False,False
WC2022,3857266,Group Stage,1,20,18,France,0.04225832,False,True
WC2022,3857266,Group Stage,1,29,53,France,0.02881258,False,False
WC2022,3857266,Group Stage,1,32,48,France,0.010852635,False,True
WC2022,3857266,Group Stage,1,32,52,France,0.054124165,False,False
WC2022,3857266,Group Stage,1,32,55,France,0.046849832,False,False
WC2022,3857266,Group Stage,1,33,36,France,0.02230111,False,False
WC2022,3857266,Group Stage,1,35,17,Denmark,0.048269883,False,False
WC2022,3857266,Group Stage,1,36,33,France,0.045027424,False,False
WC2022,3857266,Group Stage,1,39,33,France,0.18605462,False,False
WC2022,3857266,Group Stage,1,44,43,Denmark,0.006951803,False,False
WC2022,3857266,Group Stage,1,47,25,France,0.011081066,False,False
WC2022,3857266,Group Stage,2,55,59,France,0.03630777,False,True
WC2022,3857266,Group Stage,2,59,2,France,0.21733604,False,False
WC2022,3857266,Group Stage,2,60,25,France,0.08505598,True,True
WC2022,3857266,Group Stage,2,67,14,Denmark,0.082872435,False,False
WC2022,3857266,Group Stage,2,67,15,Denmark,0.25384808,True,True
WC2022,3857266,Group Stage,2,72,21,Denmark,0.18929456,False,True
WC2022,3857266,Group Stage,2,73,18,Denmark,0.0264413,False,False
WC2022,3857266,Group Stage,2,77,38,France,0.22405402,False,False
WC2022,3857266,Group Stage,2,78,21,France,0.106879756,False,False
WC2022,3857266,Group Stage,2,79,3,France,0.080693014,False,False
WC2022,3857266,Group Stage,2,80,16,Denmark,0.23786028,False,False
WC2022,3857266,Group Stage,2,83,58,Denmark,0.015153575,False,False
WC2022,3857266,Group Stage,2,85,9,France,0.38353118,True,True
WC2022,3857266,Group Stage,2,88,18,Denmark,0.014218964,False,False
WC2022,3857266,Group Stage,2,90,18,France,0.033781487,False,True
WC2022,3857266,Group Stage,2,96,37,Denmark,0.013632962,False,False
WC2022,3857284,Group Stage,1,13,18,Germany,0.022911863,False,False
WC2022,3857284,Group Stage,1,15,59,Germany,0.026021937,False,False
WC2022,3857284,Group Stage,1,19,49,Germany,0.05193508,False,True
WC2022,3857284,Group Stage,1,25,53,Germany,0.042519,False,False
WC2022,3857284,Group Stage,1,27,31,Germany,0.041637745,False,True
WC2022,3857284,Group Stage,1,28,39,Germany,0.12241382,False,False
WC2022,3857284,Group Stage,1,32,35,Germany,0.7835,True,True
WC2022,3857284,Group Stage,1,37,32,Germany,0.028658802,False,False
WC2022,3857284,Group Stage,1,37,47,Germany,0.03933018,False,False
WC2022,3857284,Group Stage,1,40,37,Germany,0.031919174,False,True
WC2022,3857284,Group Stage,1,41,5,Germany,0.05113006,False,False
WC2022,3857284,Group Stage,1,44,29,Germany,0.06614002,False,False
WC2022,3857284,Group Stage,1,48,33,Germany,0.047906045,False,True
WC2022,3857284,Group Stage,1,48,35,Germany,0.21508263,False,False
WC2022,3857284,Group Stage,1,50,28,Japan,0.07710243,False,False
WC2022,3857284,Group Stage,2,46,34,Germany,0.013327111,False,False
WC2022,3857284,Group Stage,2,49,41,Japan,0.06444196,False,False
WC2022,3857284,Group Stage,2,50,46,Germany,0.15860753,False,False
WC2022,3857284,Group Stage,2,57,6,Japan,0.06737846,False,False
WC2022,3857284,Group Stage,2,59,14,Germany,0.10696415,False,False
WC2022,3857284,Group Stage,2,60,18,Japan,0.06586899,False,False
WC2022,3857284,Group Stage,2,65,30,Japan,0.029970925,False,False
WC2022,3857284,Group Stage,2,66,2,Japan,0.034016185,False,False
WC2022,3857284,Group Stage,2,67,51,Japan,0.0360808,False,False
WC2022,3857284,Group Stage,2,69,46,Germany,0.32657883,False,True
WC2022,3857284,Group Stage,2,69,51,Germany,0.02483029,False,True
WC2022,3857284,Group Stage,2,70,2,Germany,0.11167552,False,True
WC2022,3857284,Group Stage,2,70,4,Germany,0.0550312,False,True
WC2022,3857284,Group Stage,2,72,39,Japan,0.06845111,False,True
WC2022,3857284,Group Stage,2,72,40,Japan,0.28772855,False,False
WC2022,3857284,Group Stage,2,74,45,Japan,0.013784891,False,True
WC2022,3857284,Group Stage,2,74,46,Japan,0.4777511,True,True
WC2022,3857284,Group Stage,2,79,46,Germany,0.18550046,False,False
WC2022,3857284,Group Stage,2,82,42,Japan,0.02668418,True,True
WC2022,3857284,Group Stage,2,89,16,Germany,0.031593546,False,False
WC2022,3857284,Group Stage,2,93,50,Germany,0.017847534,False,False
WC2022,3857284,Group Stage,2,94,42,Germany,0.088851534,False,False
WC2022,3857284,Group Stage,2,97,16,Germany,0.07610536,False,False
WC2022,3857254,Group Stage,1,2,2,Tunisia,0.023819994,False,False
WC2022,3857254,Group Stage,1,4,10,Tunisia,0.014059674,False,False
WC2022,3857254,Group Stage,1,10,46,Tunisia,0.033114884,False,False
WC2022,3857254,Group Stage,1,11,47,Tunisia,0.04366076,False,False
WC2022,3857254,Group Stage,1,22,5,Denmark,0.124032564,False,False
WC2022,3857254,Group Stage,1,22,9,Denmark,0.02765422,False,True
WC2022,3857254,Group Stage,1,32,58,Denmark,0.008709067,False,True
WC2022,3857254,Group Stage,1,38,12,Tunisia,0.046073906,False,False
WC2022,3857254,Group Stage,1,38,14,Tunisia,0.06712157,False,False
WC2022,3857254,Group Stage,1,42,0,Tunisia,0.4656446,False,True
WC2022,3857254,Group Stage,1,42,47,Tunisia,0.059586592,False,False
WC2022,3857254,Group Stage,2,45,11,Tunisia,0.11338296,False,False
WC2022,3857254,Group Stage,2,45,45,Tunisia,0.07208876,False,False
WC2022,3857254,Group Stage,2,50,57,Tunisia,0.020917216,False,False
WC2022,3857254,Group Stage,2,52,1,Tunisia,0.041405495,False,False
WC2022,3857254,Group Stage,2,52,2,Tunisia,0.059058707,False,False
WC2022,3857254,Group Stage,2,56,32,Denmark,0.25651878,False,False
WC2022,3857254,Group Stage,2,68,26,Denmark,0.08509644,False,True
WC2022,3857254,Group Stage,2,69,15,Denmark,0.27134958,False,False
WC2022,3857254,Group Stage,2,69,16,Denmark,0.5683119,False,False
WC2022,3857254,Group Stage,2,75,27,Denmark,0.02872357,False,False
WC2022,3857254,Group Stage,2,91,9,Denmark,0.14539434,False,True
WC2022,3857254,Group Stage,2,91,41,Denmark,0.028684001,False,False
WC2022,3857254,Group Stage,2,96,18,Denmark,0.022084296,False,True
WC2022,3857265,Group Stage,1,6,46,Poland,0.056964528,False,False
WC2022,3857265,Group Stage,1,11,44,Mexico,0.1766503,False,False
WC2022,3857265,Group Stage,1,25,41,Mexico,0.098180205,False,False
WC2022,3857265,Group Stage,1,43,56,Mexico,0.025630916,False,False
WC2022,3857265,Group Stage,1,44,18,Mexico,0.0069717234,False,True
WC2022,3857265,Group Stage,1,46,1,Mexico,0.008207667,False,False
WC2022,3857265,Group Stage,2,51,45,Mexico,0.02413981,False,True
WC2022,3857265,Group Stage,2,57,23,Poland,0.7835,False,True
WC2022,3857265,Group Stage,2,57,26,Poland,0.10166888,False,False
WC2022,3857265,Group Stage,2,59,13,Mexico,0.0609232,False,False
WC2022,3857265,Group Stage,2,63,24,Mexico,0.06434309,False,True
WC2022,3857265,Group Stage,2,65,55,Mexico,0.009746956,False,False
WC2022,3857265,Group Stage,2,79,46,Mexico,0.014301864,False,False
WC2022,3857265,Group Stage,2,81,21,Poland,0.12449861,False,False
WC2022,3857265,Group Stage,2,93,52,Poland,0.04959144,False,True
WC2022,3857265,Group Stage,2,95,25,Poland,0.02170277,False,False
WC2022,3857265,Group Stage,2,95,53,Mexico,0.0400392,False,True
WC2022,3857301,Group Stage,1,3,50,Senegal,0.07323868,False,False
WC2022,3857301,Group Stage,1,8,9,Senegal,0.025409508,False,False
WC2022,3857301,Group Stage,1,14,36,Qatar,0.019990891,False,False
WC2022,3857301,Group Stage,1,15,22,Senegal,0.039485876,False,True
WC2022,3857301,Group Stage,1,16,3,Senegal,0.14633009,False,False
WC2022,3857301,Group Stage,1,23,44,Senegal,0.029332913,False,False
WC2022,3857301,Group Stage,1,25,26,Qatar,0.009041326,False,False
WC2022,3857301,Group Stage,1,40,20,Senegal,0.23054633,True,True
WC2022,3857301,Group Stage,2,47,51,Senegal,0.038498666,True,True
WC2022,3857301,Group Stage,2,54,58,Qatar,0.16305494,False,False
WC2022,3857301,Group Stage,2,56,39,Senegal,0.030363984,False,False
WC2022,3857301,Group Stage,2,58,16,Senegal,0.05329144,False,False
WC2022,3857301,Group Stage,2,60,36,Qatar,0.006098259,False,False
WC2022,3857301,Group Stage,2,62,12,Qatar,0.21404111,False,True
WC2022,3857301,Group Stage,2,66,21,Qatar,0.3277431,False,True
WC2022,3857301,Group Stage,2,68,48,Senegal,0.067961,False,False
WC2022,3857301,Group Stage,2,77,39,Qatar,0.072239615,True,True
WC2022,3857301,Group Stage,2,80,53,Senegal,0.052429575,False,False
WC2022,3857301,Group Stage,2,83,6,Senegal,0.11607656,True,True
WC2022,3857301,Group Stage,2,88,5,Qatar,0.023370314,False,False
WC2022,3857301,Group Stage,2,89,57,Qatar,0.06740542,False,False
WC2022,3857301,Group Stage,2,93,47,Qatar,0.057101198,False,False
WC2022,3857268,Group Stage,1,0,51,Belgium,0.017552001,False,True
WC2022,3857268,Group Stage,1,1,41,Canada,0.0798905,False,False
WC2022,3857268,Group Stage,1,6,18,Canada,0.12589528,False,False
WC2022,3857268,Group Stage,1,7,9,Canada,0.05664073,False,False
WC2022,3857268,Group Stage,1,10,0,Canada,0.7835,False,True
WC2022,3857268,Group Stage,1,10,2,Canada,0.20472932,False,False
WC2022,3857268,Group Stage,1,12,14,Canada,0.033730526,False,False
WC2022,3857268,Group Stage,1,12,51,Canada,0.08619453,False,False
WC2022,3857268,Group Stage,1,15,30,Canada,0.04071268,False,False
WC2022,3857268,Group Stage,1,22,33,Belgium,0.04664896,False,False
WC2022,3857268,Group Stage,1,26,9,Canada,0.04634635,False,False
WC2022,3857268,Group Stage,1,29,16,Canada,0.033541974,False,True
WC2022,3857268,Group Stage,1,30,43,Canada,0.08845105,False,False
WC2022,3857268,Group Stage,1,31,58,Canada,0.088843234,False,False
WC2022,3857268,Group Stage,1,32,31,Belgium,0.08121458,False,False
WC2022,3857268,Group Stage,1,43,32,Belgium,0.24992359,True,True
WC2022,3857268,Group Stage,1,46,53,Canada,0.29588586,False,False
WC2022,3857268,Group Stage,1,48,51,Canada,0.048581414,False,False
WC2022,3857268,Group Stage,2,47,52,Canada,0.120068476,False,False
WC2022,3857268,Group Stage,2,49,42,Canada,0.03604073,False,False
WC2022,3857268,Group Stage,2,62,15,Canada,0.0587075,False,False
WC2022,3857268,Group Stage,2,66,1,Canada,0.022910038,False,False
WC2022,3857268,Group Stage,2,66,41,Belgium,0.0897183,False,False
WC2022,3857268,Group Stage,2,76,49,Canada,0.04574546,False,False
WC2022,3857268,Group Stage,2,79,29,Canada,0.07200206,False,True
WC2022,3857268,Group Stage,2,84,35,Belgium,0.08894938,False,False
WC2022,3857268,Group Stage,2,85,9,Belgium,0.061057936,False,False
WC2022,3857268,Group Stage,2,85,40,Canada,0.111036494,False,False
WC2022,3857268,Group Stage,2,90,3,Belgium,0.025805552,False,False
WC2022,3857268,Group Stage,2,90,51,Belgium,0.009170555,False,True
WC2022,3857268,Group Stage,2,91,22,Canada,0.06675813,False,False
WC2022,3857269,Group Stage,1,5,47,Switzerland,0.05117428,False,False
WC2022,3857269,Group Stage,1,26,41,Brazil,0.21638125,False,True
WC2022,3857269,Group Stage,1,27,17,Brazil,0.023129713,False,False
WC2022,3857269,Group Stage,1,30,19,Brazil,0.02201561,False,True
WC2022,3857269,Group Stage,1,31,27,Brazil,0.022230485,False,False
WC2022,3857269,Group Stage,1,36,51,Brazil,0.02857021,False,False
WC2022,3857269,Group Stage,1,43,40,Brazil,0.14148508,False,False
WC2022,3857269,Group Stage,2,52,37,Switzerland,0.087867536,False,False
WC2022,3857269,Group Stage,2,53,31,Switzerland,0.029704679,False,False
WC2022,3857269,Group Stage,2,54,10,Switzerland,0.028123023,False,False
WC2022,3857269,Group Stage,2,59,39,Switzerland,0.0625126,False,False
WC2022,3857269,Group Stage,2,59,54,Switzerland,0.029247057,False,False
WC2022,3857269,Group Stage,2,69,40,Brazil,0.07814184,False,False
WC2022,3857269,Group Stage,2,71,4,Brazil,0.038312852,False,False
WC2022,3857269,Group Stage,2,80,58,Brazil,0.021188514,False,True
WC2022,3857269,Group Stage,2,82,15,Brazil,0.068805926,True,True
WC2022,3857269,Group Stage,2,86,25,Brazil,0.04824855,False,True
WC2022,3857269,Group Stage,2,86,51,Brazil,0.020722246,False,False
WC2022,3857269,Group Stage,2,93,27,Brazil,0.19349767,False,False
WC2022,3869321,Quarter-finals,1,4,33,Argentina,0.02377054,False,False
WC2022,3869321,Quarter-finals,1,21,36,Argentina,0.037832856,False,False
WC2022,3869321,Quarter-finals,1,23,42,Netherlands,0.089517,False,False
WC2022,3869321,Quarter-finals,1,32,39,Argentina,0.049762752,False,True
WC2022,3869321,Quarter-finals,1,34,4,Argentina,0.43442267,True,True
WC2022,3869321,Quarter-finals,1,39,9,Argentina,0.03387043,False,True
WC2022,3869321,Quarter-finals,2,62,29,Argentina,0.07608311,False,False
WC2022,3869321,Quarter-finals,2,72,39,Argentina,0.7835,True,True
WC2022,3869321,Quarter-finals,2,82,17,Netherlands,0.047416847,True,True
WC2022,3869321,Quarter-finals,2,84,33,Netherlands,0.032538008,False,False
WC2022,3869321,Quarter-finals,2,89,35,Netherlands,0.047394842,False,False
WC2022,3869321,Quarter-finals,2,92,12,Netherlands,0.08017064,False,False
WC2022,3869321,Quarter-finals,2,100,32,Netherlands,0.21959315,True,True
WC2022,3869321,Quarter-finals,4,109,18,Argentina,0.035418287,False,False
WC2022,3869321,Quarter-finals,4,112,14,Netherlands,0.05290734,False,False
WC2022,3869321,Quarter-finals,4,113,47,Argentina,0.2245604,False,False
WC2022,3869321,Quarter-finals,4,114,54,Argentina,0.032085553,False,False
WC2022,3869321,Quarter-finals,4,115,53,Argentina,0.04452438,False,False
WC2022,3869321,Quarter-finals,4,118,36,Argentina,0.08241133,False,True
WC2022,3869321,Quarter-finals,4,119,27,Argentina,0.04201436,False,False
WC2022,3869321,Quarter-finals,4,120,9,Argentina,0.038940463,False,False
WC2022,3869321,Quarter-finals,5,120,5,Netherlands,0.7835,False,True
WC2022,3869321,Quarter-finals,5,121,3,Argentina,0.7835,True,True
WC2022,3869321,Quarter-finals,5,121,45,Netherlands,0.7835,False,True
WC2022,3869321,Quarter-finals,5,122,39,Argentina,0.7835,True,True
WC2022,3869321,Quarter-finals,5,123,31,Netherlands,0.7835,True,True
WC2022,3869321,Quarter-finals,5,124,15,Argentina,0.7835,True,True
WC2022,3869321,Quarter-finals,5,124,59,Netherlands,0.7835,True,True
WC2022,3869321,Quarter-finals,5,126,0,Argentina,0.7835,False,False
WC2022,3869321,Quarter-finals,5,126,40,Netherlands,0.7835,True,True
WC2022,3869321,Quarter-finals,5,127,42,Argentina,0.7835,True,True
WC2022,3857292,Group Stage,1,1,49,Germany,0.06331741,False,True
WC2022,3857292,Group Stage,1,6,57,Germany,0.15352516,False,False
WC2022,3857292,Group Stage,1,8,2,Germany,0.14610097,False,False
WC2022,3857292,Group Stage,1,9,31,Germany,0.0895267,True,True
WC2022,3857292,Group Stage,1,13,56,Germany,0.18187125,False,True
WC2022,3857292,Group Stage,1,20,33,Germany,0.069567084,False,False
WC2022,3857292,Group Stage,1,29,32,Germany,0.044056788,False,False
WC2022,3857292,Group Stage,1,34,3,Germany,0.011488004,False,True
WC2022,3857292,Group Stage,1,35,30,Germany,0.16202919,False,False
WC2022,3857292,Group Stage,1,38,59,Germany,0.06251996,False,False
WC2022,3857292,Group Stage,1,41,56,Costa Rica,0.14103858,False,True
WC2022,3857292,Group Stage,1,44,35,Germany,0.080942705,False,False
WC2022,3857292,Group Stage,1,45,12,Germany,0.078109905,False,False
WC2022,3857292,Group Stage,2,51,11,Costa Rica,0.050267275,False,False
WC2022,3857292,Group Stage,2,51,29,Costa Rica,0.042256437,False,True
WC2022,3857292,Group Stage,2,54,46,Germany,0.029866349,False,False
WC2022,3857292,Group Stage,2,54,54,Germany,0.02438984,False,False
WC2022,3857292,Group Stage,2,57,38,Costa Rica,0.099276,False,True
WC2022,3857292,Group Stage,2,57,39,Costa Rica,0.4798206,True,True
WC2022,3857292,Group Stage,2,60,12,Germany,0.082946144,False,False
WC2022,3857292,Group Stage,2,60,14,Germany,0.1066145,False,False
WC2022,3857292,Group Stage,2,61,1,Germany,0.05438086,False,False
WC2022,3857292,Group Stage,2,61,42,Germany,0.41498688,False,False
WC2022,3857292,Group Stage,2,66,28,Germany,0.037713535,False,False
WC2022,3857292,Group Stage,2,66,50,Germany,0.110909514,False,False
WC2022,3857292,Group Stage,2,69,6,Costa Rica,0.18427365,False,True
WC2022,3857292,Group Stage,2,72,4,Germany,0.4749194,True,True
WC2022,3857292,Group Stage,2,73,55,Germany,0.14038351,False,False
WC2022,3857292,Group Stage,2,75,18,Germany,0.36338806,False,True
WC2022,3857292,Group Stage,2,79,4,Costa Rica,0.037811525,False,False
WC2022,3857292,Group Stage,2,83,2,Germany,0.060394496,False,False
WC2022,3857292,Group Stage,2,84,2,Germany,0.31018513,True,True
WC2022,3857292,Group Stage,2,85,21,Germany,0.11890341,False,True
WC2022,3857292,Group Stage,2,85,23,Germany,0.066507556,False,True
WC2022,3857292,Group Stage,2,88,13,Germany,0.510154,True,True
WC2022,3857292,Group Stage,2,94,58,Germany,0.046867393,False,False
WC2022,3857292,Group Stage,2,95,14,Germany,0.13407986,False,False
WC2022,3857292,Group Stage,2,99,26,Germany,0.085460834,False,True
WC2022,3857295,Group Stage,1,2,18,Japan,0.015573137,False,False
WC2022,3857295,Group Stage,1,3,36,Costa Rica,0.01353695,False,False
WC2022,3857295,Group Stage,1,34,14,Costa Rica,0.014244432,False,False
WC2022,3857295,Group Stage,1,34,18,Costa Rica,0.051288527,False,False
WC2022,3857295,Group Stage,1,37,45,Japan,0.03132781,False,False
WC2022,3857295,Group Stage,2,45,25,Japan,0.09737273,False,True
WC2022,3857295,Group Stage,2,45,28,Japan,0.051375452,False,False
WC2022,3857295,Group Stage,2,47,9,Japan,0.042255066,False,False
WC2022,3857295,Group Stage,2,47,13,Japan,0.08747226,False,True
WC2022,3857295,Group Stage,2,49,26,Japan,0.07774679,False,False
WC2022,3857295,Group Stage,2,49,29,Japan,0.04122181,False,False
WC2022,3857295,Group Stage,2,56,21,Japan,0.022210024,False,False
WC2022,3857295,Group Stage,2,62,40,Japan,0.08557594,False,False
WC2022,3857295,Group Stage,2,71,22,Japan,0.10029054,False,False
WC2022,3857295,Group Stage,2,71,24,Japan,0.027111016,False,False
WC2022,3857295,Group Stage,2,80,8,Costa Rica,0.120298475,True,True
WC2022,3857295,Group Stage,2,87,48,Japan,0.09400092,False,True
WC2022,3869685,Final,1,4,40,Argentina,0.024542088,False,True
WC2022,3869685,Final,1,7,36,Argentina,0.062813334,False,False
WC2022,3869685,Final,1,16,15,Argentina,0.106800534,False,False
WC2022,3869685,Final,1,22,24,Argentina,0.7835,True,True
WC2022,3869685,Final,1,31,35,Argentina,0.010577817,False,False
WC2022,3869685,Final,1,35,22,Argentina,0.30340916,True,True
WC2022,3869685,Final,2,48,49,Argentina,0.040216275,False,True
WC2022,3869685,Final,2,58,21,Argentina,0.05953379,False,True
WC2022,3869685,Final,2,59,51,Argentina,0.11555985,False,False
WC2022,3869685,Final,2,67,15,France,0.09618377,False,False
WC2022,3869685,Final,2,70,9,France,0.050644457,False,False
WC2022,3869685,Final,2,71,31,Argentina,0.041589838,False,True
WC2022,3869685,Final,2,79,24,France,0.7835,True,True
WC2022,3869685,Final,2,80,59,France,0.1017027,True,True
WC2022,3869685,Final,2,83,23,Argentina,0.030159522,False,False
WC2022,3869685,Final,2,92,57,France,0.0324491,False,False
WC2022,3869685,Final,2,93,45,France,0.09333491,False,True
WC2022,3869685,Final,2,96,37,Argentina,0.0430315,False,True
WC2022,3869685,Final,3,92,5,Argentina,0.019259434,False,False
WC2022,3869685,Final,3,99,54,France,0.023031652,False,False
WC2022,3869685,Final,3,104,28,Argentina,0.23260574,False,False
WC2022,3869685,Final,3,104,30,Argentina,0.020604363,False,False
WC2022,3869685,Final,3,105,41,Argentina,0.14029205,False,False
WC2022,3869685,Final,4,106,55,Argentina,0.024784861,False,True
WC2022,3869685,Final,4,107,57,Argentina,0.10407211,False,True
WC2022,3869685,Final,4,107,58,Argentina,0.48840353,True,True
WC2022,3869685,Final,4,115,38,France,0.03075741,False,False
WC2022,3869685,Final,4,117,5,France,0.7835,True,True
WC2022,3869685,Final,4,122,44,France,0.27751395,False,True
WC2022,3869685,Final,4,122,59,Argentina,0.10655013,False,False
WC2022,3869685,Final,5,120,13,France,0.7835,True,True
WC2022,3869685,Final,5,121,2,Argentina,0.7835,True,True
WC2022,3869685,Final,5,121,42,France,0.7835,False,True
WC2022,3869685,Final,5,122,27,Argentina,0.7835,True,True
WC2022,3869685,Final,5,123,29,France,0.7835,False,False
WC2022,3869685,Final,5,124,16,Argentina,0.7835,True,True
WC2022,3869685,Final,5,125,9,France,0.7835,True,True
WC2022,3869685,Final,5,125,57,Argentina,0.7835,True,True
WC2022,3869684,3rd Place Final,1,6,28,Croatia,0.1243582,True,True
WC2022,3869684,3rd Place Final,1,8,17,Morocco,0.4178385,True,True
WC2022,3869684,3rd Place Final,1,9,35,Croatia,0.02730659,False,False
WC2022,3869684,3rd Place Final,1,13,55,Croatia,0.040524755,False,False
WC2022,3869684,3rd Place Final,1,17,21,Croatia,0.11308218,False,False
WC2022,3869684,3rd Place Final,1,17,29,Croatia,0.13429043,False,True
WC2022,3869684,3rd Place Final,1,23,25,Croatia,0.07012748,False,True
WC2022,3869684,3rd Place Final,1,32,9,Morocco,0.08611878,False,False
WC2022,3869684,3rd Place Final,1,36,19,Morocco,0.04761149,False,False
WC2022,3869684,3rd Place Final,1,39,41,Morocco,0.014617449,False,False
WC2022,3869684,3rd Place Final,1,41,43,Croatia,0.013095795,True,True
WC2022,3869684,3rd Place Final,1,46,36,Croatia,0.02019975,False,False
WC2022,3869684,3rd Place Final,2,46,22,Croatia,0.028195048,False,False
WC2022,3869684,3rd Place Final,2,54,5,Croatia,0.0065055056,False,False
WC2022,3869684,3rd Place Final,2,64,57,Morocco,0.072652236,False,False
WC2022,3869684,3rd Place Final,2,70,24,Croatia,0.03597725,False,False
WC2022,3869684,3rd Place Final,2,74,35,Morocco,0.16040824,False,True
WC2022,3869684,3rd Place Final,2,86,30,Croatia,0.23560598,False,False
WC2022,3869684,3rd Place Final,2,89,48,Morocco,0.057190012,False,False
WC2022,3869684,3rd Place Final,2,90,4,Morocco,0.021768013,False,False
WC2022,3869684,3rd Place Final,2,95,31,Morocco,0.1132524,False,False
WC2022,3857256,Group Stage,1,0,18,Switzerland,0.036565553,False,False
WC2022,3857256,Group Stage,1,0,22,Switzerland,0.35328916,False,True
WC2022,3857256,Group Stage,1,0,23,Switzerland,0.06952749,False,True
WC2022,3857256,Group Stage,1,4,35,Serbia,0.08160872,False,False
WC2022,3857256,Group Stage,1,10,5,Serbia,0.030001678,False,False
WC2022,3857256,Group Stage,1,10,7,Serbia,0.5168786,False,True
WC2022,3857256,Group Stage,1,13,35,Switzerland,0.09611784,False,False
WC2022,3857256,Group Stage,1,19,11,Switzerland,0.06969889,True,True
WC2022,3857256,Group Stage,1,21,11,Switzerland,0.04476528,False,True
WC2022,3857256,Group Stage,1,22,15,Serbia,0.08628477,False,True
WC2022,3857256,Group Stage,1,25,56,Serbia,0.06371751,True,True
WC2022,3857256,Group Stage,1,29,53,Switzerland,0.3934682,False,False
WC2022,3857256,Group Stage,1,34,28,Serbia,0.15928414,True,True
WC2022,3857256,Group Stage,1,37,26,Switzerland,0.0683221,False,False
WC2022,3857256,Group Stage,1,43,41,Switzerland,0.72697556,True,True
WC2022,3857256,Group Stage,1,47,38,Serbia,0.056521177,False,False
WC2022,3857256,Group Stage,2,47,38,Switzerland,0.15381548,True,True
WC2022,3857256,Group Stage,2,56,32,Switzerland,0.07925899,False,False
WC2022,3857256,Group Stage,2,56,33,Switzerland,0.6647709,False,False
WC2022,3857256,Group Stage,2,60,6,Serbia,0.061684445,False,False
WC2022,3857256,Group Stage,2,70,49,Serbia,0.03203667,False,False
WC2022,3857256,Group Stage,2,72,0,Serbia,0.02594082,False,False
WC2022,3857256,Group Stage,2,81,58,Switzerland,0.030122569,False,False
WC2022,3857256,Group Stage,2,88,48,Switzerland,0.31681746,False,True
WC2022,3857256,Group Stage,2,91,50,Serbia,0.03223471,False,False
WC2022,3857256,Group Stage,2,99,51,Serbia,0.042810295,False,False
WC2022,3869151,Round of 16,1,16,29,Argentina,0.011147299,False,False
WC2022,3869151,Round of 16,1,28,9,Australia,0.06809473,False,False
WC2022,3869151,Round of 16,1,34,35,Argentina,0.06663833,True,True
WC2022,3869151,Round of 16,2,49,59,Argentina,0.04517154,False,True
WC2022,3869151,Round of 16,2,56,41,Argentina,0.28060678,True,True
WC2022,3869151,Round of 16,2,65,50,Argentina,0.032841697,False,False
WC2022,3869151,Round of 16,2,74,43,Argentina,0.05181273,False,False
WC2022,3869151,Round of 16,2,76,9,Australia,0.013616442,False,False
WC2022,3869151,Round of 16,2,80,8,Australia,0.07721693,False,False
WC2022,3869151,Round of 16,2,80,41,Australia,0.033247408,False,False
WC2022,3869151,Round of 16,2,87,15,Argentina,0.051439364,False,False
WC2022,3869151,Round of 16,2,88,11,Argentina,0.24890411,False,False
WC2022,3869151,Round of 16,2,92,10,Argentina,0.37209997,False,True
WC2022,3869151,Round of 16,2,92,50,Argentina,0.055600196,False,False
WC2022,3869151,Round of 16,2,93,43,Argentina,0.046685893,False,False
WC2022,3869151,Round of 16,2,93,54,Argentina,0.032042325,False,False
WC2022,3869151,Round of 16,2,93,59,Argentina,0.076142184,False,True
WC2022,3869151,Round of 16,2,94,0,Argentina,0.110446885,False,False
WC2022,3869151,Round of 16,2,96,36,Australia,0.23394231,False,True
WC2022,3857257,Group Stage,1,2,29,Australia,0.038979717,False,False
WC2022,3857257,Group Stage,1,10,0,Denmark,0.09599891,False,False
WC2022,3857257,Group Stage,1,10,52,Denmark,0.019605601,False,True
WC2022,3857257,Group Stage,1,13,33,Denmark,0.10059545,False,False
WC2022,3857257,Group Stage,1,21,44,Australia,0.010740947,False,True
WC2022,3857257,Group Stage,1,24,7,Denmark,0.09373255,False,True
WC2022,3857257,Group Stage,1,28,36,Denmark,0.035615563,False,False
WC2022,3857257,Group Stage,1,31,33,Australia,0.037495814,False,True
WC2022,3857257,Group Stage,1,40,57,Australia,0.010397313,False,True
WC2022,3857257,Group Stage,2,46,10,Australia,0.049681988,False,False
WC2022,3857257,Group Stage,2,47,47,Australia,0.17342122,False,False
WC2022,3857257,Group Stage,2,51,59,Denmark,0.046983063,False,False
WC2022,3857257,Group Stage,2,59,56,Australia,0.11353828,True,True
WC2022,3857257,Group Stage,2,68,4,Denmark,0.070518844,False,False
WC2022,3857257,Group Stage,2,68,39,Denmark,0.020115681,False,False
WC2022,3857257,Group Stage,2,76,24,Denmark,0.019515881,False,False
WC2022,3857257,Group Stage,2,76,25,Denmark,0.049264465,False,True
WC2022,3857257,Group Stage,2,81,19,Denmark,0.048889678,False,False
WC2022,3857257,Group Stage,2,84,55,Australia,0.035468098,False,False
WC2022,3857257,Group Stage,2,87,30,Denmark,0.03670106,False,False
WC2022,3857257,Group Stage,2,94,11,Denmark,0.08217044,False,True
WC2022,3857257,Group Stage,2,94,59,Denmark,0.017447446,False,False
WC2022,3857258,Group Stage,1,12,53,Brazil,0.00018,False,True
WC2022,3857258,Group Stage,1,20,6,Brazil,0.020173745,False,False
WC2022,3857258,Group Stage,1,20,51,Brazil,0.0075366697,False,True
WC2022,3857258,Group Stage,1,34,7,Brazil,0.119197816,False,True
WC2022,3857258,Group Stage,1,36,12,Serbia,0.026318645,False,False
WC2022,3857258,Group Stage,1,40,38,Brazil,0.09814694,False,False
WC2022,3857258,Group Stage,2,45,35,Brazil,0.4224228,False,True
WC2022,3857258,Group Stage,2,49,57,Brazil,0.06281959,False,False
WC2022,3857258,Group Stage,2,50,21,Brazil,0.06673048,False,False
WC2022,3857258,Group Stage,2,50,23,Brazil,0.0399856,False,False
WC2022,3857258,Group Stage,2,53,16,Brazil,0.016877638,False,False
WC2022,3857258,Group Stage,2,54,39,Brazil,0.11246919,False,False
WC2022,3857258,Group Stage,2,59,25,Brazil,0.021819543,False,False
WC2022,3857258,Group Stage,2,59,36,Brazil,0.009459062,False,False
WC2022,3857258,Group Stage,2,61,57,Brazil,0.07986015,False,True
WC2022,3857258,Group Stage,2,61,58,Brazil,0.568145,True,True
WC2022,3857258,Group Stage,2,66,46,Brazil,0.14253756,False,False
WC2022,3857258,Group Stage,2,68,34,Serbia,0.098937765,False,False
WC2022,3857258,Group Stage,2,69,54,Serbia,0.018288644,False,False
WC2022,3857258,Group Stage,2,72,54,Brazil,0.07569885,True,True
WC2022,3857258,Group Stage,2,76,48,Brazil,0.010592449,False,False
WC2022,3857258,Group Stage,2,80,52,Brazil,0.06218912,False,False
WC2022,3857258,Group Stage,2,81,32,Brazil,0.03669105,False,True
WC2022,3857258,Group Stage,2,82,32,Brazil,0.088970646,False,True
WC2022,3857258,Group Stage,2,84,22,Serbia,0.011090157,False,False
WC2022,3857258,Group Stage,2,86,7,Brazil,0.051727816,False,False
WC2022,3857258,Group Stage,2,87,49,Brazil,0.009657804,False,False
WC2022,3857258,Group Stage,2,97,3,Serbia,0.008691933,False,False
WC2022,3857288,Group Stage,1,5,35,Australia,0.015131147,False,False
WC2022,3857288,Group Stage,1,20,20,Tunisia,0.029703999,False,False
WC2022,3857288,Group Stage,1,22,50,Australia,0.04459479,True,True
WC2022,3857288,Group Stage,1,26,6,Australia,0.03948435,False,False
WC2022,3857288,Group Stage,1,33,45,Australia,0.07543106,False,False
WC2022,3857288,Group Stage,1,37,17,Tunisia,0.031703874,False,False
WC2022,3857288,Group Stage,1,40,6,Tunisia,0.21984866,False,False
WC2022,3857288,Group Stage,1,43,4,Australia,0.040856346,False,True
WC2022,3857288,Group Stage,1,43,38,Australia,0.035070673,False,False
WC2022,3857288,Group Stage,1,45,44,Australia,0.0052714557,False,False
WC2022,3857288,Group Stage,1,47,16,Tunisia,0.23484555,False,False
WC2022,3857288,Group Stage,2,56,17,Australia,0.06400663,False,False
WC2022,3857288,Group Stage,2,60,25,Tunisia,0.020219443,False,False
WC2022,3857288,Group Stage,2,65,18,Tunisia,0.058604978,False,False
WC2022,3857288,Group Stage,2,71,22,Tunisia,0.026706748,False,True
WC2022,3857288,Group Stage,2,71,50,Tunisia,0.048467197,False,True
WC2022,3857288,Group Stage,2,73,15,Australia,0.039191317,False,False
WC2022,3857288,Group Stage,2,74,6,Tunisia,0.10262261,False,False
WC2022,3857288,Group Stage,2,83,13,Tunisia,0.012159805,False,True
WC2022,3857288,Group Stage,2,85,32,Tunisia,0.012915949,False,False
WC2022,3857288,Group Stage,2,86,36,Tunisia,0.1403044,False,False
WC2022,3857288,Group Stage,2,87,48,Tunisia,0.09264534,False,True
WC2022,3857288,Group Stage,2,91,46,Tunisia,0.021421792,False,False
WC2022,3857267,Group Stage,1,2,43,Senegal,0.21271749,False,False
WC2022,3857267,Group Stage,1,7,47,Senegal,0.16839646,False,False
WC2022,3857267,Group Stage,1,9,51,Ecuador,0.021615954,False,False
WC2022,3857267,Group Stage,1,9,58,Ecuador,0.02803523,False,False
WC2022,3857267,Group Stage,1,10,52,Senegal,0.042373266,False,False
WC2022,3857267,Group Stage,1,11,53,Senegal,0.02889044,False,False
WC2022,3857267,Group Stage,1,23,37,Senegal,0.023828069,False,False
WC2022,3857267,Group Stage,1,24,20,Senegal,0.025696881,False,False
WC2022,3857267,Group Stage,1,24,27,Senegal,0.035411544,False,False
WC2022,3857267,Group Stage,1,36,31,Senegal,0.03057826,False,False
WC2022,3857267,Group Stage,1,43,41,Senegal,0.7835,True,True
WC2022,3857267,Group Stage,1,46,31,Senegal,0.04522632,False,False
WC2022,3857267,Group Stage,2,48,26,Ecuador,0.025271386,False,True
WC2022,3857267,Group Stage,2,56,59,Ecuador,0.042533338,False,False
WC2022,3857267,Group Stage,2,66,57,Ecuador,0.15397952,False,False
WC2022,3857267,Group Stage,2,66,58,Ecuador,0.5894187,True,True
WC2022,3857267,Group Stage,2,69,30,Senegal,0.23427999,True,True
WC2022,3857267,Group Stage,2,75,48,Ecuador,0.058988493,False,True
WC2022,3857267,Group Stage,2,81,53,Senegal,0.04455093,False,False
WC2022,3857267,Group Stage,2,87,46,Senegal,0.03201506,False,True
WC2022,3857267,Group Stage,2,88,59,Ecuador,0.02928531,False,True
WC2022,3857267,Group Stage,2,93,53,Ecuador,0.052534856,False,False
WC2022,3857287,Group Stage,1,12,38,Uruguay,0.052239094,False,True
WC2022,3857287,Group Stage,1,18,45,Uruguay,0.05187739,False,False
WC2022,3857287,Group Stage,1,33,36,South Korea,0.323128,False,False
WC2022,3857287,Group Stage,1,38,40,South Korea,0.007071261,False,False
WC2022,3857287,Group Stage,1,42,50,Uruguay,0.054689027,False,False
WC2022,3857287,Group Stage,1,45,10,Uruguay,0.046385217,False,False
WC2022,3857287,Group Stage,2,52,7,South Korea,0.046898182,False,False
WC2022,3857287,Group Stage,2,54,21,Uruguay,0.052523207,False,False
WC2022,3857287,Group Stage,2,68,9,Uruguay,0.014167523,False,False
WC2022,3857287,Group Stage,2,68,37,Uruguay,0.03804607,False,False
WC2022,3857287,Group Stage,2,74,42,South Korea,0.023162797,False,False
WC2022,3857287,Group Stage,2,76,51,South Korea,0.036145955,False,False
WC2022,3857287,Group Stage,2,80,43,Uruguay,0.028178101,False,False
WC2022,3857287,Group Stage,2,86,56,Uruguay,0.06689449,False,False
WC2022,3857287,Group Stage,2,88,58,Uruguay,0.012294213,False,False
WC2022,3857287,Group Stage,2,89,54,South Korea,0.0335565,False,False
WC2022,3857287,Group Stage,2,93,6,South Korea,0.023029828,False,False
WC2022,3869486,Quarter-finals,1,3,59,Portugal,0.0989785,False,True
WC2022,3869486,Quarter-finals,1,5,56,Morocco,0.117904566,False,False
WC2022,3869486,Quarter-finals,1,12,26,Portugal,0.019215545,False,False
WC2022,3869486,Quarter-finals,1,17,49,Morocco,0.008206696,False,False
WC2022,3869486,Quarter-finals,1,25,21,Morocco,0.043849364,False,False
WC2022,3869486,Quarter-finals,1,30,9,Portugal,0.027014187,False,False
WC2022,3869486,Quarter-finals,1,34,2,Morocco,0.06053267,False,False
WC2022,3869486,Quarter-finals,1,34,56,Morocco,0.03503226,False,True
WC2022,3869486,Quarter-finals,1,38,46,Portugal,0.060545366,False,False
WC2022,3869486,Quarter-finals,1,41,36,Morocco,0.20030825,True,True
WC2022,3869486,Quarter-finals,1,44,23,Portugal,0.0067060287,False,False
WC2022,3869486,Quarter-finals,1,46,58,Morocco,0.082217455,False,False
WC2022,3869486,Quarter-finals,2,55,0,Morocco,0.032880384,False,False
WC2022,3869486,Quarter-finals,2,57,28,Portugal,0.10594022,False,False
WC2022,3869486,Quarter-finals,2,60,14,Portugal,0.026895314,False,False
WC2022,3869486,Quarter-finals,2,63,4,Portugal,0.057325892,False,False
WC2022,3869486,Quarter-finals,2,70,44,Portugal,0.10927713,False,False
WC2022,3869486,Quarter-finals,2,81,59,Portugal,0.025960794,False,True
WC2022,3869486,Quarter-finals,2,90,24,Portugal,0.05699573,False,True
WC2022,3869486,Quarter-finals,2,95,20,Morocco,0.39109123,False,True
WC2022,3869486,Quarter-finals,2,96,40,Portugal,0.14926605,False,False
WC2022,3857260,Group Stage,1,1,9,Mexico,0.021919996,False,False
WC2022,3857260,Group Stage,1,2,8,Saudi Arabia,0.02182735,False,True
WC2022,3857260,Group Stage,1,2,37,Mexico,0.3665275,False,True
WC2022,3857260,Group Stage,1,7,41,Saudi Arabia,0.047937077,False,False
WC2022,3857260,Group Stage,1,12,58,Saudi Arabia,0.073429175,False,False
WC2022,3857260,Group Stage,1,22,21,Mexico,0.01981399,False,True
WC2022,3857260,Group Stage,1,24,27,Mexico,0.0489465,False,True
WC2022,3857260,Group Stage,1,26,25,Mexico,0.30787364,False,False
WC2022,3857260,Group Stage,1,34,17,Mexico,0.016814427,False,False
WC2022,3857260,Group Stage,1,35,8,Mexico,0.06430086,False,False
WC2022,3857260,Group Stage,1,40,28,Mexico,0.0066389865,False,False
WC2022,3857260,Group Stage,1,40,39,Mexico,0.062194254,False,False
WC2022,3857260,Group Stage,1,44,7,Mexico,0.04950449,False,False
WC2022,3857260,Group Stage,1,44,16,Mexico,0.015146091,False,False
WC2022,3857260,Group Stage,1,50,12,Saudi Arabia,0.10154356,False,False
WC2022,3857260,Group Stage,2,46,12,Mexico,0.018109906,False,True
WC2022,3857260,Group Stage,2,46,17,Mexico,0.0068189544,False,False
WC2022,3857260,Group Stage,2,46,52,Mexico,0.28809994,True,True
WC2022,3857260,Group Stage,2,49,14,Saudi Arabia,0.21450256,False,False
WC2022,3857260,Group Stage,2,51,56,Mexico,0.024289701,True,True
WC2022,3857260,Group Stage,2,54,5,Saudi Arabia,0.030311959,False,False
WC2022,3857260,Group Stage,2,58,56,Mexico,0.09122391,False,False
WC2022,3857260,Group Stage,2,61,53,Saudi Arabia,0.037819926,False,False
WC2022,3857260,Group Stage,2,66,1,Mexico,0.05300886,False,True
WC2022,3857260,Group Stage,2,66,25,Saudi Arabia,0.013105479,False,False
WC2022,3857260,Group Stage,2,69,31,Mexico,0.22500646,False,False
WC2022,3857260,Group Stage,2,72,3,Mexico,0.027150616,False,True
WC2022,3857260,Group Stage,2,75,39,Mexico,0.08600338,False,False
WC2022,3857260,Group Stage,2,77,12,Mexico,0.26870292,False,False
WC2022,3857260,Group Stage,2,77,46,Mexico,0.013687578,False,True
WC2022,3857260,Group Stage,2,80,0,Saudi Arabia,0.019886926,False,False
WC2022,3857260,Group Stage,2,82,14,Mexico,0.057560198,False,False
WC2022,3857260,Group Stage,2,88,12,Mexico,0.06664524,False,False
WC2022,3857260,Group Stage,2,91,25,Mexico,0.05359905,False,True
WC2022,3857260,Group Stage,2,93,10,Mexico,0.06253588,False,False
WC2022,3857260,Group Stage,2,94,40,Saudi Arabia,0.51574713,True,True
WC2022,3857264,Group Stage,1,4,2,Poland,0.061495427,False,False
WC2022,3857264,Group Stage,1,6,30,Argentina,0.050872557,False,True
WC2022,3857264,Group Stage,1,8,53,Argentina,0.034158513,False,False
WC2022,3857264,Group Stage,1,9,53,Argentina,0.053250678,False,True
WC2022,3857264,Group Stage,1,16,9,Argentina,0.05141401,False,False
WC2022,3857264,Group Stage,1,21,36,Poland,0.06557972,False,False
WC2022,3857264,Group Stage,1,27,54,Argentina,0.1493578,False,False
WC2022,3857264,Group Stage,1,27,59,Argentina,0.024708062,False,False
WC2022,3857264,Group Stage,1,32,17,Argentina,0.00018,False,True
WC2022,3857264,Group Stage,1,34,23,Argentina,0.024548035,False,False
WC2022,3857264,Group Stage,1,35,10,Argentina,0.19083758,False,True
WC2022,3857264,Group Stage,1,38,24,Argentina,0.7835,False,True
WC2022,3857264,Group Stage,1,42,9,Argentina,0.03720347,False,True
WC2022,3857264,Group Stage,1,42,10,Argentina,0.3152717,False,True
WC2022,3857264,Group Stage,1,43,16,Argentina,0.010134568,False,True
WC2022,3857264,Group Stage,2,45,53,Argentina,0.107545994,True,True
WC2022,3857264,Group Stage,2,49,0,Poland,0.04381306,False,False
WC2022,3857264,Group Stage,2,52,13,Poland,0.026707038,False,False
WC2022,3857264,Group Stage,2,52,42,Argentina,0.06119443,False,False
WC2022,3857264,Group Stage,2,55,41,Argentina,0.058334265,False,False
WC2022,3857264,Group Stage,2,55,42,Argentina,0.15200824,False,False
WC2022,3857264,Group Stage,2,60,38,Argentina,0.13009955,False,True
WC2022,3857264,Group Stage,2,63,23,Argentina,0.023947677,False,False
WC2022,3857264,Group Stage,2,66,57,Argentina,0.10054177,True,True
WC2022,3857264,Group Stage,2,70,36,Argentina,0.13232325,False,True
WC2022,3857264,Group Stage,2,72,44,Argentina,0.18145993,False,False
WC2022,3857264,Group Stage,2,85,2,Argentina,0.17955275,False,False
WC2022,3857264,Group Stage,2,91,58,Argentina,0.22421487,False,True
WC2022,3857289,Group Stage,1,9,14,Mexico,0.0988946,False,False
WC2022,3857289,Group Stage,1,39,59,Argentina,0.13799548,False,False
WC2022,3857289,Group Stage,1,44,17,Mexico,0.05948228,False,True
WC2022,3857289,Group Stage,1,49,14,Mexico,0.0077116457,False,False
WC2022,3857289,Group Stage,2,47,14,Mexico,0.040303126,False,False
WC2022,3857289,Group Stage,2,50,59,Argentina,0.067327775,False,False
WC2022,3857289,Group Stage,2,63,32,Argentina,0.033919714,True,True
WC2022,3857289,Group Stage,2,69,39,Argentina,0.050896797,False,False
WC2022,3857289,Group Stage,2,86,39,Argentina,0.035064373,True,True
WC2022,3869254,Round of 16,1,4,56,Switzerland,0.06137733,False,False
WC2022,3869254,Round of 16,1,16,43,Portugal,0.10102074,True,True
WC2022,3869254,Round of 16,1,21,3,Portugal,0.032515083,False,True
WC2022,3869254,Round of 16,1,21,54,Portugal,0.072023906,False,True
WC2022,3869254,Round of 16,1,29,38,Switzerland,0.023890225,False,True
WC2022,3869254,Round of 16,1,32,35,Portugal,0.12779379,True,True
WC2022,3869254,Round of 16,1,37,32,Switzerland,0.2948616,False,True
WC2022,3869254,Round of 16,1,37,36,Switzerland,0.024413843,False,False
WC2022,3869254,Round of 16,1,42,11,Portugal,0.31703457,False,True
WC2022,3869254,Round of 16,1,47,18,Portugal,0.021823613,False,False
WC2022,3869254,Round of 16,2,48,11,Portugal,0.09938955,False,False
WC2022,3869254,Round of 16,2,50,5,Portugal,0.5086819,True,True
WC2022,3869254,Round of 16,2,52,32,Portugal,0.043932665,False,False
WC2022,3869254,Round of 16,2,53,20,Portugal,0.05800441,False,False
WC2022,3869254,Round of 16,2,54,55,Portugal,0.35848966,True,True
WC2022,3869254,Round of 16,2,57,5,Switzerland,0.6688656,True,True
WC2022,3869254,Round of 16,2,65,21,Switzerland,0.007870479,False,False
WC2022,3869254,Round of 16,2,66,12,Portugal,0.46699882,True,True
WC2022,3869254,Round of 16,2,70,10,Switzerland,0.04188712,False,False
WC2022,3869254,Round of 16,2,75,51,Portugal,0.028790973,False,False
WC2022,3869254,Round of 16,2,79,35,Switzerland,0.032889098,False,False
WC2022,3869254,Round of 16,2,80,12,Switzerland,0.0836758,False,False
WC2022,3869254,Round of 16,2,84,57,Switzerland,0.032096077,False,False
WC2022,3869254,Round of 16,2,91,12,Portugal,0.010257767,True,True
WC2022,3869254,Round of 16,2,93,45,Portugal,0.03750256,False,False
WC2022,3869118,Round of 16,1,20,25,England,0.08366814,False,False
WC2022,3869118,Round of 16,1,21,59,Senegal,0.05336251,False,False
WC2022,3869118,Round of 16,1,22,0,Senegal,0.629174,False,False
WC2022,3869118,Round of 16,1,31,1,Senegal,0.0358749,False,True
WC2022,3869118,Round of 16,1,38,0,England,0.13174866,True,True
WC2022,3869118,Round of 16,1,40,39,England,0.18422936,False,False
WC2022,3869118,Round of 16,1,47,17,England,0.20664306,True,True
WC2022,3869118,Round of 16,2,49,10,Senegal,0.018660808,False,False
WC2022,3869118,Round of 16,2,53,40,England,0.03518777,False,False
WC2022,3869118,Round of 16,2,55,45,England,0.015214441,False,True
WC2022,3869118,Round of 16,2,56,43,England,0.21738943,True,True
WC2022,3869118,Round of 16,2,68,25,Senegal,0.013223637,False,False
WC2022,3869118,Round of 16,2,73,18,Senegal,0.021199826,False,False
WC2022,3869118,Round of 16,2,83,38,Senegal,0.107544675,False,False
WC2022,3869118,Round of 16,2,86,12,Senegal,0.027956013,False,False
WC2022,3869118,Round of 16,2,88,51,Senegal,0.032847784,False,False
WC2022,3869118,Round of 16,2,90,23,England,0.1459426,False,False
WC2022,3869118,Round of 16,2,92,22,Senegal,0.03296228,False,False
WC2022,3869519,Semi-finals,1,15,52,Croatia,0.014029023,False,False
WC2022,3869519,Semi-finals,1,24,35,Argentina,0.027808638,False,True
WC2022,3869519,Semi-finals,1,30,33,Croatia,0.034139045,False,False
WC2022,3869519,Semi-finals,1,33,27,Argentina,0.7835,True,True
WC2022,3869519,Semi-finals,1,38,26,Argentina,0.36172354,True,True
WC2022,3869519,Semi-finals,1,40,49,Argentina,0.027667157,False,False
WC2022,3869519,Semi-finals,1,41,53,Argentina,0.0684051,False,True
WC2022,3869519,Semi-finals,1,44,48,Croatia,0.026162526,False,False
WC2022,3869519,Semi-finals,1,44,53,Croatia,0.07864248,False,False
WC2022,3869519,Semi-finals,2,48,26,Argentina,0.014370957,False,True
WC2022,3869519,Semi-finals,2,57,5,Argentina,0.10581502,False,True
WC2022,3869519,Semi-finals,2,57,35,Croatia,0.021008598,False,False
WC2022,3869519,Semi-finals,2,61,47,Croatia,0.09374543,False,False
WC2022,3869519,Semi-finals,2,68,46,Argentina,0.33366448,True,True
WC2022,3869519,Semi-finals,2,72,14,Croatia,0.00752127,False,True
WC2022,3869519,Semi-finals,2,74,54,Croatia,0.0058680973,False,False
WC2022,3869519,Semi-finals,2,77,39,Croatia,0.011610668,False,False
WC2022,3869519,Semi-finals,2,82,12,Argentina,0.14140838,False,False
WC2022,3869519,Semi-finals,2,88,23,Croatia,0.044770177,False,True
WC2022,3869519,Semi-finals,2,92,51,Croatia,0.049129687,False,False
WC2022,3869519,Semi-finals,2,94,53,Croatia,0.02342664,False,False
WC2022,3869354,Quarter-finals,1,3,17,England,0.022691524,False,False
WC2022,3869354,Quarter-finals,1,10,35,France,0.21537142,False,True
WC2022,3869354,Quarter-finals,1,16,22,France,0.027870113,True,True
WC2022,3869354,Quarter-finals,1,20,8,England,0.05589417,False,True
WC2022,3869354,Quarter-finals,1,21,29,England,0.07522586,False,True
WC2022,3869354,Quarter-finals,1,21,33,England,0.21807538,False,False
WC2022,3869354,Quarter-finals,1,28,30,England,0.018916143,False,True
WC2022,3869354,Quarter-finals,1,38,45,France,0.06798863,False,False
WC2022,3869354,Quarter-finals,2,46,36,England,0.046397094,False,True
WC2022,3869354,Quarter-finals,2,47,13,England,0.048588943,False,False
WC2022,3869354,Quarter-finals,2,51,1,England,0.017202334,False,False
WC2022,3869354,Quarter-finals,2,53,27,England,0.7835,True,True
WC2022,3869354,Quarter-finals,2,54,44,France,0.06667264,False,True
WC2022,3869354,Quarter-finals,2,59,35,England,0.07073746,False,True
WC2022,3869354,Quarter-finals,2,60,8,France,0.030820057,False,False
WC2022,3869354,Quarter-finals,2,61,6,England,0.029508974,False,True
WC2022,3869354,Quarter-finals,2,69,23,England,0.07199757,False,False
WC2022,3869354,Quarter-finals,2,70,31,England,0.006951497,False,False
WC2022,3869354,Quarter-finals,2,74,53,France,0.075690374,False,False
WC2022,3869354,Quarter-finals,2,76,23,France,0.20829616,False,True
WC2022,3869354,Quarter-finals,2,77,10,France,0.14665264,True,True
WC2022,3869354,Quarter-finals,2,83,35,England,0.7835,False,False
WC2022,3869354,Quarter-finals,2,88,0,England,0.024138648,False,False
WC2022,3869354,Quarter-finals,2,100,5,England,0.07922588,False,False
WC2022,3869552,Semi-finals,1,4,37,France,0.09459595,False,False
WC2022,3869552,Semi-finals,1,4,40,France,0.0979349,True,True
WC2022,3869552,Semi-finals,1,9,38,Morocco,0.01924696,False,True
WC2022,3869552,Semi-finals,1,16,1,Morocco,0.06111174,False,False
WC2022,3869552,Semi-finals,1,16,32,France,0.09802507,False,False
WC2022,3869552,Semi-finals,1,25,27,Morocco,0.020597277,False,False
WC2022,3869552,Semi-finals,1,32,23,France,0.040336993,False,False
WC2022,3869552,Semi-finals,1,34,5,France,0.060999498,False,False
WC2022,3869552,Semi-finals,1,34,7,France,0.061363008,False,False
WC2022,3869552,Semi-finals,1,35,10,France,0.15100354,False,False
WC2022,3869552,Semi-finals,1,35,14,France,0.2635025,False,False
WC2022,3869552,Semi-finals,1,39,33,France,0.07554505,False,False
WC2022,3869552,Semi-finals,1,43,53,Morocco,0.06408756,False,False
WC2022,3869552,Semi-finals,1,43,59,Morocco,0.035300843,False,False
WC2022,3869552,Semi-finals,2,46,56,France,0.01766911,False,False
WC2022,3869552,Semi-finals,2,52,40,Morocco,0.24936919,False,False
WC2022,3869552,Semi-finals,2,53,8,Morocco,0.020691318,False,False
WC2022,3869552,Semi-finals,2,70,57,France,0.115658596,False,False
WC2022,3869552,Semi-finals,2,73,31,France,0.040043775,False,False
WC2022,3869552,Semi-finals,2,78,48,France,0.033641826,False,False
WC2022,3869552,Semi-finals,2,78,49,France,0.8521293,True,True
WC2022,3869552,Semi-finals,2,85,38,Morocco,0.024939176,False,False
WC2022,3869552,Semi-finals,2,92,42,Morocco,0.05950738,False,False
WC2022,3869552,Semi-finals,2,92,46,Morocco,0.06379096,False,False
WC2022,3869552,Semi-finals,2,93,7,Morocco,0.03807111,False,False
WC2022,3869552,Semi-finals,2,93,35,Morocco,0.067406826,False,False
WC2022,3869552,Semi-finals,2,93,35,Morocco,0.50624365,False,False
WC2022,3869420,Quarter-finals,1,4,6,Brazil,0.008460451,False,True
WC2022,3869420,Quarter-finals,1,12,4,Croatia,0.19016835,False,False
WC2022,3869420,Quarter-finals,1,18,26,Croatia,0.026674595,False,False
WC2022,3869420,Quarter-finals,1,19,51,Brazil,0.06970771,False,False
WC2022,3869420,Quarter-finals,1,20,4,Brazil,0.025347186,False,True
WC2022,3869420,Quarter-finals,1,22,37,Brazil,0.030699778,False,False
WC2022,3869420,Quarter-finals,1,29,27,Croatia,0.012010745,False,False
WC2022,3869420,Quarter-finals,1,41,33,Brazil,0.008240742,False,True
WC2022,3869420,Quarter-finals,2,50,3,Croatia,0.11005159,False,False
WC2022,3869420,Quarter-finals,2,54,19,Brazil,0.16692519,False,True
WC2022,3869420,Quarter-finals,2,65,8,Brazil,0.026057322,False,False
WC2022,3869420,Quarter-finals,2,65,31,Brazil,0.26807922,False,True
WC2022,3869420,Quarter-finals,2,66,7,Brazil,0.04353941,False,False
WC2022,3869420,Quarter-finals,2,70,58,Croatia,0.030721588,False,False
WC2022,3869420,Quarter-finals,2,75,47,Brazil,0.12963046,False,True
WC2022,3869420,Quarter-finals,2,79,47,Brazil,0.092192985,False,True
WC2022,3869420,Quarter-finals,2,81,53,Brazil,0.067200735,False,False
WC2022,3869420,Quarter-finals,2,84,20,Croatia,0.026884926,False,False
WC2022,3869420,Quarter-finals,2,85,22,Brazil,0.04975106,False,False
WC2022,3869420,Quarter-finals,2,85,24,Brazil,0.06132018,False,False
WC2022,3869420,Quarter-finals,2,93,36,Brazil,0.013999131,False,True
WC2022,3869420,Quarter-finals,3,91,16,Brazil,0.057022728,False,False
WC2022,3869420,Quarter-finals,3,100,41,Brazil,0.113875866,False,True
WC2022,3869420,Quarter-finals,3,102,19,Croatia,0.12467693,False,False
WC2022,3869420,Quarter-finals,3,104,8,Brazil,0.0154907415,False,False
WC2022,3869420,Quarter-finals,3,105,35,Brazil,0.4674385,True,True
WC2022,3869420,Quarter-finals,4,116,2,Croatia,0.09977819,True,True
WC2022,3869420,Quarter-finals,4,119,45,Croatia,0.01192189,False,False
WC2022,3869420,Quarter-finals,4,121,19,Brazil,0.10135116,False,True
WC2022,3869420,Quarter-finals,5,120,3,Croatia,0.7835,True,True
WC2022,3869420,Quarter-finals,5,120,47,Brazil,0.7835,False,True
WC2022,3869420,Quarter-finals,5,121,38,Croatia,0.7835,True,True
WC2022,3869420,Quarter-finals,5,122,17,Brazil,0.7835,True,True
WC2022,3869420,Quarter-finals,5,123,6,Croatia,0.7835,True,True
WC2022,3869420,Quarter-finals,5,123,49,Brazil,0.7835,True,True
WC2022,3869420,Quarter-finals,5,124,34,Croatia,0.7835,True,True
WC2022,3869420,Quarter-finals,5,125,22,Brazil,0.7835,False,False
WC2022,3869220,Round of 16,1,11,4,Morocco,0.041958537,False,False
WC2022,3869220,Round of 16,1,25,57,Spain,0.025564773,False,False
WC2022,3869220,Round of 16,1,32,18,Morocco,0.023416335,False,True
WC2022,3869220,Round of 16,1,41,52,Morocco,0.25141555,False,False
WC2022,3869220,Round of 16,2,54,0,Spain,0.0073576192,False,True
WC2022,3869220,Round of 16,2,77,37,Spain,0.031760626,False,False
WC2022,3869220,Round of 16,2,81,0,Spain,0.017266534,False,False
WC2022,3869220,Round of 16,2,85,5,Morocco,0.119254045,False,False
WC2022,3869220,Round of 16,2,90,20,Spain,0.049165204,False,False
WC2022,3869220,Round of 16,2,95,0,Spain,0.04145577,False,False
WC2022,3869220,Round of 16,3,99,56,Spain,0.077706024,False,False
WC2022,3869220,Round of 16,3,102,51,Spain,0.0056476467,False,False
WC2022,3869220,Round of 16,3,103,35,Morocco,0.1301347,False,True
WC2022,3869220,Round of 16,3,106,9,Spain,0.024551911,False,False
WC2022,3869220,Round of 16,4,105,1,Morocco,0.004195439,False,False
WC2022,3869220,Round of 16,4,120,46,Spain,0.0709334,False,False
WC2022,3869220,Round of 16,4,121,22,Spain,0.039505202,False,False
WC2022,3869220,Round of 16,4,122,22,Spain,0.10407615,False,False
WC2022,3869220,Round of 16,5,120,7,Morocco,0.7835,True,True
WC2022,3869220,Round of 16,5,121,0,Spain,0.7835,False,False
WC2022,3869220,Round of 16,5,121,51,Morocco,0.7835,True,True
WC2022,3869220,Round of 16,5,122,44,Spain,0.7835,False,True
WC2022,3869220,Round of 16,5,123,36,Morocco,0.7835,False,True
WC2022,3869220,Round of 16,5,124,31,Spain,0.7835,False,True
WC2022,3869220,Round of 16,5,125,36,Morocco,0.7835,True,True
WC2022,3869219,Round of 16,1,2,9,Japan,0.11361285,False,False
WC2022,3869219,Round of 16,1,7,31,Croatia,0.05943511,False,True
WC2022,3869219,Round of 16,1,7,34,Croatia,0.17775308,False,False
WC2022,3869219,Round of 16,1,23,47,Croatia,0.061746918,False,False
WC2022,3869219,Round of 16,1,40,7,Japan,0.08994952,False,False
WC2022,3869219,Round of 16,1,42,54,Japan,0.45874894,True,True
WC2022,3869219,Round of 16,2,45,27,Japan,0.03904812,False,False
WC2022,3869219,Round of 16,2,48,13,Croatia,0.02993381,False,False
WC2022,3869219,Round of 16,2,49,22,Japan,0.041140273,False,False
WC2022,3869219,Round of 16,2,54,54,Croatia,0.02684295,True,True
WC2022,3869219,Round of 16,2,56,56,Japan,0.019910807,False,True
WC2022,3869219,Round of 16,2,59,48,Japan,0.020528734,False,False
WC2022,3869219,Round of 16,2,59,49,Japan,0.052081473,False,False
WC2022,3869219,Round of 16,2,59,52,Japan,0.056113943,False,True
WC2022,3869219,Round of 16,2,62,13,Croatia,0.031055314,False,True
WC2022,3869219,Round of 16,2,65,32,Croatia,0.018378427,False,False
WC2022,3869219,Round of 16,2,65,52,Croatia,0.018472007,False,False
WC2022,3869219,Round of 16,2,65,53,Croatia,0.10111922,False,False
WC2022,3869219,Round of 16,2,73,43,Croatia,0.035465226,False,False
WC2022,3869219,Round of 16,2,76,37,Croatia,0.030077945,False,False
WC2022,3869219,Round of 16,2,85,42,Croatia,0.052599985,False,False
WC2022,3869219,Round of 16,3,91,35,Japan,0.0608747,False,False
WC2022,3869219,Round of 16,3,100,24,Croatia,0.07439702,False,False
WC2022,3869219,Round of 16,3,100,26,Croatia,0.015196718,False,False
WC2022,3869219,Round of 16,3,104,5,Japan,0.054134306,False,True
WC2022,3869219,Round of 16,3,104,9,Japan,0.02615668,False,False
WC2022,3869219,Round of 16,3,104,20,Japan,0.03667642,False,False
WC2022,3869219,Round of 16,4,113,42,Croatia,0.047236525,False,True
WC2022,3869219,Round of 16,4,120,10,Croatia,0.009676031,False,False
WC2022,3869219,Round of 16,4,120,18,Croatia,0.06501122,False,False
WC2022,3869219,Round of 16,5,120,4,Japan,0.7835,False,True
WC2022,3869219,Round of 16,5,120,43,Croatia,0.7835,True,True
WC2022,3869219,Round of 16,5,121,13,Japan,0.7835,False,True
WC2022,3869219,Round of 16,5,121,52,Croatia,0.7835,True,True
WC2022,3869219,Round of 16,5,122,33,Japan,0.7835,True,True
WC2022,3869219,Round of 16,5,123,13,Croatia,0.7835,False,False
WC2022,3869219,Round of 16,5,123,50,Japan,0.7835,False,True
WC2022,3869219,Round of 16,5,124,28,Croatia,0.7835,True,True
WC2022,3869253,Round of 16,1,6,39,Brazil,0.083826184,False,False
WC2022,3869253,Round of 16,1,6,41,Brazil,0.13057186,True,True
WC2022,3869253,Round of 16,1,12,18,Brazil,0.7835,True,True
WC2022,3869253,Round of 16,1,16,15,South Korea,0.016991004,False,True
WC2022,3869253,Round of 16,1,16,40,South Korea,0.026666574,False,False
WC2022,3869253,Round of 16,1,24,57,South Korea,0.0058221314,False,True
WC2022,3869253,Round of 16,1,28,13,Brazil,0.5379008,True,True
WC2022,3869253,Round of 16,1,30,19,Brazil,0.02589997,False,False
WC2022,3869253,Round of 16,1,31,37,South Korea,0.017834108,False,True
WC2022,3869253,Round of 16,1,33,37,Brazil,0.029429397,False,False
WC2022,3869253,Round of 16,1,35,45,Brazil,0.08633457,True,True
WC2022,3869253,Round of 16,1,45,14,Brazil,0.2577265,False,True
WC2022,3869253,Round of 16,1,48,8,Brazil,0.2681848,False,True
WC2022,3869253,Round of 16,1,48,9,Brazil,0.26870713,False,False
WC2022,3869253,Round of 16,2,45,23,Brazil,0.04634087,False,True
WC2022,3869253,Round of 16,2,46,16,South Korea,0.1490943,False,True
WC2022,3869253,Round of 16,2,53,52,Brazil,0.080992505,False,True
WC2022,3869253,Round of 16,2,53,59,Brazil,0.05640157,False,False
WC2022,3869253,Round of 16,2,57,0,Brazil,0.04321825,False,False
WC2022,3869253,Round of 16,2,61,39,Brazil,0.16284284,False,True
WC2022,3869253,Round of 16,2,67,34,South Korea,0.04724954,False,True
WC2022,3869253,Round of 16,2,75,47,South Korea,0.023081098,True,True
WC2022,3869253,Round of 16,2,88,28,Brazil,0.027839905,False,False
WC2022,3869253,Round of 16,2,89,3,Brazil,0.34439024,False,True
WC2022,3869253,Round of 16,2,89,49,South Korea,0.058088522,False,False
WC2022,3869253,Round of 16,2,92,41,Brazil,0.027316706,False,False
WC2022,3869152,Round of 16,1,3,12,France,0.1462742,False,False
WC2022,3869152,Round of 16,1,10,1,France,0.040392082,False,False
WC2022,3869152,Round of 16,1,12,5,France,0.017185243,False,True
WC2022,3869152,Round of 16,1,16,5,France,0.07651916,False,True
WC2022,3869152,Round of 16,1,20,9,Poland,0.03323787,False,False
WC2022,3869152,Round of 16,1,21,22,France,0.01624438,False,True
WC2022,3869152,Round of 16,1,24,4,Poland,0.043646414,False,False
WC2022,3869152,Round of 16,1,32,21,Poland,0.042642463,False,False
WC2022,3869152,Round of 16,1,33,57,Poland,0.023505978,False,False
WC2022,3869152,Round of 16,1,34,52,France,0.047962468,False,True
WC2022,3869152,Round of 16,1,35,31,France,0.046657436,False,False
WC2022,3869152,Round of 16,1,37,8,Poland,0.13905574,False,True
WC2022,3869152,Round of 16,1,37,9,Poland,0.2098723,False,False
WC2022,3869152,Round of 16,1,37,10,Poland,0.07224382,False,False
WC2022,3869152,Round of 16,1,43,28,France,0.28635955,True,True
WC2022,3869152,Round of 16,1,45,24,Poland,0.03898995,False,False
WC2022,3869152,Round of 16,2,47,38,France,0.008752431,False,True
WC2022,3869152,Round of 16,2,47,41,France,0.032634486,False,False
WC2022,3869152,Round of 16,2,55,53,France,0.02943752,False,False
WC2022,3869152,Round of 16,2,62,41,France,0.054253228,False,False
WC2022,3869152,Round of 16,2,65,8,France,0.12365263,False,False
WC2022,3869152,Round of 16,2,70,58,Poland,0.041239407,False,False
WC2022,3869152,Round of 16,2,73,56,France,0.08738103,True,True
WC2022,3869152,Round of 16,2,80,58,France,0.069959894,False,False
WC2022,3869152,Round of 16,2,90,5,France,0.042708755,True,True
WC2022,3869152,Round of 16,2,91,50,Poland,0.061160102,False,False
WC2022,3869152,Round of 16,2,93,41,Poland,0.10443308,False,False
WC2022,3869152,Round of 16,2,98,36,Poland,0.7835,True,True
WC2022,3869117,Round of 16,1,2,10,United States,0.3196895,False,True
WC2022,3869117,Round of 16,1,9,31,Netherlands,0.16183718,True,True
WC2022,3869117,Round of 16,1,17,4,Netherlands,0.07337185,False,False
WC2022,3869117,Round of 16,1,20,20,Netherlands,0.008920797,False,False
WC2022,3869117,Round of 16,1,42,7,United States,0.028368456,False,True
WC2022,3869117,Round of 16,1,43,58,United States,0.07418261,False,False
WC2022,3869117,Round of 16,1,45,36,Netherlands,0.2502288,True,True
WC2022,3869117,Round of 16,2,48,45,United States,0.03899759,False,False
WC2022,3869117,Round of 16,2,48,46,United States,0.2582279,False,True
WC2022,3869117,Round of 16,2,48,55,United States,0.06857926,False,False
WC2022,3869117,Round of 16,2,50,49,United States,0.01609117,False,False
WC2022,3869117,Round of 16,2,52,0,United States,0.040512722,False,True
WC2022,3869117,Round of 16,2,53,0,United States,0.053084504,False,False
WC2022,3869117,Round of 16,2,60,39,Netherlands,0.053106464,False,False
WC2022,3869117,Round of 16,2,60,42,Netherlands,0.046333984,False,True
WC2022,3869117,Round of 16,2,62,41,United States,0.04334448,False,False
WC2022,3869117,Round of 16,2,70,10,Netherlands,0.08036702,False,False
WC2022,3869117,Round of 16,2,70,52,Netherlands,0.04472613,False,True
WC2022,3869117,Round of 16,2,70,54,Netherlands,0.27671057,False,True
WC2022,3869117,Round of 16,2,73,13,United States,0.042619057,False,False
WC2022,3869117,Round of 16,2,74,14,United States,0.046546377,False,False
WC2022,3869117,Round of 16,2,75,20,United States,0.3636808,True,True
WC2022,3869117,Round of 16,2,77,21,Netherlands,0.25042096,False,False
WC2022,3869117,Round of 16,2,78,7,United States,0.031073315,False,True
WC2022,3869117,Round of 16,2,80,28,Netherlands,0.23592436,True,True
WC2022,3869117,Round of 16,2,85,25,United States,0.05674074,False,False
WC2022,3869117,Round of 16,2,88,48,United States,0.043403003,False,False
WC2022,3869117,Round of 16,2,93,29,United States,0.054460905,False,False
WC2022,3869117,Round of 16,2,94,7,United States,0.072495155,False,False
WC2022,3857270,Group Stage,1,2,2,Uruguay,0.039672486,False,False
WC2022,3857270,Group Stage,1,2,59,Portugal,0.048683427,False,False
WC2022,3857270,Group Stage,1,7,17,Portugal,0.014580331,False,False
WC2022,3857270,Group Stage,1,11,6,Uruguay,0.050594334,False,False
WC2022,3857270,Group Stage,1,15,31,Portugal,0.033737455,False,False
WC2022,3857270,Group Stage,1,17,45,Portugal,0.026755862,False,False
WC2022,3857270,Group Stage,1,19,49,Portugal,0.015326656,False,False
WC2022,3857270,Group Stage,1,31,57,Uruguay,0.49410823,False,True
WC2022,3857270,Group Stage,1,34,9,Portugal,0.029249214,False,False
WC2022,3857270,Group Stage,1,34,15,Portugal,0.022321237,False,False
WC2022,3857270,Group Stage,1,35,8,Uruguay,0.07433986,False,False
WC2022,3857270,Group Stage,1,36,45,Portugal,0.028039778,False,False
WC2022,3857270,Group Stage,2,51,38,Portugal,0.036293734,False,False
WC2022,3857270,Group Stage,2,53,40,Portugal,0.0077694156,True,True
WC2022,3857270,Group Stage,2,56,10,Portugal,0.007159395,False,False
WC2022,3857270,Group Stage,2,57,25,Uruguay,0.07401822,False,False
WC2022,3857270,Group Stage,2,59,10,Uruguay,0.03092143,False,True
WC2022,3857270,Group Stage,2,64,40,Uruguay,0.041303303,False,False
WC2022,3857270,Group Stage,2,74,16,Uruguay,0.047642853,False,False
WC2022,3857270,Group Stage,2,77,14,Uruguay,0.088375136,False,False
WC2022,3857270,Group Stage,2,78,9,Uruguay,0.2560759,False,True
WC2022,3857270,Group Stage,2,82,41,Portugal,0.026902085,False,False
WC2022,3857270,Group Stage,2,85,49,Uruguay,0.019629322,False,False
WC2022,3857270,Group Stage,2,92,19,Portugal,0.7835,True,True
WC2022,3857270,Group Stage,2,97,19,Portugal,0.032710962,False,True
WC2022,3857270,Group Stage,2,98,15,Portugal,0.100704454,False,False
WC2022,3857263,Group Stage,1,6,25,Spain,0.032144632,False,False
WC2022,3857263,Group Stage,1,21,14,Spain,0.021667236,False,False
WC2022,3857263,Group Stage,1,24,11,Germany,0.028963488,False,False
WC2022,3857263,Group Stage,1,25,58,Spain,0.068952255,False,False
WC2022,3857263,Group Stage,1,29,40,Germany,0.0065071667,False,False
WC2022,3857263,Group Stage,1,35,4,Spain,0.04777013,False,False
WC2022,3857263,Group Stage,1,44,35,Germany,0.008851705,False,True
WC2022,3857263,Group Stage,2,55,53,Germany,0.09558376,False,True
WC2022,3857263,Group Stage,2,58,0,Spain,0.0118638035,False,True
WC2022,3857263,Group Stage,2,61,33,Spain,0.31874228,True,True
WC2022,3857263,Group Stage,2,63,24,Germany,0.036448006,False,False
WC2022,3857263,Group Stage,2,64,26,Spain,0.13836038,False,False
WC2022,3857263,Group Stage,2,72,0,Germany,0.3730103,False,False
WC2022,3857263,Group Stage,2,72,43,Germany,0.28996226,False,True
WC2022,3857263,Group Stage,2,72,50,Germany,0.024480116,False,False
WC2022,3857263,Group Stage,2,73,17,Germany,0.065169856,False,False
WC2022,3857263,Group Stage,2,80,18,Germany,0.053563386,False,False
WC2022,3857263,Group Stage,2,82,25,Germany,0.16441207,True,True
WC2022,3857259,Group Stage,1,5,38,Serbia,0.06545554,False,False
WC2022,3857259,Group Stage,1,10,2,Serbia,0.016927462,False,False
WC2022,3857259,Group Stage,1,10,14,Serbia,0.012009094,False,False
WC2022,3857259,Group Stage,1,15,11,Cameroon,0.046143826,False,False
WC2022,3857259,Group Stage,1,16,22,Serbia,0.063389905,False,False
WC2022,3857259,Group Stage,1,18,37,Cameroon,0.009715966,False,True
WC2022,3857259,Group Stage,1,19,31,Cameroon,0.029523049,False,False
WC2022,3857259,Group Stage,1,28,6,Cameroon,0.09064111,False,False
WC2022,3857259,Group Stage,1,28,7,Cameroon,0.8945071,True,True
WC2022,3857259,Group Stage,1,42,44,Cameroon,0.0845098,False,True
WC2022,3857259,Group Stage,1,42,45,Cameroon,0.056867022,False,False
WC2022,3857259,Group Stage,1,45,22,Serbia,0.07892812,True,True
WC2022,3857259,Group Stage,1,47,52,Serbia,0.058657028,True,True
WC2022,3857259,Group Stage,1,50,0,Serbia,0.08318807,False,False
WC2022,3857259,Group Stage,1,51,13,Serbia,0.039666813,False,False
WC2022,3857259,Group Stage,2,52,26,Serbia,0.8974681,True,True
WC2022,3857259,Group Stage,2,59,40,Cameroon,0.05176351,False,False
WC2022,3857259,Group Stage,2,61,53,Cameroon,0.02132554,False,True
WC2022,3857259,Group Stage,2,62,22,Serbia,0.10917903,False,False
WC2022,3857259,Group Stage,2,62,52,Cameroon,0.28323865,True,True
WC2022,3857259,Group Stage,2,65,25,Cameroon,0.46942416,True,True
WC2022,3857259,Group Stage,2,69,58,Serbia,0.0304652,False,False
WC2022,3857259,Group Stage,2,75,52,Serbia,0.10947208,False,True
WC2022,3857259,Group Stage,2,77,24,Serbia,0.032438725,False,False
WC2022,3857259,Group Stage,2,86,7,Cameroon,0.025639288,False,True
WC2022,3857259,Group Stage,2,88,4,Serbia,0.1134657,False,False
WC2022,3857259,Group Stage,2,94,8,Cameroon,0.0070103277,False,True
WC2022,3857259,Group Stage,2,94,42,Serbia,0.027356416,False,True
WC2022,3857283,Group Stage,1,4,48,Belgium,0.13561569,False,True
WC2022,3857283,Group Stage,1,15,51,Belgium,0.023734333,False,False
WC2022,3857283,Group Stage,1,16,21,Belgium,0.22733837,False,False
WC2022,3857283,Group Stage,1,18,26,Belgium,0.050302412,False,True
WC2022,3857283,Group Stage,1,20,26,Morocco,0.010982664,False,False
WC2022,3857283,Group Stage,1,27,27,Morocco,0.054105066,False,False
WC2022,3857283,Group Stage,1,34,13,Morocco,0.054164495,False,False
WC2022,3857283,Group Stage,1,34,54,Belgium,0.021631707,False,False
WC2022,3857283,Group Stage,1,38,51,Belgium,0.007375095,False,False
WC2022,3857283,Group Stage,2,49,45,Morocco,0.02991042,False,True
WC2022,3857283,Group Stage,2,51,8,Belgium,0.009158539,False,True
WC2022,3857283,Group Stage,2,51,52,Belgium,0.06452631,False,False
WC2022,3857283,Group Stage,2,56,11,Morocco,0.01369968,False,False
WC2022,3857283,Group Stage,2,60,50,Morocco,0.022188112,False,False
WC2022,3857283,Group Stage,2,64,40,Belgium,0.065653466,False,True
WC2022,3857283,Group Stage,2,68,26,Morocco,0.023304239,False,False
WC2022,3857283,Group Stage,2,72,37,Morocco,0.56495196,True,True
WC2022,3857283,Group Stage,2,81,40,Belgium,0.03727616,False,False
WC2022,3857283,Group Stage,2,90,0,Morocco,0.036752854,False,True
WC2022,3857283,Group Stage,2,91,51,Morocco,0.18104906,True,True
WC2022,3857286,Group Stage,1,15,49,Ecuador,0.7835,True,True
WC2022,3857286,Group Stage,1,28,7,Ecuador,0.057691004,False,False
WC2022,3857286,Group Stage,1,30,44,Ecuador,0.08878088,True,True
WC2022,3857286,Group Stage,1,32,40,Qatar,0.0062173195,False,False
WC2022,3857286,Group Stage,1,49,51,Qatar,0.21267414,False,False
WC2022,3857286,Group Stage,2,51,26,Ecuador,0.0066099144,False,False
WC2022,3857286,Group Stage,2,54,46,Ecuador,0.07894745,False,True
WC2022,3857286,Group Stage,2,61,23,Qatar,0.030855335,False,False
WC2022,3857286,Group Stage,2,74,36,Qatar,0.009109482,False,False
WC2022,3857286,Group Stage,2,85,28,Qatar,0.045332674,False,False
WC2022,3857286,Group Stage,2,94,26,Ecuador,0.13848205,False,False
WC2022,3857300,Group Stage,1,1,34,Argentina,0.15308252,False,True
WC2022,3857300,Group Stage,1,9,15,Argentina,0.7835,True,True
WC2022,3857300,Group Stage,1,20,0,Argentina,0.011924569,False,False
WC2022,3857300,Group Stage,1,41,54,Argentina,0.0877444,False,False
WC2022,3857300,Group Stage,1,41,56,Argentina,0.050540753,False,False
WC2022,3857300,Group Stage,2,47,40,Saudi Arabia,0.080592275,True,True
WC2022,3857300,Group Stage,2,52,36,Saudi Arabia,0.040064447,False,False
WC2022,3857300,Group Stage,2,52,44,Saudi Arabia,0.03280492,True,True
WC2022,3857300,Group Stage,2,62,47,Argentina,0.33156127,False,False
WC2022,3857300,Group Stage,2,62,47,Argentina,0.63619345,False,True
WC2022,3857300,Group Stage,2,68,35,Argentina,0.077176735,False,False
WC2022,3857300,Group Stage,2,71,54,Argentina,0.0639515,False,True
WC2022,3857300,Group Stage,2,73,37,Argentina,0.015201165,False,False
WC2022,3857300,Group Stage,2,75,19,Argentina,0.036932193,False,False
WC2022,3857300,Group Stage,2,79,58,Argentina,0.056788407,False,False
WC2022,3857300,Group Stage,2,83,31,Argentina,0.077553175,False,True
WC2022,3857300,Group Stage,2,90,34,Argentina,0.048093256,False,False
WC2022,3857300,Group Stage,2,100,3,Argentina,0.061390053,False,True
WC2022,3857299,Group Stage,1,3,49,South Korea,0.09163986,False,False
WC2022,3857299,Group Stage,1,7,14,South Korea,0.03008143,False,False
WC2022,3857299,Group Stage,1,7,49,South Korea,0.059008703,False,False
WC2022,3857299,Group Stage,1,7,54,South Korea,0.019586006,False,False
WC2022,3857299,Group Stage,1,17,10,South Korea,0.055939306,False,False
WC2022,3857299,Group Stage,1,23,43,Ghana,0.4040968,True,True
WC2022,3857299,Group Stage,1,33,49,Ghana,0.20083603,True,True
WC2022,3857299,Group Stage,1,44,49,South Korea,0.010946972,False,False
WC2022,3857299,Group Stage,1,49,30,Ghana,0.21468838,False,False
WC2022,3857299,Group Stage,2,49,38,Ghana,0.07450179,False,False
WC2022,3857299,Group Stage,2,52,3,South Korea,0.07677545,False,True
WC2022,3857299,Group Stage,2,57,19,South Korea,0.23484395,True,True
WC2022,3857299,Group Stage,2,60,7,South Korea,0.16237147,True,True
WC2022,3857299,Group Stage,2,67,50,Ghana,0.10557394,False,False
WC2022,3857299,Group Stage,2,67,52,Ghana,0.15416233,True,True
WC2022,3857299,Group Stage,2,74,34,South Korea,0.034794893,False,True
WC2022,3857299,Group Stage,2,75,15,South Korea,0.065267496,False,False
WC2022,3857299,Group Stage,2,75,38,South Korea,0.011154885,False,False
WC2022,3857299,Group Stage,2,75,40,South Korea,0.19109753,False,False
WC2022,3857299,Group Stage,2,82,30,Ghana,0.026676558,False,False
WC2022,3857299,Group Stage,2,83,16,South Korea,0.03964235,False,False
WC2022,3857299,Group Stage,2,85,36,South Korea,0.054534186,False,False
WC2022,3857299,Group Stage,2,90,10,South Korea,0.060233038,False,False
WC2022,3857299,Group Stage,2,90,13,South Korea,0.064945966,False,False
WC2022,3857299,Group Stage,2,90,53,South Korea,0.05996953,False,True
WC2022,3857299,Group Stage,2,93,56,South Korea,0.014336902,False,True
WC2022,3857299,Group Stage,2,99,45,South Korea,0.025138553,False,False
WC2022,3857299,Group Stage,2,100,49,South Korea,0.005484339,False,False
WC2022,3857293,Group Stage,1,15,0,Ghana,0.07146578,False,True
WC2022,3857293,Group Stage,1,20,12,Ghana,0.7835,False,True
WC2022,3857293,Group Stage,1,22,15,Uruguay,0.15781382,False,False
WC2022,3857293,Group Stage,1,25,28,Uruguay,0.2733873,False,True
WC2022,3857293,Group Stage,1,25,30,Uruguay,0.71106935,True,True
WC2022,3857293,Group Stage,1,31,2,Uruguay,0.16736692,True,True
WC2022,3857293,Group Stage,1,36,13,Ghana,0.041819587,False,False
WC2022,3857293,Group Stage,1,49,25,Uruguay,0.03238874,False,False
WC2022,3857293,Group Stage,2,45,56,Ghana,0.08441304,False,False
WC2022,3857293,Group Stage,2,64,30,Uruguay,0.099497445,False,False
WC2022,3857293,Group Stage,2,69,30,Uruguay,0.0066686436,False,True
WC2022,3857293,Group Stage,2,69,56,Uruguay,0.008103582,False,False
WC2022,3857293,Group Stage,2,70,46,Ghana,0.04665373,False,False
WC2022,3857293,Group Stage,2,76,52,Uruguay,0.003913026,False,False
WC2022,3857293,Group Stage,2,78,51,Ghana,0.12024433,False,False
WC2022,3857293,Group Stage,2,80,50,Ghana,0.05586675,False,True
WC2022,3857293,Group Stage,2,94,0,Ghana,0.10750313,False,False
WC2022,3857293,Group Stage,2,94,18,Uruguay,0.030132728,False,True
WC2022,3857293,Group Stage,2,95,18,Ghana,0.081227794,False,True
WC2022,3857293,Group Stage,2,96,3,Uruguay,0.103292696,False,False
WC2022,3857293,Group Stage,2,99,30,Uruguay,0.0429242,False,True
WC2022,3857291,Group Stage,1,4,25,Spain,0.20824905,False,False
WC2022,3857291,Group Stage,1,8,9,Spain,0.1501565,False,False
WC2022,3857291,Group Stage,1,10,52,Spain,0.48925844,True,True
WC2022,3857291,Group Stage,1,20,32,Spain,0.09218961,True,True
WC2022,3857291,Group Stage,1,30,9,Spain,0.7835,True,True
WC2022,3857291,Group Stage,1,42,20,Spain,0.015886325,False,False
WC2022,3857291,Group Stage,1,49,16,Spain,0.04809784,False,False
WC2022,3857291,Group Stage,2,47,37,Spain,0.08547543,False,False
WC2022,3857291,Group Stage,2,53,41,Spain,0.10498973,True,True
WC2022,3857291,Group Stage,2,61,13,Spain,0.017297672,False,False
WC2022,3857291,Group Stage,2,62,42,Spain,0.06487478,False,False
WC2022,3857291,Group Stage,2,69,3,Spain,0.033574425,False,True
WC2022,3857291,Group Stage,2,73,59,Spain,0.056229107,True,True
WC2022,3857291,Group Stage,2,89,11,Spain,0.33333436,True,True
WC2022,3857291,Group Stage,2,91,57,Spain,0.16366571,True,True
WC2022,3857291,Group Stage,2,95,14,Spain,0.10654532,False,False
WC2022,3857291,Group Stage,2,97,27,Spain,0.008599174,False,False
WC2022,3857281,Group Stage,1,1,8,Canada,0.08130363,True,True
WC2022,3857281,Group Stage,1,21,32,Croatia,0.4341785,False,True
WC2022,3857281,Group Stage,1,34,52,Croatia,0.24546398,False,True
WC2022,3857281,Group Stage,1,35,53,Croatia,0.14639324,True,True
WC2022,3857281,Group Stage,1,43,32,Croatia,0.13916126,True,True
WC2022,3857281,Group Stage,1,46,25,Croatia,0.059277993,False,False
WC2022,3857281,Group Stage,2,48,25,Canada,0.03829635,False,False
WC2022,3857281,Group Stage,2,53,44,Croatia,0.24875651,False,True
WC2022,3857281,Group Stage,2,55,17,Canada,0.052886155,False,True
WC2022,3857281,Group Stage,2,57,26,Canada,0.023891453,False,False
WC2022,3857281,Group Stage,2,62,33,Canada,0.011981465,False,False
WC2022,3857281,Group Stage,2,69,36,Croatia,0.10933437,True,True
WC2022,3857281,Group Stage,2,71,5,Croatia,0.1355834,False,False
WC2022,3857281,Group Stage,2,76,16,Canada,0.019849088,False,False
WC2022,3857281,Group Stage,2,77,50,Croatia,0.031612467,False,True
WC2022,3857281,Group Stage,2,77,53,Croatia,0.30414897,False,True
WC2022,3857281,Group Stage,2,81,53,Croatia,0.02367336,False,False
WC2022,3857281,Group Stage,2,89,22,Croatia,0.045590583,False,True
WC2022,3857281,Group Stage,2,92,4,Canada,0.03737635,False,False
WC2022,3857281,Group Stage,2,92,14,Canada,0.02121069,False,False
WC2022,3857281,Group Stage,2,93,26,Croatia,0.68703645,True,True
WC2022,3857280,Group Stage,1,1,35,Brazil,0.29454654,False,False
WC2022,3857280,Group Stage,1,1,45,Brazil,0.038875267,False,False
WC2022,3857280,Group Stage,1,13,34,Brazil,0.12449543,False,True
WC2022,3857280,Group Stage,1,14,11,Brazil,0.044797283,False,False
WC2022,3857280,Group Stage,1,21,9,Brazil,0.083684884,False,False
WC2022,3857280,Group Stage,1,29,41,Brazil,0.0651609,False,False
WC2022,3857280,Group Stage,1,33,28,Brazil,0.06485747,False,False
WC2022,3857280,Group Stage,1,37,6,Brazil,0.033440635,False,True
WC2022,3857280,Group Stage,1,45,55,Brazil,0.047920834,False,True
WC2022,3857280,Group Stage,1,46,37,Brazil,0.06651591,False,False
WC2022,3857280,Group Stage,1,47,27,Cameroon,0.11827337,False,True
WC2022,3857280,Group Stage,2,50,11,Cameroon,0.07058843,False,False
WC2022,3857280,Group Stage,2,52,25,Brazil,0.27918908,False,True
WC2022,3857280,Group Stage,2,53,39,Cameroon,0.006493906,False,False
WC2022,3857280,Group Stage,2,55,29,Brazil,0.038835723,False,True
WC2022,3857280,Group Stage,2,56,15,Brazil,0.075584605,False,True
WC2022,3857280,Group Stage,2,57,15,Brazil,0.037848417,False,True
WC2022,3857280,Group Stage,2,72,12,Brazil,0.086029716,False,False
WC2022,3857280,Group Stage,2,77,41,Cameroon,0.03332142,False,True
WC2022,3857280,Group Stage,2,79,50,Cameroon,0.042308386,False,False
WC2022,3857280,Group Stage,2,80,16,Cameroon,0.05692788,False,False
WC2022,3857280,Group Stage,2,83,30,Brazil,0.14917652,False,False
WC2022,3857280,Group Stage,2,88,4,Brazil,0.18481041,False,False
WC2022,3857280,Group Stage,2,91,48,Cameroon,0.05544736,True,True
WC2022,3857280,Group Stage,2,95,20,Brazil,0.07645427,False,False
WC2022,3857280,Group Stage,2,96,16,Brazil,0.17098139,False,True
WC2022,3857280,Group Stage,2,97,10,Brazil,0.1945778,False,False
WC2022,3857280,Group Stage,2,98,29,Brazil,0.22043578,False,False
WC2022,3857279,Group Stage,1,1,32,France,0.018982504,False,False
WC2022,3857279,Group Stage,1,2,25,Australia,0.030384658,False,False
WC2022,3857279,Group Stage,1,8,24,Australia,0.19147108,True,True
WC2022,3857279,Group Stage,1,12,26,France,0.017692888,False,False
WC2022,3857279,Group Stage,1,21,5,Australia,0.017896876,False,False
WC2022,3857279,Group Stage,1,25,33,France,0.034694295,False,False
WC2022,3857279,Group Stage,1,26,2,France,0.16905431,True,True
WC2022,3857279,Group Stage,1,28,59,France,0.17925091,False,False
WC2022,3857279,Group Stage,1,31,18,France,0.77927965,True,True
WC2022,3857279,Group Stage,1,36,3,France,0.08709453,False,False
WC2022,3857279,Group Stage,1,36,5,France,0.14067347,False,False
WC2022,3857279,Group Stage,1,39,28,France,0.08098688,False,False
WC2022,3857279,Group Stage,1,41,54,France,0.04884043,False,False
WC2022,3857279,Group Stage,1,44,38,France,0.5517509,False,False
WC2022,3857279,Group Stage,1,46,1,Australia,0.083539926,False,False
WC2022,3857279,Group Stage,2,49,11,France,0.035826564,False,False
WC2022,3857279,Group Stage,2,49,28,France,0.07860331,False,False
WC2022,3857279,Group Stage,2,60,12,France,0.12751806,False,False
WC2022,3857279,Group Stage,2,62,0,France,0.07606661,False,False
WC2022,3857279,Group Stage,2,62,31,France,0.096129,False,False
WC2022,3857279,Group Stage,2,63,51,France,0.027555656,False,False
WC2022,3857279,Group Stage,2,66,30,France,0.17584424,False,False
WC2022,3857279,Group Stage,2,66,54,France,0.013371275,False,False
WC2022,3857279,Group Stage,2,67,3,France,0.14142905,True,True
WC2022,3857279,Group Stage,2,70,50,France,0.16888039,True,True
WC2022,3857279,Group Stage,2,89,2,France,0.07988335,False,True
WC2022,3857279,Group Stage,2,90,25,France,0.041087516,False,True
WC2022,3857262,Group Stage,1,4,53,Portugal,0.29158956,True,True
WC2022,3857262,Group Stage,1,14,4,Portugal,0.010523141,False,True
WC2022,3857262,Group Stage,1,15,21,South Korea,0.011031977,False,False
WC2022,3857262,Group Stage,1,16,9,South Korea,0.040536147,False,True
WC2022,3857262,Group Stage,1,26,43,South Korea,0.6242964,True,True
WC2022,3857262,Group Stage,1,30,18,South Korea,0.020656463,False,False
WC2022,3857262,Group Stage,1,33,57,Portugal,0.036435805,False,True
WC2022,3857262,Group Stage,1,34,33,Portugal,0.017112639,False,True
WC2022,3857262,Group Stage,1,36,40,Portugal,0.022429451,False,False
WC2022,3857262,Group Stage,1,39,55,South Korea,0.024709688,False,True
WC2022,3857262,Group Stage,1,40,32,Portugal,0.007849269,False,False
WC2022,3857262,Group Stage,1,41,37,Portugal,0.03675865,False,True
WC2022,3857262,Group Stage,1,41,39,Portugal,0.28873095,False,False
WC2022,3857262,Group Stage,1,43,40,Portugal,0.11468789,False,True
WC2022,3857262,Group Stage,1,46,15,Portugal,0.052517958,False,False
WC2022,3857262,Group Stage,2,55,33,South Korea,0.023785131,False,False
WC2022,3857262,Group Stage,2,56,13,South Korea,0.021393217,False,False
WC2022,3857262,Group Stage,2,65,35,South Korea,0.039930075,False,True
WC2022,3857262,Group Stage,2,66,30,South Korea,0.100738145,False,True
WC2022,3857262,Group Stage,2,69,50,South Korea,0.04621987,False,False
WC2022,3857262,Group Stage,2,71,22,Portugal,0.029762346,False,False
WC2022,3857262,Group Stage,2,73,25,South Korea,0.023724081,False,False
WC2022,3857262,Group Stage,2,80,14,Portugal,0.021024177,False,False
WC2022,3857262,Group Stage,2,89,41,Portugal,0.04430043,False,False
WC2022,3857262,Group Stage,2,90,28,South Korea,0.42196128,True,True
