team,jersey,player,total_distance_m,zone1_m,zone2_m,zone3_m,zone4_m,zone5_m,high_speed_runs,sprints,top_speed_kmh,match_id
Mexico,1,Raul RANGEL,5476.4,4175.3,1076.4,200.9,23.7,18.0,3.0,23.2,3.0,1
Mexico,5,Johan VASQUEZ,10046.9,4107.2,4232.8,1151.6,455.2,100.2,102.0,33.0,27.9,1
Mexico,6,Erik LIRA,8877.0,2999.1,4287.6,1145.6,363.4,81.3,103.0,27.0,31.4,1
Mexico,8,Alvaro FIDALGO,8582.8,2509.2,3740.9,1623.2,566.1,143.4,132.0,49.0,30.8,1
Mexico,9,Raul JIMENEZ,7503.0,3337.6,2730.4,928.1,390.0,116.9,67.0,33.0,33.3,1
Mexico,15,Israel REYES,10267.2,4054.7,4245.7,1379.4,409.9,177.4,117.0,27.0,30.0,1
Mexico,16,Julian QUINONES,8832.2,3156.1,3649.3,1324.0,534.8,167.9,115.0,42.0,32.9,1
Mexico,23,Jesus GALLARDO,9692.5,4195.5,3932.4,1022.4,357.1,185.2,86.0,29.0,30.3,1
Mexico,25,Roberto ALVARADO,10031.1,3763.0,4293.6,1293.0,499.8,181.7,116.0,43.0,32.2,1
Mexico,26,Brian GUTIERREZ,7486.6,2912.8,2832.4,1110.0,434.6,196.7,106.0,39.0,31.7,1
Mexico,4,Edson ALVAREZ,2007.7,744.8,707.0,307.4,143.9,104.6,28.0,15.0,31.5,1
Mexico,10,Alexis VEGA,1915.4,633.5,740.5,388.6,104.0,48.9,28.0,10.0,28.0,1
Mexico,14,Armando GONZALEZ,2086.0,748.9,748.0,323.7,186.9,78.4,25.0,14.0,32.0,1
Mexico,19,Gilberto MORA,3082.9,1161.6,1053.3,570.0,251.5,46.6,43.0,17.0,27.1,1
Mexico,24,Luis CHAVEZ,2876.7,1042.9,1078.7,459.2,249.1,46.8,42.0,16.0,27.1,1
South Africa,1,Ronwen WILLIAMS,5010.4,3978.6,903.5,110.9,17.4,12.0,1.0,23.6,4.0,1
South Africa,6,Aubrey MODIBA,8037.8,3061.5,3308.1,1162.3,459.6,46.2,98.0,39.0,27.8,1
South Africa,9,Lyle FOSTER,5968.5,2748.0,2225.6,643.4,263.1,88.4,66.0,16.0,31.2,1
South Africa,13,Sphephelo SITHOLE,5830.2,2127.2,2391.0,916.7,299.2,96.2,90.0,25.0,31.2,1
South Africa,14,Mbekezeli MBOKAZI,8871.7,3834.8,3463.0,957.8,445.5,170.6,91.0,43.0,31.5,1
South Africa,15,Iqraam RAYNERS,8151.6,3502.6,2814.2,1010.7,413.7,410.4,82.0,41.0,34.1,1
South Africa,19,Nkosinathi SIBISI,9387.6,3780.7,3935.8,1141.2,389.6,140.3,101.0,38.0,29.9,1
South Africa,20,Khuliso MUDAU,9336.7,3664.0,3701.2,1125.4,538.6,307.4,100.0,48.0,33.3,1
South Africa,21,Ime OKON,9557.8,3716.3,3707.3,1411.8,588.3,134.1,119.0,52.0,31.6,1
South Africa,23,Jayden ADAMS,6842.3,2717.9,2842.2,900.1,322.1,59.9,78.0,27.0,27.8,1
South Africa,5,Thalente MBATHA,3973.8,1384.2,1565.8,635.7,331.5,56.5,59.0,24.0,34.4,1
South Africa,7,Oswin APPOLLIS,2145.3,667.0,898.8,358.2,183.1,38.3,37.0,16.0,29.9,1
South Africa,11,Themba ZWANE,2021.0,629.5,864.2,389.0,108.7,29.6,35.0,10.0,27.4,1
South Africa,17,Evidence MAKGOPA,2064.9,837.4,793.2,224.2,144.8,65.2,17.0,11.0,32.4,1
Korea Republic,1,KIM Seunggyu,5527.3,3920.1,1372.3,170.6,49.0,15.3,16.0,5.0,26.9,2
Korea Republic,2,LEE Hanbeom,10260.7,3841.1,4522.5,1362.5,450.1,84.4,117.0,39.0,30.1,2
Korea Republic,3,LEE Gihyuk,10659.3,3552.1,4578.5,1783.8,624.7,120.2,158.0,51.0,29.2,2
Korea Republic,4,KIM Minjae,10124.4,3830.0,4407.7,1303.7,428.6,154.4,113.0,35.0,31.9,2
Korea Republic,6,HWANG Inbeom,9516.0,2970.3,4727.8,1319.4,405.7,92.8,111.0,36.0,28.5,2
Korea Republic,7,SON Heungmin,7029.0,2970.0,2600.4,605.8,486.1,366.6,58.0,38.0,35.2,2
Korea Republic,8,PAIK Seungho,9350.8,3288.3,4562.8,1263.7,216.9,19.0,115.0,20.0,29.3,2
Korea Republic,10,LEE Jaesung,7571.2,2523.8,3042.0,1270.6,534.4,200.4,110.0,44.0,29.2,2
Korea Republic,13,LEE Taeseok,7706.3,2565.8,3389.9,1122.4,458.1,170.1,90.0,35.0,31.9,2
Korea Republic,19,LEE Kangin,9529.9,3935.8,4107.1,1153.5,288.7,44.9,88.0,22.0,28.8,2
Korea Republic,22,SEOL Youngwoo,11283.9,4222.8,4452.2,1488.9,738.3,381.7,115.0,53.0,31.8,2
Korea Republic,11,HWANG Heechan,3482.9,1295.5,1476.8,450.5,167.6,92.5,45.0,13.0,29.9,2
Korea Republic,16,PARK Jinseob,1652.4,570.8,708.3,251.1,117.3,4.8,22.0,7.0,25.7,2
Korea Republic,18,OH Hyeongyu,3040.6,1145.8,1288.6,350.8,188.9,66.5,31.0,15.0,29.1,2
Korea Republic,24,KIM Jingyu,1890.4,513.7,812.6,428.1,106.4,29.7,28.0,8.0,29.6,2
Korea Republic,25,EOM Jisung,3180.4,1143.0,1216.0,508.6,178.4,134.3,40.0,13.0,30.6,2
Czechia,1,Matej KOVAR,5039.3,3765.0,1160.1,99.0,15.3,12.0,1.0,22.3,4.0,2
Czechia,5,Vladimir COUFAL,11390.8,3854.4,4950.5,1740.5,635.7,209.7,145.0,48.0,30.6,2
Czechia,6,Stepan CHALOUPEK,10873.7,4076.3,4497.6,1553.7,536.0,210.1,141.0,46.0,34.0,2
Czechia,7,Ladislav KREJCI,10877.7,3953.9,4861.5,1665.8,366.1,30.4,136.0,27.0,26.5,2
Czechia,10,Patrik SCHICK,8047.6,2319.8,4219.3,1066.3,377.3,64.8,90.0,28.0,28.9,2
Czechia,15,Pavel SULC,7868.4,2664.4,3320.1,1346.8,360.2,176.9,120.0,31.0,31.2,2
Czechia,17,Lukas PROVOD,7928.0,2419.7,3515.7,1282.9,517.2,192.6,109.0,45.0,33.3,2
Czechia,20,Jaroslav ZELENY,10847.7,4053.7,4705.6,1263.4,629.5,195.5,96.0,49.0,30.4,2
Czechia,22,Tomas SOUCEK,11828.0,3337.2,6080.7,1821.5,512.0,76.5,153.0,30.0,27.5,2
Czechia,24,Alexandr SOJKA,10700.6,3149.1,4759.4,1949.2,682.0,160.9,163.0,50.0,29.9,2
Czechia,9,Adam HLOZEK,3767.4,1305.4,1609.6,564.0,218.1,70.4,49.0,20.0,30.8,2
Czechia,13,Mojmir CHYTIL,1627.3,535.6,719.4,191.3,118.2,62.7,17.0,8.0,29.7,2
Czechia,18,Michal SADILEK,3922.7,1014.3,1688.5,771.3,364.4,84.2,71.0,30.0,29.3,2
Czechia,19,Tomas CHORY,3339.2,1351.1,1265.9,459.4,213.2,49.5,36.0,18.0,28.3,2
Canada,16,Maxime CREPEAU,5354.4,3767.7,1394.0,167.5,25.2,18.0,2.0,24.1,2.0,3
Canada,4,Luc DE FOUGEROLLES,10376.3,3594.7,4713.9,1312.4,609.9,145.4,125.0,38.0,31.6,3
Canada,7,Stephen EUSTAQUIO,11718.5,3350.9,4854.8,2542.4,862.4,108.0,204.0,58.0,29.8,3
Canada,8,Ismael KONE,10875.7,3922.5,4958.0,1443.4,436.4,115.4,124.0,28.0,28.5,3
Canada,10,Jonathan DAVID,7432.5,2594.0,3247.8,1071.1,314.3,205.3,84.0,32.0,31.7,3
Canada,11,Liam MILLAR,7110.3,2529.1,2804.1,1023.5,464.7,289.0,86.0,41.0,32.8,3
Canada,12,Tani OLUWASEYI,7844.6,3147.6,2887.1,1050.5,459.8,299.6,89.0,42.0,33.4,3
Canada,13,Derek CORNELIUS,9065.3,4167.6,3441.6,1026.4,346.5,83.1,86.0,23.0,28.2,3
Canada,17,Tajon BUCHANAN,7110.9,2537.5,3041.0,800.7,460.2,271.6,69.0,35.0,31.2,3
Canada,22,Richie LARYEA,9971.5,3996.4,4089.9,1081.4,433.5,370.3,95.0,36.0,34.6,3
Canada,9,Cyle LARIN,2068.2,823.9,802.0,228.5,144.1,69.7,21.0,10.0,31.3,3
Canada,14,Jacob SHAFFELBURG,4045.5,1441.7,1679.6,515.2,227.2,181.7,46.0,20.0,31.6,3
Canada,20,Ali AHMED,3903.0,1524.3,1433.9,556.8,312.5,75.6,47.0,26.0,26.6,3
Canada,21,Jonathan OSORIO,644.0,182.7,298.2,123.2,40.0,10.0,4.0,23.0,24.0,3
Bosnia and Herzegovina,1,Nikola VASILJ,5298.5,3990.0,1201.2,78.8,17.3,11.3,8.0,2.0,26.3,3
Bosnia and Herzegovina,4,Tarik MUHAREMOVIC,9823.9,4085.5,4176.9,1112.2,328.4,121.0,87.0,24.0,30.7,3
Bosnia and Herzegovina,5,Sead KOLASINAC,8967.6,3777.8,3618.8,869.7,442.4,259.0,77.0,32.0,32.0,3
Bosnia and Herzegovina,6,Benjamin TAHIROVIC,10911.0,4139.6,4376.0,1723.2,595.8,76.5,143.0,35.0,28.4,3
Bosnia and Herzegovina,7,Amar DEDIC,9525.1,3967.9,3992.5,982.1,408.9,173.7,94.0,35.0,32.5,3
Bosnia and Herzegovina,10,Ermedin DEMIROVIC,10123.8,4373.2,3826.8,1068.6,640.9,214.4,91.0,43.0,33.0,3
Bosnia and Herzegovina,13,Ivan BASIC,6984.8,2373.2,3256.0,938.3,279.8,137.6,82.0,24.0,31.2,3
Bosnia and Herzegovina,15,Amar MEMIC,8469.3,3184.3,3156.9,1140.3,539.6,448.2,82.0,45.0,33.9,3
Bosnia and Herzegovina,18,Nikola KATIC,9950.4,4186.7,3905.5,1286.0,422.8,149.3,111.0,39.0,30.3,3
Bosnia and Herzegovina,20,Esmir BAJRAKTAREVIC,8601.3,3073.1,3844.6,941.8,413.3,328.5,87.0,36.0,34.8,3
Bosnia and Herzegovina,25,Jovo LUKIC,6993.3,2732.0,2813.6,930.9,357.3,159.5,79.0,27.0,32.1,3
Bosnia and Herzegovina,8,Armin GIGOVIC,3998.3,1360.4,1640.7,544.3,318.0,135.0,45.0,22.0,29.5,3
Bosnia and Herzegovina,9,Samed BAZDAR,3649.9,1445.6,1428.9,437.5,213.4,124.5,28.0,13.0,29.8,3
Bosnia and Herzegovina,14,Ivan SUNJIC,2526.1,828.9,1115.3,443.9,108.0,30.1,37.0,10.0,26.5,3
Bosnia and Herzegovina,17,Dzenis BURNIC,1352.0,506.5,631.8,160.1,37.9,15.6,15.0,3.0,26.7,3
Bosnia and Herzegovina,19,Kerim ALAJBEGOVIC,2352.7,987.1,980.5,234.3,93.0,57.8,25.0,7.0,31.6,3
USA,24,Matt FREESE,6296.2,4769.1,1418.9,100.3,7.9,6.0,1.0,21.5,2.0,4
USA,3,Chris RICHARDS,10829.8,3742.2,5238.2,1571.8,235.9,41.7,125.0,21.0,30.6,4
USA,4,Tyler ADAMS,11205.0,3973.8,4855.2,1544.9,726.5,104.7,136.0,50.0,30.5,4
USA,5,Antonee ROBINSON,11927.5,3985.9,5100.5,1925.1,667.8,248.1,171.0,57.0,34.0,4
USA,8,Weston McKENNIE,11832.5,4574.5,4547.8,1618.6,737.3,354.3,149.0,63.0,31.7,4
USA,10,Christian PULISIC,5906.9,2081.0,2497.6,873.0,351.2,104.1,73.0,28.0,31.6,4
USA,13,Tim REAM,9655.3,4504.7,3547.4,1165.3,347.6,90.3,100.0,30.0,30.5,4
USA,16,Alex FREEMAN,11002.8,3880.1,5049.8,1623.5,393.4,55.9,133.0,37.0,29.0,4
USA,17,Malik TILLMAN,9570.4,3300.7,4032.4,1480.0,536.7,220.7,134.0,47.0,30.5,4
USA,20,Folarin BALOGUN,7742.4,3042.2,3154.8,848.7,520.4,176.3,75.0,43.0,30.8,4
USA,7,Giovanni REYNA,2184.2,535.7,1138.9,414.2,89.4,5.9,35.0,7.0,25.5,4
USA,9,Ricardo PEPI,3341.0,935.5,1422.7,579.4,239.9,163.5,45.0,21.0,30.8,4
USA,14,Sebastian BERHALTER,6313.5,2037.4,2643.5,1164.5,402.8,65.2,92.0,28.0,31.0,4
USA,21,Timothy WEAH,3275.1,970.6,1269.7,640.2,352.6,42.0,51.0,25.0,28.4,4
Paraguay,3,Omar ALDERETE,9194.7,4513.7,3380.0,821.1,355.3,124.5,64.0,31.0,30.3,4
Paraguay,4,Juan Jose CACERES,8402.3,3414.8,3200.7,1065.6,543.5,177.6,92.0,40.0,32.0,4
Paraguay,6,Junior ALONSO,10277.2,4435.6,3836.0,1366.1,490.3,149.2,128.0,41.0,29.5,4
Paraguay,8,Diego GOMEZ,9385.5,3535.8,3479.1,1557.5,621.5,191.6,132.0,48.0,31.6,4
Paraguay,9,Antonio SANABRIA,7093.2,2555.7,3246.1,826.6,371.9,92.9,84.0,33.0,29.2,4
Paraguay,10,Miguel ALMIRON,9249.6,3185.3,4303.8,1357.1,358.6,44.8,101.0,32.0,29.3,4
Paraguay,14,Andres CUBAS,11791.5,3565.4,5498.3,1869.2,719.9,138.8,174.0,48.0,30.1,4
Paraguay,15,Gustavo GOMEZ,9552.7,4670.6,3591.2,676.1,420.2,194.6,63.0,34.0,30.7,4
Paraguay,16,Damian BOBADILLA,6042.0,2053.1,2582.2,959.4,301.7,145.5,80.0,22.0,30.2,4
Paraguay,19,Julio ENCISO,10676.1,3541.3,4929.1,1416.3,574.9,214.5,128.0,42.0,33.3,4
Paraguay,2,Gustavo VELAZQUEZ,2009.8,718.7,925.9,207.7,112.6,45.0,19.0,9.0,31.3,4
Paraguay,7,Ramon SOSA,2289.6,612.5,1019.1,458.0,192.1,8.0,36.0,16.0,26.1,4
Paraguay,11,MAURICIO,5908.7,1990.1,2216.6,1214.9,438.0,49.0,95.0,32.0,27.6,4
Paraguay,17,Alejandro ROMERO GAMARRA,2181.0,559.2,1059.4,407.8,154.7,35.0,11.0,23.5,18.0,4
Qatar,1,MAHMOUD ABUNADA,5311.9,4180.3,1046.8,59.6,16.4,8.9,6.0,2.0,26.8,5
Qatar,2,PEDRO MIGUEL,8893.9,4304.8,3395.0,873.6,235.7,84.9,78.0,22.0,31.6,5
Qatar,4,ISSA LAYE,10034.8,3603.3,4473.1,1412.9,442.8,102.6,124.0,37.0,29.4,5
Qatar,5,JASSEM GABER,6528.2,2451.4,2801.9,1012.1,243.9,18.8,93.0,18.0,27.6,5
Qatar,8,EDMILSON JUNIOR,10142.6,3764.7,3993.8,1786.3,429.7,168.2,135.0,39.0,31.5,5
Qatar,11,AKRAM AFIF,9544.9,4478.9,3346.0,925.8,513.6,280.6,81.0,37.0,32.4,5
Qatar,13,AYOUB ALOUI,6346.9,2627.2,2574.2,795.1,253.8,96.6,65.0,22.0,32.0,5
Qatar,14,HOMAM AHMED,10544.1,4025.9,4371.1,1329.1,542.9,275.1,127.0,44.0,32.6,5
Qatar,15,YUSUF ABDURISAG,7808.3,2218.2,3245.3,1347.7,684.3,312.9,111.0,47.0,30.4,5
Qatar,16,BOUALEM KHOUKHI,8536.4,3926.4,3574.8,795.2,193.4,46.6,68.0,20.0,31.3,5
Qatar,23,ASSIM MADIBO,8995.9,2500.1,4593.2,1746.2,156.3,136.0,15.0,24.8,7.0,5
Qatar,10,HASSAN ALHAYDOS,1103.2,335.3,486.1,167.9,97.2,16.7,17.0,8.0,29.0,5
Qatar,12,KARIM BOUDIAF,4361.2,1546.2,1763.4,821.6,197.8,32.0,72.0,12.0,27.5,5
Qatar,20,AHMED FATHY,4509.7,1420.4,1782.3,955.9,310.2,41.0,77.0,24.0,27.5,5
Qatar,26,MOHAMED MANAI,2364.4,802.9,984.4,382.9,179.8,14.6,34.0,12.0,27.1,5
Switzerland,1,Gregor KOBEL,5418.3,4245.4,1077.7,83.5,11.7,8.0,1.0,23.2,4.0,5
Switzerland,5,Manuel AKANJI,9576.1,3842.8,3893.9,1164.4,476.2,198.8,108.0,34.0,31.4,5
Switzerland,6,Denis ZAKARIA,10678.9,4254.2,4388.0,1144.8,643.0,248.9,113.0,48.0,33.0,5
Switzerland,7,Breel EMBOLO,8919.4,4242.1,3139.3,913.2,423.1,201.8,82.0,43.0,32.8,5
Switzerland,8,Remo FREULER,10694.6,3918.6,4192.6,1982.6,503.9,97.0,169.0,41.0,28.6,5
Switzerland,10,Granit XHAKA,10800.1,3545.4,4660.6,2072.3,470.5,51.2,176.0,34.0,28.9,5
Switzerland,11,Dan NDOYE,6898.8,2812.1,2764.0,842.1,366.2,114.3,72.0,32.0,32.2,5
Switzerland,13,Ricardo RODRIGUEZ,8970.5,3928.5,3287.9,1148.5,502.4,103.2,97.0,41.0,28.5,5
Switzerland,17,Ruben VARGAS,8158.0,3511.6,3070.2,1010.7,403.1,162.4,88.0,34.0,31.8,5
Switzerland,20,Michel AEBISCHER,7908.2,3100.9,2920.2,1207.7,537.7,141.8,112.0,45.0,29.6,5
Switzerland,2,Miro MUHEIM,1040.2,300.0,493.5,151.2,78.6,17.0,18.0,7.0,29.5,5
Switzerland,9,Johan MANZAMBI,3570.0,1356.1,1403.6,478.2,282.6,49.5,45.0,21.0,27.7,5
Switzerland,14,Ardon JASHARI,1008.6,306.0,414.6,236.6,51.5,19.0,3.0,24.1,22.0,5
Switzerland,23,Zeki AMDOUNI,2065.9,809.6,869.7,282.9,89.4,14.4,26.0,8.0,27.0,5
Brazil,3,GABRIEL MAGALHAES,10179.3,3992.2,4352.8,1347.9,382.8,103.6,122.0,30.0,31.0,6
Brazil,4,MARQUINHOS,9791.8,3958.1,4140.8,1163.9,414.4,114.7,98.0,26.0,33.3,6
Brazil,5,CASEMIRO,5315.1,1902.8,2496.7,680.2,205.1,30.2,55.0,11.0,26.5,6
Brazil,7,VINICIUS JUNIOR,10103.7,4545.1,3019.5,1518.6,742.9,277.6,117.0,60.0,34.1,6
Brazil,8,BRUNO GUIMARAES,9806.3,3016.5,4563.6,1682.2,505.3,38.7,133.0,32.0,28.0,6
Brazil,11,RAPHINHA,11651.0,4088.5,4257.0,1816.4,988.9,500.3,152.0,80.0,33.1,6
Brazil,16,DOUGLAS SANTOS,10529.3,3655.4,4514.1,1510.9,672.8,176.1,145.0,51.0,30.9,6
Brazil,20,LUCAS PAQUETA,7073.1,2697.5,2687.6,1070.2,528.4,89.3,93.0,38.0,29.5,6
Brazil,24,ROGER IBANEZ,5075.6,1960.5,1802.4,759.0,449.0,104.8,65.0,30.0,29.4,6
Brazil,25,IGOR THIAGO,7498.8,2360.9,3297.4,1201.0,480.3,159.3,95.0,43.0,33.2,6
Brazil,9,MATHEUS CUNHA,4005.3,1583.3,1358.5,736.1,270.2,57.3,63.0,21.0,29.8,6
Brazil,13,DANILO,5156.8,1964.5,1933.4,753.7,337.0,168.3,69.0,30.0,32.7,6
Brazil,17,FABINHO,5755.9,1817.7,2795.6,757.2,329.8,55.6,65.0,22.0,28.1,6
Brazil,18,DANILO SANTOS,2551.1,574.4,1276.5,520.3,156.6,23.2,49.0,9.0,27.4,6
Brazil,21,LUIZ HENRIQUE,3896.9,1456.9,1368.9,608.9,345.4,116.7,60.0,26.0,29.0,6
Morocco,1,Yassine BOUNOU,4633.2,3672.8,874.5,79.4,6.5,8.0,1.0,21.4,2.0,6
Morocco,3,Noussair MAZRAOUI,8041.8,2964.5,3769.1,860.7,327.2,120.3,79.0,33.0,31.3,6
Morocco,6,Ayyoub BOUADDI,11871.1,3337.8,5942.1,1750.6,610.5,230.3,142.0,42.0,31.6,6
Morocco,8,Azzedine OUNAHI,7954.2,2409.0,3675.6,1242.4,528.6,98.7,100.0,37.0,30.7,6
Morocco,10,Brahim DIAZ,6678.1,2956.6,2320.5,909.7,383.8,107.6,83.0,32.0,31.1,6
Morocco,11,Ismael SAIBARI,10124.4,3025.6,4146.4,1523.2,963.8,465.3,120.0,76.0,33.7,6
Morocco,14,Issa DIOP,10127.8,4380.7,4220.5,1175.4,308.1,43.0,94.0,22.0,32.0,6
Morocco,18,Chadi RIAD,10585.4,3925.4,5104.2,1156.7,320.3,78.8,103.0,20.0,28.5,6
Morocco,23,Bilal EL KHANNOUSS,8547.1,3752.1,2796.6,1227.4,561.8,209.3,114.0,38.0,33.2,6
Morocco,24,Neil EL AYNAOUI,11778.0,3600.1,5409.6,1796.3,608.9,363.1,134.0,46.0,30.2,6
Morocco,7,Chemsdine TALBI,3838.4,1238.9,1580.3,671.5,259.4,88.3,53.0,21.0,29.7,6
Morocco,9,Soufiane RAHIMI,1411.4,422.1,460.5,319.2,138.0,71.7,26.0,12.0,31.1,6
Morocco,15,Samir EL MOURABET,4358.1,1023.8,2070.5,770.4,397.8,95.6,62.0,27.0,28.5,6
Morocco,21,Ayoube AMAIMOUNI,2700.7,707.4,1126.0,532.7,261.6,73.0,40.0,21.0,30.0,6
Haiti,1,Johny PLACIDE,4114.7,3302.1,747.1,48.2,17.3,5.0,1.0,23.4,2.0,7
Haiti,4,Ricardo ADE,9710.9,4008.9,3912.3,1380.8,357.3,51.6,113.0,29.0,28.5,7
Haiti,5,Hannes DELCROIX,10218.2,3890.3,4629.2,1246.1,344.6,108.1,110.0,28.0,31.2,7
Haiti,8,Martin EXPERIENCE,11711.2,3590.0,5212.9,1945.4,782.7,180.1,155.0,60.0,30.2,7
Haiti,10,Jean-Ricner BELLEGARDE,11719.9,3735.0,5454.3,2018.4,419.5,92.8,160.0,41.0,34.2,7
Haiti,11,Louicius DEEDSON,7334.9,2664.7,2972.0,1034.4,557.8,106.1,83.0,38.0,30.8,7
Haiti,15,Ruben PROVIDENCE,8839.5,3434.9,3461.3,1235.7,478.5,229.1,110.0,41.0,34.0,7
Haiti,17,Danley JEAN JACQUES,12130.5,3729.6,5325.2,2216.4,695.3,164.1,178.0,50.0,33.3,7
Haiti,18,Wilson ISIDOR,8628.5,3427.4,3224.4,1190.3,575.6,210.7,100.0,39.0,32.6,7
Haiti,20,Frantzdy PIERROT,11021.6,3736.9,5203.7,1346.2,507.4,227.3,128.0,41.0,30.5,7
Haiti,16,Lenny JOSEPH,2338.2,886.7,978.5,268.3,165.0,39.7,26.0,12.0,29.0,7
Haiti,19,Yassin FORTUNE,1501.2,501.2,602.8,302.8,59.7,34.8,24.0,5.0,28.2,7
Haiti,21,Josue CASIMIR,3609.2,1608.7,1237.3,361.7,274.3,127.2,26.0,23.0,33.5,7
Scotland,1,Angus GUNN,5966.8,4446.5,1374.1,126.7,19.5,9.0,2.0,23.5,2.0,7
Scotland,3,Andy ROBERTSON,10253.7,4368.5,3854.9,1124.9,643.7,261.6,104.0,42.0,31.9,7
Scotland,4,Scott McTOMINAY,12324.6,3785.8,5515.0,2208.1,646.5,169.1,180.0,47.0,30.4,7
Scotland,5,Grant HANLEY,9877.2,4466.3,4046.9,951.1,310.3,102.7,89.0,19.0,31.0,7
Scotland,7,John McGINN,8970.2,3750.2,3420.5,1174.8,480.0,144.8,101.0,38.0,30.6,7
Scotland,10,Che ADAMS,8559.2,3245.4,3506.0,1263.2,423.4,121.3,95.0,37.0,31.9,7
Scotland,13,Jack HENDRY,10337.2,3986.0,4256.0,1276.7,594.0,224.6,126.0,44.0,30.1,7
Scotland,17,Ben GANNON-DOAK,8463.3,3112.5,3337.8,1134.1,600.0,278.9,90.0,50.0,32.9,7
Scotland,19,Lewis FERGUSON,11792.1,3314.5,6093.0,1600.5,502.4,281.7,131.0,39.0,31.1,7
Scotland,20,Lawrence SHANKLAND,10242.4,3428.6,4480.0,1677.2,506.4,150.1,136.0,38.0,29.2,7
Scotland,9,Lyndon DYKES,2781.6,819.7,1220.0,415.3,243.6,83.1,33.0,13.0,28.2,7
Scotland,11,Ryan CHRISTIE,3061.2,783.5,1385.6,628.7,206.3,57.2,49.0,16.0,29.9,7
Scotland,22,Nathan PATTERSON,2577.2,873.1,1167.3,293.7,149.0,94.1,27.0,13.0,31.6,7
Scotland,23,Kenny McLEAN,1895.6,574.6,960.4,267.8,73.8,19.2,17.0,6.0,29.0,7
Scotland,25,Findlay CURTIS,2108.2,577.3,987.6,309.4,135.3,98.7,24.0,12.0,31.2,7
Australia,18,Patrick BEACH,4685.7,3549.0,894.4,159.5,82.9,7.0,4.0,24.0,3.0,8
Australia,4,Jacob ITALIANO,9143.5,2912.4,4255.4,1186.2,497.5,292.0,108.0,45.0,32.8,8
Australia,5,Jordan BOS,9800.9,3139.0,4509.7,1192.2,686.5,273.5,103.0,53.0,36.7,8
Australia,8,Connor METCALFE,11558.1,3709.2,5272.8,1801.7,643.0,131.4,150.0,49.0,29.5,8
Australia,9,Mohamed TOURE,8343.0,3169.0,3587.1,983.2,359.7,243.9,90.0,33.0,35.8,8
Australia,13,Aiden ONEILL,12360.6,3418.4,6140.4,2002.3,597.7,201.9,176.0,44.0,32.8,8
Australia,17,Nestory IRANKUNDA,6387.2,2479.3,2639.4,684.5,287.7,296.3,61.0,22.0,33.6,8
Australia,19,Harry SOUTTAR,10003.5,4217.5,4517.7,978.6,221.0,68.7,78.0,16.0,28.2,8
Australia,21,Cameron BURGESS,10269.0,4263.2,4430.8,1141.7,275.5,157.8,92.0,21.0,34.2,8
Australia,24,Paul OKON-ENGSTLER,10751.5,2803.6,5574.2,1542.3,640.7,190.7,130.0,41.0,29.9,8
Australia,6,Jason GERIA,2596.1,936.8,1118.6,286.8,169.2,84.7,16.0,10.0,29.5,8
Australia,16,Aziz BEHICH,1528.8,462.1,872.0,122.4,49.9,22.4,11.0,4.0,31.2,8
Australia,22,Jackson IRVINE,1724.7,403.0,845.4,308.0,131.7,36.6,32.0,7.0,26.9,8
Australia,23,Nishan VELUPILLAY,4205.8,1296.0,1784.8,698.0,297.8,129.1,58.0,25.0,31.1,8
Australia,26,Tete YENGI,2651.1,838.4,1141.5,458.0,176.4,36.9,32.0,15.0,31.6,8
Türkiye,23,Ugurcan CAKIR,4625.1,3422.5,992.2,161.9,31.2,17.3,13.0,3.0,28.0,8
Türkiye,2,Zeki CELIK,9541.5,3456.2,3863.1,1348.4,577.8,296.0,118.0,47.0,34.7,8
Türkiye,3,Merih DEMIRAL,9972.4,4621.9,4041.4,771.4,331.3,206.5,67.0,27.0,33.8,8
Türkiye,6,Orkun KOKCU,7613.1,2549.3,3672.1,960.1,353.7,77.8,79.0,30.0,29.2,8
Türkiye,7,Kerem AKTURKOGLU,9564.0,3995.3,3656.1,1040.0,604.1,268.4,97.0,53.0,31.4,8
Türkiye,8,Arda GULER,10811.0,4047.5,4778.2,1402.1,478.2,105.0,128.0,39.0,28.7,8
Türkiye,10,Hakan CALHANOGLU,11710.0,3568.9,5777.8,1893.2,388.0,82.1,147.0,35.0,29.2,8
Türkiye,14,Abdulkerim BARDAKCI,9876.3,4545.1,3885.9,915.5,409.2,120.6,78.0,34.0,28.4,8
Türkiye,16,Ismail YUKSEK,8788.0,3750.2,3785.6,875.2,249.5,127.6,79.0,19.0,32.3,8
Türkiye,20,Ferdi KADIOGLU,10570.2,4175.0,4141.8,1394.5,692.2,166.7,118.0,57.0,32.1,8
Türkiye,21,Baris Alper YILMAZ,5586.6,1917.4,2484.5,673.1,297.5,214.1,57.0,24.0,34.3,8
Türkiye,5,Salih OZCAN,1979.9,587.8,855.9,347.4,173.4,15.5,26.0,12.0,28.3,8
Türkiye,9,Deniz GUL,1322.1,496.3,633.7,120.6,64.8,6.7,9.0,6.0,25.8,8
Türkiye,11,Kenan YILDIZ,5024.7,2315.9,2016.4,551.5,115.0,25.7,37.0,13.0,28.1,8
Türkiye,18,Mert MULDUR,2113.0,647.0,903.8,297.2,122.3,142.7,22.0,9.0,31.2,8
Türkiye,19,Yunus AKGUN,3353.0,1427.1,1315.6,337.8,205.7,66.7,26.0,22.0,31.7,8
Germany,1,Manuel NEUER,5728.8,4319.3,1187.2,184.8,37.5,20.0,3.0,21.9,4.0,9
Germany,5,Aleksandar PAVLOVIC,12135.1,3344.8,5741.9,2073.6,827.5,147.4,180.0,59.0,29.8,9
Germany,6,Joshua KIMMICH,9636.7,3441.9,4285.7,1223.5,425.4,260.3,101.0,40.0,29.9,9
Germany,7,Kai HAVERTZ,11602.0,4070.9,4776.2,1803.9,715.1,235.9,150.0,55.0,32.9,9
Germany,10,Jamal MUSIALA,7874.6,2654.0,3510.7,1194.8,384.6,130.6,90.0,30.0,31.8,9
Germany,15,Nico SCHLOTTERBECK,9931.9,3925.5,4488.1,1093.8,305.5,119.0,95.0,26.0,31.8,9
Germany,17,Florian WIRTZ,11086.3,3572.8,5191.7,1567.3,613.1,141.5,146.0,46.0,28.5,9
Germany,18,Nathaniel BROWN,8798.9,2937.4,3865.9,1298.9,480.5,216.1,111.0,38.0,33.8,9
Germany,19,Leroy SANE,10238.6,4035.1,3389.3,1503.8,748.1,562.3,122.0,59.0,33.5,9
Germany,23,Felix NMECHA,8346.9,2987.0,3491.9,1241.6,464.4,162.1,111.0,35.0,31.0,9
Germany,2,Antonio RUEDIGER,2404.9,890.3,1086.7,227.0,166.8,34.1,21.0,10.0,31.8,9
Germany,3,Waldemar ANTON,1459.2,444.9,672.2,222.1,87.8,32.1,19.0,8.0,27.8,9
Germany,8,Leon GORETZKA,2797.5,924.0,1083.2,485.4,217.4,87.5,40.0,15.0,29.6,9
Germany,22,David RAUM,2917.9,873.9,1015.2,532.0,344.7,152.2,45.0,27.0,31.1,9
Germany,26,Deniz UNDAV,3350.8,1036.9,1517.6,593.5,166.2,36.7,51.0,12.0,27.4,9
Curaçao,5,Sherel FLORANUS,10463.9,3532.4,4523.6,1497.9,631.5,278.5,119.0,50.0,33.3,9
Curaçao,7,Juninho BACUNA,10064.9,4091.4,3907.7,1331.7,553.3,180.8,109.0,49.0,30.7,9
Curaçao,8,Livano COMENENCIA,10853.1,4044.7,4575.1,1464.5,578.7,190.0,124.0,47.0,32.0,9
Curaçao,9,Juergen LOCADIA,6563.1,2595.5,2780.7,754.6,306.7,125.5,72.0,28.0,32.6,9
Curaçao,10,Leandro BACUNA,9305.0,3789.1,4149.8,913.3,338.5,114.2,82.0,26.0,31.8,9
Curaçao,12,Sontje HANSEN,4910.8,1974.0,1828.5,613.8,358.0,136.4,59.0,26.0,33.1,9
Curaçao,18,Armando OBISPO,8686.7,4271.7,3403.8,678.9,230.7,101.6,55.0,17.0,33.2,9
Curaçao,21,Tahith CHONG,8768.7,4066.5,3060.4,954.4,511.9,175.6,82.0,31.0,30.0,9
Curaçao,23,Riechedly BAZOER,8506.8,4265.0,3211.0,724.9,220.6,85.3,60.0,15.0,27.8,9
Curaçao,24,Deveron FONVILLE,9725.0,3891.7,3769.5,1092.3,623.4,348.2,86.0,57.0,32.1,9
Curaçao,11,Jeremy ANTONISSE,6143.9,1691.7,2806.8,1077.1,375.9,192.4,89.0,30.0,31.3,9
Curaçao,16,Jearl MARGARITHA,3212.1,1083.1,1474.9,402.4,172.0,79.6,35.0,19.0,30.7,9
Curaçao,19,Gervane KASTANEER,1192.8,518.6,463.8,114.0,79.4,16.9,11.0,5.0,26.8,9
Netherlands,1,Bart VERBRUGGEN,4758.3,3771.9,912.4,49.2,24.7,3.0,3.0,24.2,4.0,10
Netherlands,6,Jan Paul VAN HECKE,9634.5,3988.1,4251.2,1044.8,274.9,75.5,83.0,23.0,31.2,10
Netherlands,8,Ryan GRAVENBERCH,8313.0,3444.9,3298.7,1033.1,421.1,115.1,91.0,25.0,35.6,10
Netherlands,11,Cody GAKPO,8160.5,3591.6,2973.7,877.3,560.7,157.3,82.0,37.0,32.2,10
Netherlands,14,Tijjani REIJNDERS,7660.7,2888.6,3176.6,1079.5,365.2,150.7,89.0,25.0,29.8,10
Netherlands,15,Micky VAN DE VEN,9313.4,4484.3,3380.1,827.7,421.9,199.3,74.0,31.0,32.4,10
Netherlands,18,Donyell MALEN,6343.1,2989.9,2374.2,614.7,313.9,50.5,52.0,21.0,29.0,10
Netherlands,21,Frenkie DE JONG,10298.1,3795.9,4922.3,1193.1,320.0,66.8,99.0,27.0,29.3,10
Netherlands,22,Denzel DUMFRIES,10129.0,4003.5,4069.4,1409.9,517.2,129.0,116.0,37.0,31.1,10
Netherlands,24,Crysencio SUMMERVILLE,7356.9,2797.6,2977.4,937.4,398.8,245.6,81.0,30.0,34.3,10
Netherlands,5,Nathan AKE,1661.9,584.8,893.3,107.5,50.7,25.6,10.0,5.0,30.5,10
Netherlands,10,Memphis DEPAY,3091.1,1025.7,1214.5,557.0,223.5,70.5,53.0,20.0,31.3,10
Netherlands,19,Brian BROBBEY,1300.2,504.6,540.7,210.3,42.0,2.7,20.0,3.0,25.5,10
Netherlands,20,Teun KOOPMEINERS,3435.7,770.7,1623.2,799.8,204.4,37.5,68.0,18.0,29.7,10
Netherlands,26,Quinten TIMBER,3073.6,969.4,1318.6,572.7,192.1,20.8,53.0,14.0,30.7,10
Japan,3,Shogo TANIGUCHI,9237.9,3881.8,4246.2,847.1,198.8,64.0,66.0,19.0,30.8,10
Japan,8,Takefusa KUBO,7808.8,3160.2,2971.3,1104.2,391.8,181.4,85.0,32.0,31.2,10
Japan,10,Ritsu DOAN,7916.6,3088.8,3316.8,863.1,509.7,138.2,60.0,32.0,30.8,10
Japan,11,Daizen MAEDA,8252.4,2795.4,2876.5,1522.4,785.7,272.4,132.0,66.0,33.5,10
Japan,13,Keito NAKAMURA,11313.4,3768.2,4897.5,1923.5,608.7,115.4,163.0,53.0,29.6,10
Japan,15,Daichi KAMADA,10568.9,3929.0,4880.8,1282.7,400.4,76.0,100.0,27.0,31.4,10
Japan,16,Tsuyoshi WATANABE,7454.2,3090.9,3105.0,884.1,255.3,118.9,77.0,22.0,32.9,10
Japan,18,Ayase UEDA,8862.1,3353.9,3830.2,1142.4,421.4,114.1,98.0,29.0,29.0,10
Japan,21,Hiroki ITO,9798.5,4189.3,4110.7,1024.5,314.4,159.6,97.0,22.0,32.0,10
Japan,24,Kaishu SANO,11066.3,3849.4,5036.5,1499.9,515.6,165.0,125.0,37.0,29.3,10
Japan,2,Yukinari SUGAWARA,2529.9,881.6,1236.2,289.9,72.4,49.9,25.0,8.0,28.5,10
Japan,14,Junya ITO,2894.8,1090.9,1119.0,385.7,208.9,90.4,31.0,17.0,33.0,10
Japan,19,Koki OGAWA,2437.4,963.8,937.5,292.3,185.8,57.9,28.0,15.0,28.1,10
Japan,22,Takehiro TOMIYASU,2661.6,704.6,1459.9,418.8,78.2,36.0,8.0,24.1,26.0,10
Côte d'Ivoire,1,Yahia FOFANA,5396.1,4345.4,929.9,60.9,59.9,3.0,1.0,23.6,3.0,11
Côte d'Ivoire,5,Wilfried SINGO,9611.2,3947.7,4019.4,1087.3,362.1,194.8,88.0,32.0,33.3,11
Côte d'Ivoire,6,Seko FOFANA,9051.2,2872.2,3825.1,1616.4,580.3,157.2,130.0,37.0,30.1,11
Côte d'Ivoire,8,Franck KESSIE,11314.1,3757.2,5299.1,1545.8,604.7,107.3,140.0,45.0,29.2,11
Côte d'Ivoire,11,Yan DIOMANDE,9396.3,3971.3,3439.7,1081.1,525.7,378.6,94.0,52.0,33.6,11
Côte d'Ivoire,12,Elye WAHI,6519.4,2186.0,2772.1,1017.2,391.8,152.4,80.0,30.0,32.7,11
Côte d'Ivoire,17,Guela DOUE,9141.1,3509.8,3856.3,1143.3,440.0,191.6,99.0,35.0,32.5,11
Côte d'Ivoire,19,Nicolas PEPE,8420.2,2885.3,3342.1,1301.0,679.5,212.4,114.0,48.0,31.9,11
Côte d'Ivoire,20,Emmanuel AGBADOU,9528.0,3776.8,4299.6,969.4,380.3,101.9,87.0,29.0,32.6,11
Côte d'Ivoire,24,Bazoumana TOURE,6867.8,2179.9,3136.7,1003.5,343.4,204.2,84.0,32.0,34.6,11
Côte d'Ivoire,7,Odilon KOSSOUNOU,1102.0,372.8,438.3,188.9,77.0,25.0,15.0,6.0,28.5,11
Côte d'Ivoire,9,Ange-Yoan BONNY,4230.2,1571.9,1614.2,619.7,346.9,77.5,57.0,23.0,31.4,11
Côte d'Ivoire,15,Amad DIALLO,4333.0,1838.9,1412.7,621.5,270.3,189.6,55.0,25.0,30.3,11
Côte d'Ivoire,18,Ibrahim SANGARE,2403.3,886.7,968.0,365.3,148.1,35.3,30.0,10.0,29.2,11
Côte d'Ivoire,26,Christ Inao OULAI,2235.3,770.8,1006.4,257.2,128.7,72.1,26.0,11.0,28.6,11
Ecuador,3,Piero HINCAPIE,10712.8,4104.2,4091.8,1355.2,760.0,401.7,121.0,54.0,31.5,11
Ecuador,4,Joel ORDONEZ,9330.1,4063.7,3745.5,985.4,440.7,94.7,86.0,31.0,28.1,11
Ecuador,6,Willian PACHO,8899.7,4307.1,3180.2,904.1,367.2,141.0,81.0,32.0,32.7,11
Ecuador,9,John YEBOAH,6743.4,2416.9,2687.9,1043.4,472.9,122.3,86.0,39.0,31.0,11
Ecuador,13,Enner VALENCIA,7643.2,3247.4,3380.3,609.9,303.0,102.7,54.0,25.0,33.1,11
Ecuador,14,Alan MINDA,6170.8,2404.0,2437.2,844.3,377.1,108.1,80.0,31.0,35.5,11
Ecuador,15,Pedro VITE,11473.7,3569.2,5022.3,2135.7,665.9,80.4,183.0,44.0,28.5,11
Ecuador,19,Gonzalo PLATA,11063.1,3956.0,4926.1,1407.4,613.7,159.9,128.0,51.0,31.0,11
Ecuador,21,Alan FRANCO,7017.0,2589.2,2942.2,932.5,405.5,147.5,86.0,35.0,32.2,11
Ecuador,23,Moises CAICEDO,10816.5,3838.6,4720.6,1609.4,482.2,165.6,129.0,34.0,30.5,11
Ecuador,11,Kevin RODRIGUEZ,2427.2,799.0,843.5,486.4,232.3,66.2,38.0,17.0,30.1,11
Ecuador,17,Angelo PRECIADO,3645.9,1359.4,1448.8,467.1,167.0,203.6,40.0,18.0,33.2,11
Ecuador,20,Nilson ANGULO,4588.5,1642.2,1561.5,855.0,282.2,247.6,61.0,27.0,31.5,11
Ecuador,25,Jackson POROZO,3226.4,1345.1,1344.2,306.6,136.5,94.0,28.0,13.0,32.7,11
Sweden,23,Kristoffer NORDFELDT,5125.6,4154.5,924.1,28.9,18.1,3.0,1.0,25.0,2.0,12
Sweden,3,Victor LINDELOF,9687.3,4103.6,4265.9,956.8,293.0,67.9,74.0,24.0,28.0,12
Sweden,4,Isak HIEN,9691.0,3745.3,4561.0,956.2,313.7,114.8,80.0,25.0,31.9,12
Sweden,5,Gabriel GUDMUNDSSON,7160.1,2847.3,3034.3,777.0,388.6,112.8,66.0,33.0,31.1,12
Sweden,9,Alexander ISAK,8533.6,3861.9,2873.2,905.6,533.4,359.5,87.0,39.0,32.6,12
Sweden,10,Benjamin NYGREN,8511.1,2476.4,3940.1,1393.3,408.4,293.0,117.0,30.0,31.5,12
Sweden,16,Jesper KARLSTROM,9902.7,3183.1,5011.5,1345.6,318.4,44.0,113.0,23.0,29.6,12
Sweden,17,Viktor GYOKERES,10600.4,4672.5,3843.5,1130.8,535.6,418.0,89.0,43.0,32.4,12
Sweden,18,Yasin AYARI,10851.6,4273.7,4378.2,1562.8,519.2,117.6,121.0,29.0,29.3,12
Sweden,21,Alexander BERNHARDSSON,10123.0,3820.7,4190.2,1299.4,610.4,202.3,97.0,36.0,30.6,12
Sweden,7,Lucas BERGVALL,3785.2,1336.1,1488.0,605.2,249.6,106.2,48.0,16.0,30.4,12
Sweden,8,Daniel SVENSSON,885.8,278.8,366.1,136.0,70.9,33.9,15.0,6.0,29.6,12
Sweden,11,Anthony ELANGA,680.6,261.2,247.3,95.2,34.2,42.7,7.0,4.0,31.1,12
Sweden,19,Mattias SVANBERG,1553.5,488.1,615.3,316.7,125.5,7.9,25.0,9.0,26.4,12
Sweden,24,Elliot STROUD,3541.0,1295.8,1272.5,542.4,288.1,142.1,42.0,15.0,32.8,12
Tunisia,2,Ali ABDI,10127.6,4200.5,3612.2,1218.4,765.3,331.2,105.0,56.0,33.9,12
Tunisia,3,Montassar TALBI,9837.4,3990.4,4206.1,937.1,439.1,264.8,83.0,31.0,30.4,12
Tunisia,4,Omar REKIK,9873.2,4218.0,3934.0,1070.7,410.1,240.5,97.0,33.0,30.7,12
Tunisia,8,Elias SAAD,9259.7,2621.3,4315.9,1307.4,780.3,235.0,120.0,56.0,32.1,12
Tunisia,10,Hannibal MEJBRI,10377.8,3980.2,4707.7,1204.5,322.6,162.9,103.0,25.0,31.7,12
Tunisia,13,Rani KHEDIRA,9488.8,3355.1,4113.4,1439.6,550.1,30.6,111.0,28.0,26.4,12
Tunisia,17,Ellyes SKHIRI,8806.3,2956.3,4316.5,1184.0,272.6,77.0,99.0,17.0,28.3,12
Tunisia,20,Yan VALERY,7845.6,3001.5,2990.4,1079.3,547.8,226.5,82.0,44.0,31.0,12
Tunisia,21,Mohamed Amine BEN HMIDA,9831.0,4349.0,3749.8,1061.8,510.7,159.7,91.0,38.0,32.2,12
Tunisia,25,Anis SLIMANE,10141.1,3103.2,4927.4,1437.8,585.0,87.8,126.0,41.0,28.5,12
Tunisia,7,Elias ACHOURI,2749.0,1191.8,919.5,351.5,219.0,67.2,28.0,17.0,30.3,12
Tunisia,11,Ismael GHARBI,1364.9,455.1,469.7,305.8,88.9,45.4,19.0,8.0,27.5,12
Tunisia,15,Mohamed HADJ MAHMOUD,2556.5,973.8,899.0,383.5,200.6,99.7,30.0,18.0,31.0,12
Tunisia,19,Firas CHAOUAT,1187.3,439.5,460.7,167.4,68.3,51.5,11.0,6.0,31.6,12
Tunisia,26,Sebastian TOUNEKTI,2384.7,1099.5,709.7,376.8,182.8,15.9,29.0,13.0,27.2,12
Spain,23,Unai SIMON,5311.6,4209.7,836.5,178.6,84.5,2.1,20.0,9.0,25.2,13
Spain,5,Marcos LLORENTE,10396.3,4295.6,4327.3,1050.3,461.5,261.6,95.0,41.0,32.6,13
Spain,7,Ferran TORRES,8520.1,4060.0,3060.3,864.0,383.7,152.2,84.0,35.0,29.8,13
Spain,8,Fabian RUIZ,8554.3,2946.0,4322.3,961.7,286.9,37.4,85.0,23.0,27.7,13
Spain,9,GAVI,9228.9,2671.9,4851.6,1104.0,431.7,169.6,105.0,35.0,28.2,13
Spain,14,Aymeric LAPORTE,10257.6,4582.9,4156.4,1061.2,350.2,106.9,95.0,27.0,30.9,13
Spain,16,RODRI,10629.8,3704.0,5194.6,1382.3,325.3,23.5,121.0,22.0,29.0,13
Spain,20,PEDRI,12626.4,3451.3,6751.9,1781.1,587.1,55.0,162.0,41.0,29.8,13
Spain,21,Mikel OYARZABAL,9636.2,4217.5,3649.0,1191.8,472.6,105.3,107.0,38.0,31.5,13
Spain,22,Pau CUBARSI,10737.2,4466.3,4788.8,888.5,455.1,138.4,76.0,33.0,31.0,13
Spain,24,Marc CUCURELLA,11147.7,3954.5,5135.7,1268.5,642.9,146.2,109.0,49.0,28.6,13
Spain,6,Mikel MERINO,3034.0,921.4,1381.5,509.5,157.8,63.8,45.0,11.0,30.5,13
Spain,10,Dani OLMO,1762.1,488.3,807.7,300.8,104.7,60.6,27.0,10.0,27.6,13
Spain,17,Nico WILLIAMS,1114.7,306.1,363.5,204.9,138.8,101.4,16.0,11.0,32.4,13
Spain,19,Lamine YAMAL,2513.4,1133.3,968.4,298.4,87.8,25.5,23.0,6.0,29.0,13
Cabo Verde,1,VOZINHA,4821.0,3814.1,863.8,125.3,16.3,1.4,16.0,1.0,25.1,13
Cabo Verde,3,DINEY BORGES,10203.2,4052.0,4767.3,1058.1,199.9,126.0,95.0,21.0,30.1,13
Cabo Verde,4,PICO LOPES,9707.8,3881.4,4754.2,818.2,203.4,50.5,83.0,17.0,32.5,13
Cabo Verde,6,KEVIN PINA,10639.8,3466.9,5579.0,1154.7,331.4,107.9,91.0,24.0,28.4,13
Cabo Verde,7,JOVANE CABRAL,6563.2,2773.9,2347.2,953.4,398.8,90.0,95.0,31.0,28.9,13
Cabo Verde,10,JAMIRO MONTEIRO,9088.3,3292.4,4444.7,986.0,320.5,44.8,90.0,27.0,27.8,13
Cabo Verde,13,SIDNY LOPES CABRAL,8236.0,3022.3,3801.2,857.3,370.1,185.0,72.0,32.0,32.2,13
Cabo Verde,15,LAROS DUARTE,7536.6,2253.1,4187.1,849.9,243.8,2.7,78.0,19.0,25.6,13
Cabo Verde,19,DAILON LIVRAMENTO,8264.9,2478.4,4250.5,988.3,330.9,216.8,83.0,34.0,33.6,13
Cabo Verde,20,RYAN MENDES,11053.2,3973.4,4753.7,1446.6,603.5,276.0,125.0,44.0,32.4,13
Cabo Verde,22,STEVEN MOREIRA,10518.3,3892.5,5054.2,1122.9,344.8,103.9,101.0,31.0,31.7,13
Cabo Verde,8,JOAO PAULO,2192.2,811.3,945.5,248.0,156.6,30.8,18.0,10.0,28.9,13
Cabo Verde,14,DEROY DUARTE,3899.6,1245.5,1907.8,515.7,148.5,82.1,43.0,12.0,30.3,13
Cabo Verde,17,WILLY SEMEDO,4115.5,1308.4,1941.1,477.5,271.0,117.6,39.0,18.0,29.0,13
Cabo Verde,18,TELMO ARCANJO,1903.5,573.2,799.7,265.2,165.4,100.0,26.0,11.0,31.7,13
Cabo Verde,21,NUNO DA COSTA,3629.5,1286.6,1791.4,365.2,142.8,43.5,29.0,10.0,28.8,13
Belgium,1,Thibaut COURTOIS,4379.7,3532.5,682.5,126.5,32.0,6.1,11.0,3.0,26.6,14
Belgium,4,Brandon MECHELE,10631.4,3595.5,4683.1,1499.0,649.4,204.3,121.0,46.0,30.8,14
Belgium,7,Kevin DE BRUYNE,10138.8,3536.6,4075.0,1755.0,618.5,153.6,133.0,48.0,31.0,14
Belgium,8,Youri TIELEMANS,11638.1,3177.0,5530.3,1963.3,777.9,189.6,166.0,59.0,29.6,14
Belgium,10,Leandro TROSSARD,11122.8,3719.0,5064.5,1502.3,670.8,166.2,130.0,46.0,32.2,14
Belgium,11,Jeremy DOKU,8565.2,3865.7,3016.1,1154.3,360.7,168.4,96.0,33.0,32.0,14
Belgium,15,Thomas MEUNIER,12278.4,3763.7,5405.8,1873.1,760.3,475.5,163.0,64.0,33.0,14
Belgium,17,Charles DE KETELAERE,7497.8,2830.2,3076.8,966.5,381.6,242.8,78.0,34.0,33.5,14
Belgium,21,Timothy CASTAGNE,7326.6,2325.7,3271.9,1066.9,593.5,68.6,88.0,39.0,28.6,14
Belgium,24,Amadou ONANA,6466.5,2223.2,2959.2,919.6,280.7,83.8,69.0,20.0,32.1,14
Belgium,25,Nathan NGOY,9718.9,4112.3,4033.6,929.3,401.4,242.4,87.0,34.0,34.5,14
Belgium,5,Maxim DE CUYPER,4235.4,1342.5,1853.5,603.4,255.7,180.3,49.0,19.0,32.9,14
Belgium,9,Romelu LUKAKU,2565.9,1082.3,1013.5,293.9,111.6,64.7,26.0,8.0,30.0,14
Belgium,20,Hans VANAKEN,1214.0,376.1,516.9,263.4,50.1,7.5,21.0,4.0,25.7,14
Belgium,23,Nicolas RASKIN,4253.9,1419.7,1930.9,503.3,230.4,169.6,34.0,16.0,31.9,14
Belgium,26,Matias FERNANDEZ-PARDO,1307.3,351.6,464.6,291.4,136.7,63.0,20.0,12.0,32.0,14
Egypt,23,MOSTAFA SHOUBIR,5229.9,4159.8,951.7,107.6,10.8,13.0,1.0,22.7,2.0,14
Egypt,3,MOHAMED HANY,9670.5,3924.3,4089.6,1030.4,403.9,222.3,96.0,34.0,30.9,14
Egypt,8,EMAM ASHOUR,8160.8,2844.1,3410.4,1257.7,501.7,146.9,101.0,39.0,30.1,14
Egypt,10,MOHAMED SALAH,8689.3,2944.0,4056.0,890.4,474.9,324.0,86.0,35.0,33.6,14
Egypt,11,MOSTAFA ZICO,9486.3,3063.7,4077.2,1458.5,678.0,208.9,131.0,50.0,32.4,14
Egypt,13,AHMED FATOUH,10155.5,3395.3,4598.5,1319.6,699.8,142.3,118.0,49.0,29.4,14
Egypt,14,HAMDY FATHY,9364.6,3380.1,3971.9,1402.8,421.4,188.4,107.0,36.0,31.4,14
Egypt,17,MOHANAD LASHIN,10823.8,3915.4,4670.3,1597.9,505.8,134.4,133.0,40.0,31.6,14
Egypt,19,MARAWAN ATTIA,11383.6,3772.5,4635.4,2081.2,692.1,202.3,179.0,60.0,33.0,14
Egypt,22,OMAR MARMOUSH,9217.8,4300.2,3178.2,986.9,474.1,278.3,91.0,44.0,32.9,14
Egypt,5,RAMY RABIA,2634.9,990.9,1049.8,432.5,102.6,59.1,34.0,10.0,31.1,14
Egypt,9,HAMZA ABDELKARIM,2226.9,685.0,848.9,364.3,204.3,124.4,25.0,19.0,31.3,14
Egypt,15,KARIM HAFEZ,1022.3,242.1,386.0,202.3,101.2,90.6,13.0,7.0,31.2,14
Egypt,20,IBRAHIM ADEL,1006.5,228.1,431.0,188.8,125.7,32.9,18.0,8.0,27.9,14
Egypt,25,ZIZO,2376.6,646.5,971.0,423.0,253.8,82.2,29.0,16.0,32.7,14
Saudi Arabia,4,ABDULELAH ALAMRI,8961.7,4576.4,3319.4,780.5,233.4,52.1,67.0,19.0,28.8,15
Saudi Arabia,5,HASSAN ALTAMBAKTI,9771.0,3982.0,4511.8,980.0,206.0,91.2,92.0,18.0,30.8,15
Saudi Arabia,7,MUSAB ALJUWAYR,8096.6,2639.8,3737.9,1271.4,381.8,65.7,119.0,25.0,26.5,15
Saudi Arabia,9,FERAS ALBRIKAN,10197.0,3876.1,4743.0,1144.8,374.7,58.4,104.0,31.0,28.6,15
Saudi Arabia,10,SALEM ALDAWSARI,10726.7,4353.0,3947.2,1555.2,658.3,213.0,140.0,54.0,32.9,15
Saudi Arabia,12,SAUD ABDULHAMID,9020.5,3852.7,3623.8,894.2,438.5,211.2,82.0,40.0,31.6,15
Saudi Arabia,15,ABDULLAH ALKHAIBARI,11274.6,3512.1,5834.0,1541.6,354.5,32.3,144.0,30.0,27.8,15
Saudi Arabia,23,MOHAMED KANNO,9830.7,4569.5,3768.5,1133.5,252.2,107.0,103.0,21.0,31.8,15
Saudi Arabia,24,MOTEB ALHARBI,10120.5,3980.1,4168.1,1199.4,518.3,254.7,108.0,41.0,33.8,15
Saudi Arabia,26,MOHAMMED ABU ALSHAMAT,9476.2,3411.9,4161.9,1201.8,539.9,160.6,103.0,46.0,31.2,15
Saudi Arabia,3,ALI LAJAMI,609.7,236.5,253.6,60.5,56.1,3.0,6.0,4.0,25.8,15
Saudi Arabia,6,NASSER ALDAWSARI,3903.1,1231.4,1651.8,737.8,231.7,50.4,62.0,21.0,30.2,15
Saudi Arabia,13,NAWAF BU WASHL,2030.3,636.9,896.3,282.4,166.4,48.4,23.0,17.0,30.0,15
Saudi Arabia,18,ALA ALHAJJI,796.2,190.5,353.5,161.1,80.5,10.6,15.0,5.0,25.6,15
Saudi Arabia,19,ABDULLAH ALHAMDDAN,912.0,189.2,309.9,171.9,168.9,72.1,14.0,12.0,29.7,15
Uruguay,23,Fernando MUSLERA,4347.5,3563.5,660.6,84.9,21.8,16.8,10.0,3.0,29.7,15
Uruguay,3,Sebastian CACERES,10017.5,4426.5,3976.6,1120.6,341.0,152.9,88.0,28.0,32.4,15
Uruguay,5,Manuel UGARTE,8237.5,3010.4,3855.0,972.5,307.4,92.1,96.0,24.0,31.8,15
Uruguay,6,Rodrigo BENTANCUR,11131.6,4926.1,4501.2,1158.8,436.8,108.6,107.0,32.0,30.4,15
Uruguay,8,Federico VALVERDE,9404.5,4090.9,3936.8,874.0,372.4,130.4,75.0,36.0,33.3,15
Uruguay,9,Darwin NUNEZ,5130.9,2144.7,2040.1,560.8,257.6,127.7,46.0,21.0,34.6,15
Uruguay,13,Guillermo VARELA,11001.3,4255.8,4290.2,1429.0,741.2,285.1,123.0,59.0,33.3,15
Uruguay,16,Mathias OLIVERA,11757.1,4177.7,4964.9,2002.6,524.7,87.2,166.0,34.0,28.2,15
Uruguay,17,Matias VINA,5227.5,1902.4,2077.2,844.8,329.1,74.0,71.0,30.0,30.5,15
Uruguay,20,Maxi ARAUJO,8348.9,3463.9,3384.7,1004.9,338.7,156.6,89.0,28.0,32.4,15
Uruguay,21,Federico VINAS,9066.4,4389.0,3040.9,1063.4,369.4,203.7,93.0,39.0,31.0,15
Uruguay,7,Nicolas DE LA CRUZ,3035.6,1019.3,1264.2,499.2,230.7,22.2,44.0,16.0,27.7,15
Uruguay,14,Agustin CANOBBIO,5678.0,1789.4,2630.1,847.3,353.4,57.7,75.0,26.0,27.8,15
Uruguay,18,Brian RODRIGUEZ,1857.4,738.9,686.5,294.8,92.8,44.3,27.0,8.0,31.8,15
Uruguay,19,Rodrigo AGUIRRE,898.7,333.8,285.4,167.5,81.7,30.3,12.0,4.0,30.6,15
Uruguay,25,Juan Manuel SANABRIA,5774.7,2238.7,2111.2,805.9,386.8,232.1,60.0,28.0,32.6,15
IR Iran,4,Shoja KHALILZADEH,9579.6,4451.2,3822.9,996.0,247.7,61.9,101.0,25.0,31.3,16
IR Iran,5,Milad MOHAMMADI,11182.8,3985.4,4600.9,1534.7,803.9,257.8,127.0,55.0,30.7,16
IR Iran,6,Saeid EZATOLAHI,11172.6,4179.0,4972.0,1618.6,377.6,25.4,142.0,27.0,26.7,16
IR Iran,8,Mohammad MOHEBBI,11050.2,4389.0,3324.2,2135.4,798.9,402.7,155.0,54.0,32.3,16
IR Iran,9,Mehdi TAREMI,9139.3,3318.4,3807.5,1216.5,537.8,259.0,104.0,41.0,32.6,16
IR Iran,14,Saman GHODDOS,8026.8,2431.9,3719.2,1324.2,444.6,107.0,106.0,33.0,28.8,16
IR Iran,17,Arya YOUSEFI,5813.3,1962.9,2347.1,980.3,431.9,91.1,84.0,31.0,30.6,16
IR Iran,19,Ali NEMATI,10254.4,4290.4,4048.4,1401.6,389.1,124.9,118.0,32.0,30.1,16
IR Iran,20,Shahriyar MOGHANLOO,6284.0,2364.0,2564.0,880.2,364.3,111.5,77.0,24.0,28.1,16
IR Iran,23,Ramin REZAEIAN,11475.0,4013.6,4723.1,1743.7,736.9,257.7,136.0,53.0,30.4,16
IR Iran,3,Ehsan HAJISAFI,3421.6,1227.5,1439.0,481.9,224.0,49.2,41.0,15.0,26.6,16
IR Iran,10,Mehdi GHAYEDI,4683.2,1961.9,1649.6,624.5,287.8,159.4,50.0,24.0,30.2,16
IR Iran,11,Ali ALIPOUR,4655.7,1651.0,1981.4,601.7,328.4,93.3,51.0,27.0,29.9,16
IR Iran,18,Amirhossein HOSSEINZADEH,1911.9,565.7,858.1,272.6,155.7,59.8,23.0,9.0,29.0,16
New Zealand,1,Max CROCOMBE,4236.9,3342.9,786.3,90.8,16.9,7.0,2.0,24.0,2.0,16
New Zealand,5,Michael BOXALL,9279.4,3876.6,3881.0,1001.1,375.8,144.9,77.0,28.0,29.9,16
New Zealand,6,Joe BELL,11525.2,3781.4,5129.3,1846.9,628.5,139.2,155.0,41.0,28.7,16
New Zealand,8,Marko STAMENIC,10496.0,3890.5,4381.9,1320.9,633.9,268.8,115.0,42.0,32.3,16
New Zealand,9,Chris WOOD,10232.8,4353.0,4030.3,1236.9,532.6,80.0,110.0,41.0,30.6,16
New Zealand,10,Sarpreet SINGH,11363.8,3549.2,5398.8,1553.9,692.6,169.4,140.0,51.0,30.6,16
New Zealand,11,Elijah JUST,11395.7,3790.6,4523.8,1850.0,873.7,357.7,161.0,70.0,31.4,16
New Zealand,13,Liberato CACACE,8371.4,2712.8,3563.3,1356.3,597.7,141.3,113.0,39.0,28.5,16
New Zealand,16,Finn SURMAN,9967.6,3895.7,4519.1,972.0,402.4,178.4,86.0,29.0,31.7,16
New Zealand,20,Callum McCOWATT,8513.4,3035.9,3308.9,1342.5,612.4,213.7,131.0,42.0,31.1,16
New Zealand,4,Tyler BINDON,501.7,133.8,184.5,92.8,85.7,5.0,9.0,5.0,25.7,16
New Zealand,19,Ben OLD,2817.9,1220.9,934.1,377.9,156.9,128.0,32.0,15.0,32.4,16
New Zealand,21,Jesse RANDALL,664.5,130.4,244.4,163.2,82.7,43.8,14.0,6.0,31.7,16
New Zealand,23,Ryan THOMAS,3350.4,1138.7,1353.8,610.4,198.5,48.9,51.0,14.0,28.3,16
New Zealand,24,Callan ELLIOT,1875.7,745.4,818.0,176.6,86.3,49.5,19.0,8.0,30.9,16
France,16,Mike MAIGNAN,5819.7,4259.9,1377.1,167.5,15.3,16.0,1.0,21.7,4.0,17
France,5,Jules KOUNDE,11434.7,4214.7,4534.2,1624.3,732.2,329.3,148.0,56.0,31.0,17
France,7,Ousmane DEMBELE,9298.9,3363.9,4040.0,1260.0,570.0,65.0,114.0,39.0,27.6,17
France,8,Aurelien TCHOUAMENI,12156.8,4015.0,4947.3,2453.9,542.4,198.3,197.0,41.0,30.1,17
France,10,Kylian MBAPPE,9686.1,4223.8,3701.9,1048.7,487.2,224.5,87.0,45.0,35.1,17
France,11,Michael OLISE,12627.9,3769.0,5613.9,1774.1,1049.2,421.7,149.0,79.0,31.3,17
France,14,Adrien RABIOT,12307.0,4374.3,5080.4,1938.1,700.8,213.4,176.0,54.0,29.0,17
France,17,William SALIBA,10595.2,4381.5,4147.5,1155.5,631.1,279.6,97.0,44.0,32.3,17
France,19,Theo HERNANDEZ,10782.5,4176.2,4508.2,1212.4,660.6,225.0,101.0,49.0,33.2,17
France,20,Desire DOUE,10381.6,3373.3,4628.5,1413.2,709.9,256.8,121.0,55.0,31.7,17
France,12,Bradley BARCOLA,2294.6,907.3,825.1,232.8,161.4,168.1,21.0,9.0,33.9,17
France,24,Rayan CHERKI,1658.4,521.9,598.5,281.1,149.6,107.3,21.0,11.0,30.0,17
Senegal,16,Edouard MENDY,6149.5,4812.5,1222.3,98.5,16.2,11.0,2.0,22.6,3.0,17
Senegal,5,Idrissa Gana GUEYE,9040.0,2859.9,4332.4,1271.0,475.2,101.4,112.0,32.0,27.9,17
Senegal,8,Lamine CAMARA,9411.9,2632.6,4471.6,1565.2,530.3,212.3,137.0,42.0,31.2,17
Senegal,10,Sadio MANE,10774.5,4195.7,4327.7,1268.6,706.9,275.6,118.0,52.0,32.3,17
Senegal,11,Nicolas JACKSON,9620.0,3683.1,3663.8,1092.2,658.7,522.1,101.0,58.0,33.5,17
Senegal,15,Krepin DIATTA,10772.1,4067.7,4524.5,1342.3,579.2,258.4,127.0,42.0,32.8,17
Senegal,18,Ismaila SARR,9161.3,3294.2,3783.4,1260.2,494.5,329.0,107.0,40.0,33.8,17
Senegal,19,Moussa NIAKHATE,10063.2,3692.9,4837.8,1114.1,352.8,65.6,103.0,29.0,30.8,17
Senegal,25,El Hadji Malick DIOUF,11434.5,3811.1,5041.8,1659.7,670.3,251.5,154.0,50.0,31.2,17
Senegal,26,Pape GUEYE,10010.6,3128.6,4715.3,1473.3,591.6,101.8,122.0,38.0,31.0,17
Senegal,6,Pathe CISS,1469.2,421.1,687.0,271.6,89.5,25.0,6.0,25.0,9.0,17
Senegal,13,Iliman NDIAYE,2202.7,599.1,1076.0,322.6,123.7,81.3,31.0,11.0,30.5,17
Senegal,20,Ibrahim MBAYE,2514.4,850.1,994.6,412.4,181.5,75.8,30.0,17.0,31.9,17
Senegal,21,Habib DIARRA,2798.8,804.8,1306.2,386.7,174.4,126.6,32.0,15.0,33.3,17
Iraq,12,JALAL HASSAN,4901.1,3964.7,858.0,55.6,22.8,5.0,2.0,24.2,3.0,18
Iraq,4,ZAID TAHSEEN,10005.6,3846.1,4404.6,1328.7,242.7,183.5,113.0,27.0,31.9,18
Iraq,5,AKAM HASHIM,9235.9,3785.5,3715.3,1262.0,315.1,157.9,103.0,28.0,31.4,18
Iraq,8,IBRAHIM BAYESH,8506.0,3408.8,3240.0,1213.5,416.9,226.8,101.0,38.0,31.9,18
Iraq,9,ALI ALHAMADI,7158.0,2401.5,3056.7,1047.1,537.9,114.8,94.0,49.0,33.5,18
Iraq,16,AMIR ALAMMARI,11207.3,3928.3,4869.7,1729.6,516.0,163.7,149.0,38.0,30.2,18
Iraq,17,ALI JASIM,8363.3,2372.4,3562.4,1699.7,644.2,84.5,140.0,52.0,28.9,18
Iraq,18,AYMEN HUSSEIN,9971.5,4505.1,3631.5,1184.8,452.2,198.0,108.0,40.0,29.7,18
Iraq,23,MERCHAS DOSKI,10501.1,3656.7,4891.0,1245.3,480.8,227.3,110.0,37.0,30.9,18
Iraq,24,ZAID ISMAEL,7912.6,2217.8,3502.2,1670.5,370.4,151.8,126.0,29.0,28.6,18
Iraq,10,MOHANAD ALI,2368.0,775.2,979.7,368.1,198.6,46.3,36.0,16.0,28.9,18
Iraq,11,AHMED QASEM,2789.0,996.1,1036.3,418.7,265.8,72.1,36.0,21.0,28.0,18
Iraq,14,ZIDANE IQBAL,4290.7,1289.4,1865.7,855.4,237.0,43.2,69.0,15.0,28.2,18
Iraq,21,MARKO FARJI,3978.9,1559.1,1531.3,589.0,226.6,73.0,58.0,18.0,31.9,18
Iraq,25,MUSTAFA SAADOON,2482.8,1059.9,863.5,289.0,190.1,80.4,26.0,15.0,31.6,18
Norway,3,Kristoffer AJER,10260.5,4615.8,3978.7,1275.8,273.8,116.4,93.0,25.0,31.8,18
Norway,5,David MOLLER WOLFE,7988.3,2598.5,3726.3,999.6,385.2,278.6,88.0,38.0,33.4,18
Norway,7,Alexander SORLOTH,8414.2,2797.3,3636.5,1313.7,386.9,279.7,110.0,32.0,32.7,18
Norway,8,Sander BERGE,11782.8,3872.0,5381.2,1990.3,445.4,93.9,160.0,38.0,28.4,18
Norway,9,Erling HAALAND,9597.3,4651.4,3141.4,829.9,536.5,438.1,68.0,43.0,36.5,18
Norway,10,Martin ODEGAARD,10247.5,3367.0,4078.6,1836.4,720.2,245.2,161.0,56.0,30.0,18
Norway,14,Fredrik AURSNES,9349.4,2736.9,3824.0,2031.2,605.2,152.2,159.0,45.0,30.4,18
Norway,17,Torbjorn HEGGEM,10846.3,3910.3,5253.2,1222.0,370.1,90.8,101.0,33.0,31.0,18
Norway,20,Antonio NUSA,7518.8,2929.7,2941.0,998.6,448.9,200.5,86.0,39.0,31.6,18
Norway,26,Julian RYERSON,10712.4,4104.4,4546.0,1472.7,480.3,109.1,120.0,37.0,30.2,18
Norway,4,Leo OSTIGARD,2654.4,1074.0,1186.3,282.9,98.6,12.5,26.0,7.0,26.8,18
Norway,6,Patrick BERG,2095.4,684.5,955.9,349.0,88.9,17.0,35.0,8.0,26.4,18
Norway,18,Kristian THORSTVEDT,3184.7,1051.1,1336.3,559.7,217.0,20.5,45.0,15.0,26.5,18
Norway,21,Andreas SCHJELDERUP,2660.2,1024.3,1097.7,306.6,142.9,88.7,26.0,11.0,32.8,18
Norway,22,Oscar BOBB,2689.6,1076.1,1072.7,355.8,139.2,45.8,29.0,14.0,33.4,18
Argentina,23,Emiliano MARTINEZ,4718.3,4035.2,567.6,99.7,15.8,8.0,2.0,21.3,4.0,19
Argentina,6,Lisandro MARTINEZ,9012.0,4510.4,3573.4,728.8,173.8,25.6,61.0,16.0,27.8,19
Argentina,7,Rodrigo DE PAUL,10208.7,4548.3,3742.6,1086.4,561.2,270.1,84.0,47.0,30.9,19
Argentina,10,Lionel MESSI,6808.4,4149.4,1569.2,670.2,357.6,62.0,60.0,29.0,29.4,19
Argentina,13,Cristian ROMERO,7406.3,3898.9,2709.8,644.1,127.1,26.4,50.0,13.0,29.9,19
Argentina,16,Thiago ALMADA,7226.5,2160.4,3483.9,1012.4,416.9,153.0,77.0,35.0,29.9,19
Argentina,20,Alexis MAC ALLISTER,11187.3,3604.0,5857.8,1422.5,264.5,38.5,123.0,24.0,27.9,19
Argentina,22,Lautaro MARTINEZ,6730.6,2347.5,3113.9,826.3,292.9,150.1,71.0,23.0,30.4,19
Argentina,24,Enzo FERNANDEZ,11426.6,3885.6,5080.0,1615.4,614.6,231.1,148.0,51.0,30.5,19
Argentina,25,Facundo MEDINA,10855.0,3949.9,4796.0,1381.3,498.1,229.7,124.0,37.0,31.2,19
Argentina,9,Julian ALVAREZ,4394.7,1566.4,1711.6,606.5,366.4,143.7,56.0,28.0,29.9,19
Argentina,15,Nico GONZALEZ,4237.7,1655.7,1779.5,450.3,154.1,198.1,36.0,16.0,33.4,19
Argentina,18,Nico PAZ,2114.0,632.6,1039.1,285.2,81.0,76.1,29.0,5.0,30.0,19
Argentina,19,Nicolas OTAMENDI,1707.0,642.6,844.0,185.8,21.9,12.7,18.0,3.0,26.2,19
Argentina,26,Nahuel MOLINA,5371.3,2216.4,2096.6,686.5,277.4,94.5,64.0,26.0,33.7,19
Algeria,23,Luca ZIDANE,4063.9,3178.4,800.6,72.8,12.1,8.0,1.0,22.0,2.0,19
Algeria,9,Amine GOUIRI,7114.7,2778.9,2983.4,944.9,386.6,20.9,96.0,31.0,26.2,19
Algeria,10,Fares CHAIBI,10722.1,3878.2,4755.1,1438.2,462.3,188.2,124.0,42.0,32.7,19
Algeria,11,Anis HADJ MOUSSA,7147.7,2888.5,2791.2,1034.6,384.1,49.3,97.0,30.0,28.7,19
Algeria,14,Hicham BOUDAOUI,8257.3,2162.6,4176.3,1355.8,468.5,94.2,112.0,33.0,29.6,19
Algeria,15,Rayan AIT-NOURI,9966.6,4034.5,3782.9,1358.5,570.0,220.8,104.0,52.0,29.3,19
Algeria,17,Rafik BELGHALI,10148.9,3829.6,3975.7,1401.8,687.6,254.3,128.0,47.0,33.0,19
Algeria,19,Nabil BENTALEB,9393.7,3218.9,4341.1,1342.1,400.5,91.1,120.0,25.0,30.9,19
Algeria,21,Ramy BENSEBAINI,8858.2,3986.2,3732.9,769.5,307.5,62.1,77.0,28.0,29.8,19
Algeria,22,Ibrahim MAZA,9760.5,3220.9,4617.6,1477.2,378.9,65.8,126.0,35.0,28.4,19
Algeria,6,Ramiz ZERROUKI,1955.0,495.6,1087.5,316.9,52.0,3.0,24.0,5.0,25.3,19
Algeria,7,Riyad MAHREZ,3481.9,1300.4,1382.6,454.3,228.4,116.1,42.0,14.0,30.3,19
Algeria,8,Houssem AOUAR,3820.9,1036.4,1994.5,591.8,170.2,28.0,50.0,16.0,31.5,19
Algeria,18,Mohamed AMOURA,3799.5,920.8,1813.4,668.7,298.1,98.5,57.0,24.0,29.0,19
Austria,1,Alexander SCHLAGER,6279.0,4207.1,1665.2,298.3,71.2,37.3,24.0,8.0,30.1,20
Austria,4,Xaver SCHLAGER,7334.9,2290.2,3396.8,1195.4,412.7,39.9,101.0,29.0,27.0,20
Austria,5,Stefan POSCH,11970.4,3782.7,5002.7,1983.6,752.9,448.5,174.0,60.0,32.4,20
Austria,6,Nicolas SEIWALD,11721.4,3728.9,5470.2,1772.9,508.3,241.2,160.0,38.0,32.7,20
Austria,8,David ALABA,6544.3,2325.5,3045.2,781.8,309.0,82.8,67.0,21.0,31.2,20
Austria,9,Marcel SABITZER,10942.3,4038.7,4055.3,1715.3,841.1,291.9,139.0,69.0,33.6,20
Austria,14,Sasa KALAJDZIC,5537.9,1855.7,2326.7,932.0,369.3,54.1,76.0,30.0,29.5,20
Austria,15,Philipp LIENHART,10672.5,3842.0,5001.8,1267.0,434.8,126.9,125.0,33.0,32.1,20
Austria,16,Phillip MWENE,7498.4,2131.4,3448.3,1120.2,442.3,356.1,96.0,41.0,30.8,20
Austria,18,Romano SCHMID,9454.9,3011.0,3952.2,1660.6,628.8,202.1,142.0,45.0,32.5,20
Austria,20,Konrad LAIMER,11947.6,3742.5,5489.6,1490.4,804.5,420.6,134.0,67.0,34.1,20
Austria,3,Kevin DANSO,4025.2,1602.6,1721.1,489.0,166.1,46.3,44.0,14.0,29.7,20
Austria,7,Marko ARNAUTOVIC,5137.4,2456.4,1876.2,569.0,209.4,26.5,53.0,19.0,28.8,20
Austria,17,Carney CHUKWUEMEKA,4502.7,1571.6,1836.4,706.2,264.8,123.6,63.0,19.0,29.4,20
Austria,21,Patrick WIMMER,2223.6,696.6,829.0,392.1,193.4,112.5,31.0,14.0,30.3,20
Austria,24,Paul WANNER,4577.1,1507.8,2047.4,741.1,256.2,24.5,67.0,19.0,27.9,20
Jordan,3,ABDALLAH NASIB,8156.8,3157.2,3353.6,1097.8,465.4,82.7,95.0,33.0,29.2,20
Jordan,5,YAZAN ALARAB,9954.9,3970.6,4407.2,1113.2,369.7,94.2,103.0,27.0,32.4,20
Jordan,8,NOOR ALRAWABDEH,13030.4,3462.1,5962.6,2663.4,776.4,166.0,228.0,55.0,30.6,20
Jordan,9,ALI OLWAN,12149.4,4192.8,5280.4,1713.2,666.6,296.3,147.0,53.0,32.7,20
Jordan,10,MOUSA ALTAMARI,8690.5,3618.1,3226.5,944.5,525.3,376.1,89.0,47.0,34.0,20
Jordan,11,ODEH FAKHOURY,10442.1,3303.5,4412.7,1642.1,778.7,305.0,158.0,60.0,34.5,20
Jordan,16,MOHAMMAD ABUALNADI,8416.0,2401.1,4107.4,1246.2,385.0,276.3,115.0,31.0,31.2,20
Jordan,20,MOHANNAD ABUTAHA,11617.9,4009.0,4609.2,1813.9,974.5,211.3,174.0,70.0,31.2,20
Jordan,21,NIZAR ALRASHDAN,11703.6,3586.3,5480.2,1905.5,598.1,133.6,167.0,48.0,29.6,20
Jordan,23,EHSAN HADDAD,9086.5,3382.0,3547.8,1382.0,579.2,195.5,115.0,48.0,29.9,20
Jordan,13,MAHMOUD ALMARDI,2632.6,782.4,1169.3,542.6,107.5,30.9,45.0,8.0,27.5,20
Jordan,17,SALEEM OBAID,2818.7,921.6,1422.3,322.1,141.3,11.3,25.0,10.0,26.7,20
Jordan,19,SAED ALROSAN,2425.1,733.8,1163.8,371.7,132.1,23.7,36.0,12.0,31.0,20
Jordan,24,ALI AZAIZEH,1740.7,513.7,777.9,302.3,94.7,52.2,23.0,8.0,30.0,20
Jordan,25,MOHAMMAD ALDAOUD,1620.2,479.3,674.9,356.9,100.6,8.5,28.0,7.0,25.9,20
Portugal,1,DIOGO COSTA,4615.1,3698.8,832.2,73.8,10.4,8.0,1.0,22.9,4.0,21
Portugal,7,CRISTIANO RONALDO,8389.5,4267.2,3025.3,688.3,335.5,73.1,60.0,29.0,30.7,21
Portugal,8,BRUNO FERNANDES,10584.9,4077.8,4430.8,1412.2,504.4,159.7,115.0,42.0,31.2,21
Portugal,10,BERNARDO SILVA,6076.9,1779.9,2691.9,1069.5,416.7,118.9,87.0,29.0,28.5,21
Portugal,13,RENATO VEIGA,10073.0,4104.8,4202.4,1203.5,402.4,159.9,113.0,31.0,32.4,21
Portugal,15,JOAO NEVES,11977.1,3502.4,5993.1,1550.7,731.3,199.6,144.0,54.0,29.2,21
Portugal,18,PEDRO NETO,7636.3,3283.5,2661.6,894.6,515.5,281.2,88.0,47.0,34.8,21
Portugal,20,JOAO CANCELO,10754.2,4092.4,4479.7,1468.0,626.0,88.0,122.0,49.0,28.5,21
Portugal,23,VITINHA,10224.6,3118.3,5088.0,1341.3,528.1,148.9,112.0,42.0,31.4,21
Portugal,25,NUNO MENDES,6523.7,2910.4,2374.2,785.7,298.1,155.4,62.0,31.0,31.5,21
Portugal,2,NELSON SEMEDO,3086.1,852.2,1282.6,608.5,210.3,132.5,46.0,16.0,31.1,21
Portugal,9,GONCALO RAMOS,1627.4,452.3,614.4,302.9,189.1,68.6,27.0,14.0,31.9,21
Portugal,17,RAFAEL LEAO,2434.2,1085.1,784.8,352.2,155.3,56.8,31.0,11.0,30.1,21
Portugal,26,FRANCISCO CONCEICAO,5560.7,2075.0,2306.9,791.8,237.9,149.1,64.0,23.0,32.9,21
Congo DR,1,Lionel MPASI,4579.9,3718.6,751.2,88.8,21.2,10.0,2.0,24.4,2.0,21
Congo DR,3,Steve KAPUADI,9955.3,4150.1,4124.5,1223.6,295.5,161.6,109.0,26.0,32.8,21
Congo DR,4,Axel TUANZEBE,9283.3,4110.6,3951.2,748.8,337.0,135.7,68.0,26.0,28.5,21
Congo DR,6,Ngalayel MUKAU,7945.6,2128.5,3943.2,1401.5,388.9,83.4,122.0,34.0,30.5,21
Congo DR,8,Samuel MOUTOUSSAMY,12137.7,3251.1,5944.2,2029.0,761.8,151.6,159.0,51.0,29.9,21
Congo DR,17,Cedric BAKAMBU,9255.1,3958.1,3057.3,1342.2,646.8,250.7,114.0,56.0,32.3,21
Congo DR,20,Yoane WISSA,10880.7,4359.4,4291.4,1234.7,629.3,365.9,96.0,49.0,33.4,21
Congo DR,22,Chancel MBEMBA,9189.2,4214.1,3555.7,890.7,352.4,176.2,82.0,33.0,32.2,21
Congo DR,25,Edo KAYEMBE,9203.5,2895.2,4203.4,1450.0,571.3,83.6,137.0,43.0,28.4,21
Congo DR,26,Arthur MASUAKU,8008.0,3288.5,3331.7,883.6,384.9,119.2,85.0,31.0,32.5,21
Congo DR,12,Joris KAYEMBE,2510.7,839.9,1002.6,462.2,200.6,5.5,32.0,13.0,25.5,21
Congo DR,14,Noah SADIKI,4751.4,1365.1,2069.4,781.8,387.6,147.5,71.0,30.0,30.5,21
Congo DR,18,Charles PICKEL,2870.6,767.6,1041.5,504.1,274.3,283.1,47.0,21.0,33.2,21
Congo DR,23,Simon BANZA,1383.0,332.1,587.2,292.6,131.6,39.6,23.0,8.0,29.0,21
Congo DR,24,Gedeon KALULU,1186.8,420.0,418.2,208.9,116.5,23.2,20.0,6.0,28.0,21
England,1,Jordan PICKFORD,6162.9,4179.8,1707.2,181.4,86.5,7.9,18.0,7.0,26.4,22
England,2,Ezri KONSA,10244.1,4275.4,4175.7,1382.3,375.2,35.4,119.0,34.0,27.6,22
England,3,Nico OREILLY,10885.2,4078.5,4589.2,1393.7,578.2,245.7,117.0,43.0,33.1,22
England,4,Declan RICE,8754.0,2891.4,3805.5,1339.7,534.0,183.4,108.0,41.0,28.9,22
England,5,John STONES,9455.6,3434.2,4062.7,1411.9,454.9,91.9,121.0,35.0,27.5,22
England,8,Elliot ANDERSON,12044.1,3501.4,5420.1,2256.3,708.5,157.8,187.0,54.0,29.1,22
England,9,Harry KANE,11480.1,3950.1,4938.6,1762.7,712.1,116.6,150.0,44.0,28.0,22
England,10,Jude BELLINGHAM,9139.2,3595.9,2914.4,1534.2,766.0,328.6,126.0,58.0,32.0,22
England,18,Anthony GORDON,8110.1,3229.1,2588.9,1156.5,701.6,434.1,103.0,58.0,31.2,22
England,20,Noni MADUEKE,7673.9,3265.2,2496.5,1147.6,404.4,360.2,96.0,35.0,34.1,22
England,24,Reece JAMES,10452.6,4080.7,4285.4,1423.0,482.5,180.9,119.0,38.0,31.2,22
England,6,Marc GUEHI,1167.5,306.4,671.0,144.2,34.8,11.0,12.0,2.0,26.2,22
England,7,Bukayo SAKA,3035.5,961.3,1236.5,442.4,244.2,151.1,41.0,18.0,32.0,22
England,11,Marcus RASHFORD,3064.2,865.2,1362.1,466.2,207.2,163.6,49.0,19.0,32.5,22
England,17,Morgan ROGERS,3331.6,825.4,1585.2,643.2,177.2,100.6,43.0,14.0,30.7,22
England,25,Djed SPENCE,1981.8,758.6,750.9,209.4,136.6,126.2,16.0,10.0,35.2,22
Croatia,1,Dominik LIVAKOVIC,4632.5,3659.3,823.3,117.8,25.9,6.2,12.0,2.0,26.9,22
Croatia,2,Josip STANISIC,10771.1,4063.3,4282.6,1388.1,631.7,405.3,120.0,55.0,32.2,22
Croatia,4,Josko GVARDIOL,10109.5,4381.0,3496.1,1419.9,566.8,245.7,113.0,38.0,34.1,22
Croatia,6,Josip SUTALO,10489.7,3584.9,5034.3,1209.1,461.2,200.2,106.0,34.0,29.7,22
Croatia,10,Luka MODRIC,6337.5,2269.1,2665.2,867.3,317.3,218.6,74.0,24.0,30.7,22
Croatia,14,Ivan PERISIC,10293.4,4297.1,3527.0,1373.7,667.8,427.8,117.0,54.0,31.2,22
Croatia,15,Mario PASALIC,8427.0,3210.1,3413.5,1066.8,512.0,224.8,101.0,38.0,31.9,22
Croatia,16,Martin BATURINA,9284.5,2768.4,4221.8,1720.7,477.6,95.9,146.0,36.0,30.5,22
Croatia,17,Petar SUCIC,12300.1,3418.1,5558.3,2126.0,962.2,235.5,186.0,63.0,29.7,22
Croatia,22,Luka VUSKOVIC,7008.1,2748.3,2936.6,918.1,269.9,135.2,81.0,21.0,29.0,22
Croatia,26,Petar MUSA,7570.3,2771.0,3183.9,1099.3,427.3,88.7,97.0,35.0,31.4,22
Croatia,8,Mateo KOVACIC,4601.9,1364.5,2264.6,791.2,143.9,37.6,59.0,15.0,26.7,22
Croatia,9,Andrej KRAMARIC,2556.4,612.2,1160.8,536.7,201.0,45.7,49.0,13.0,30.6,22
Croatia,13,Nikola VLASIC,2404.5,682.5,1004.2,312.9,235.8,169.1,26.0,15.0,31.8,22
Croatia,20,Igor MATANOVIC,3527.9,959.4,1667.3,517.9,258.4,124.9,45.0,20.0,30.5,22
Croatia,24,Marco PASALIC,3408.7,1041.4,1507.1,514.1,274.2,72.0,43.0,24.0,30.3,22
Ghana,1,Lawrence Ati ZIGI,2286.7,1826.7,438.6,12.1,9.3,1.0,1.0,22.3,3.0,23
Ghana,4,Jonas ADJETEY,11307.4,4358.9,4784.0,1418.4,550.0,196.2,127.0,46.0,31.0,23
Ghana,9,Jordan AYEW,10287.3,3420.1,4573.5,1410.4,696.2,187.1,133.0,49.0,29.7,23
Ghana,11,Antoine SEMENYO,10663.6,4901.0,3906.5,985.7,545.9,324.5,80.0,44.0,34.5,23
Ghana,14,Gideon MENSAH,10862.6,4343.9,4610.4,1168.0,555.4,184.9,106.0,42.0,29.6,23
Ghana,15,Elisha OWUSU,9275.6,2863.1,4412.3,1500.6,450.8,48.7,130.0,32.0,28.8,23
Ghana,18,Jerome OPOKU,10651.3,4527.1,4729.6,1059.0,293.1,42.5,81.0,26.0,28.8,23
Ghana,22,Kamaldeen SULEMANA,6979.7,2731.8,2803.7,985.9,336.4,122.0,87.0,31.0,33.2,23
Ghana,24,Ernest NUAMAH,7062.5,2769.8,2773.0,966.4,388.0,165.3,81.0,32.0,33.3,23
Ghana,26,Marvin SENAYA,11229.7,4198.3,4804.0,1243.4,767.6,216.5,104.0,66.0,31.6,23
Ghana,16,Benjamin ASARE,2107.7,1815.2,249.2,15.8,19.0,8.4,1.0,2.0,26.6,23
Ghana,7,Abdul FATAWU,4666.9,1666.4,1886.4,724.9,318.5,70.8,55.0,26.0,28.3,23
Ghana,8,Kwasi SIBO,2691.0,739.7,1429.4,402.6,110.9,8.5,32.0,7.0,25.6,23
Ghana,10,Brandon THOMAS-ASANTE,4788.2,1578.3,1936.1,745.7,355.5,172.7,66.0,31.0,33.2,23
Ghana,25,Prince ADU,1494.8,514.0,548.2,266.5,134.5,31.5,17.0,10.0,31.2,23
Panama,22,Orlando MOSQUERA,5250.4,4169.8,949.1,112.0,19.6,11.0,2.0,24.8,2.0,23
Panama,3,Jose CORDOBA,10472.1,3672.3,5080.6,1053.6,383.0,282.7,86.0,31.0,33.8,23
Panama,6,Cristian MARTINEZ,8004.5,2562.7,3641.1,1154.1,508.8,137.8,100.0,44.0,29.8,23
Panama,7,Jose Luis RODRIGUEZ,8292.3,3351.8,3170.9,1120.5,444.1,205.1,92.0,36.0,31.6,23
Panama,11,Edgar Yoel BARCENAS,12157.6,3562.0,5829.1,2108.2,638.1,20.2,166.0,40.0,27.3,23
Panama,13,Jiovany RAMOS,10374.2,4187.5,4191.9,1307.0,538.8,149.0,115.0,39.0,31.7,23
Panama,14,Carlos HARVEY,12190.8,3582.4,6133.7,1883.8,485.3,105.6,165.0,38.0,29.9,23
Panama,16,Andres ANDRADE,10233.3,3883.2,4524.2,1217.5,400.1,208.3,106.0,36.0,31.0,23
Panama,18,Cecilio WATERMAN,7127.8,2758.0,3106.4,817.8,313.0,132.6,67.0,25.0,30.0,23
Panama,23,Amir MURILLO,11247.0,4223.1,4495.2,1541.2,771.4,216.1,135.0,56.0,32.6,23
Panama,10,Ismael DIAZ,2983.3,1052.2,1133.1,519.8,187.5,90.8,35.0,19.0,29.5,23
Panama,17,Jose FAJARDO,4127.6,1249.8,1802.9,605.9,317.7,151.3,44.0,24.0,30.4,23
Panama,20,Anibal GODOY,1239.0,451.1,406.0,305.8,61.3,14.8,18.0,4.0,27.2,23
Panama,24,Azarias LONDONO,4084.9,1330.1,1864.6,552.6,229.0,108.7,49.0,20.0,30.8,23
Uzbekistan,1,Utkir YUSUPOV,5094.4,4300.5,694.1,87.5,12.3,7.0,1.0,22.5,2.0,24
Uzbekistan,5,Rustam ASHURMATOV,7499.1,3218.8,3285.4,754.2,167.7,73.0,64.0,15.0,30.3,24
Uzbekistan,6,Akmal MOZGOVOY,12019.7,4161.7,5831.2,1570.6,384.2,72.0,150.0,31.0,28.3,24
Uzbekistan,7,Otabek SHUKUROV,11549.7,3986.3,5708.0,1487.4,318.3,49.6,132.0,28.0,28.5,24
Uzbekistan,11,Oston URUNOV,5419.7,2256.2,2104.6,767.7,220.6,70.6,59.0,19.0,30.4,24
Uzbekistan,13,Sherzod NASRULLAEV,5146.8,2139.4,2214.7,534.3,232.8,25.6,50.0,18.0,26.6,24
Uzbekistan,14,Eldor SHOMURODOV,9918.9,4712.8,3471.8,1053.5,501.3,179.4,93.0,45.0,30.2,24
Uzbekistan,18,Abdulla ABDULLAEV,9837.6,4379.6,4126.6,1028.4,257.8,45.1,86.0,19.0,30.3,24
Uzbekistan,22,Abbosbek FAYZULLAEV,8320.1,3173.1,3383.9,1092.2,447.3,223.6,101.0,35.0,33.9,24
Uzbekistan,24,Behruzjon KARIMOV,10419.4,4040.4,4314.9,1323.2,522.4,218.5,112.0,45.0,32.2,24
Uzbekistan,4,Farrukh SAYFIEV,5770.1,2257.9,2092.7,831.6,442.8,145.1,71.0,31.0,30.6,24
Uzbekistan,17,Dostonbek KHAMDAMOV,5750.2,2197.0,2226.8,897.1,357.2,72.1,75.0,25.0,32.3,24
Uzbekistan,20,Azizbek AMONOV,2708.1,1020.9,1005.6,378.6,220.7,82.3,36.0,16.0,30.1,24
Uzbekistan,21,Igor SERGEEV,787.5,260.7,353.1,92.9,69.5,11.3,8.0,4.0,27.0,24
Uzbekistan,26,Jakhongir UROZOV,2631.4,889.3,1221.8,408.4,84.2,27.7,39.0,8.0,30.8,24
Colombia,12,Camilo VARGAS,4431.3,3610.1,721.4,73.5,26.3,8.0,4.0,22.5,2.0,24
Colombia,3,Jhon LUCUMI,8704.9,4289.0,3274.9,740.9,253.3,146.7,62.0,20.0,32.9,24
Colombia,7,Luis DIAZ,9133.7,4264.4,3462.3,822.2,342.7,242.0,66.0,32.0,34.6,24
Colombia,10,James RODRIGUEZ,7582.7,3254.0,3374.7,846.2,93.3,14.5,70.0,7.0,26.2,24
Colombia,11,Jhon ARIAS,9387.8,4219.8,3682.2,995.5,389.2,101.1,84.0,32.0,30.2,24
Colombia,14,Gustavo PUERTA,9420.3,3299.1,4232.9,1351.3,456.5,80.4,118.0,41.0,29.3,24
Colombia,16,Jefferson LERMA,11199.6,3698.7,5104.5,1953.4,366.8,76.2,156.0,32.0,32.3,24
Colombia,17,Johan MOJICA,10309.8,4277.6,3836.1,1411.6,552.6,231.9,117.0,38.0,33.8,24
Colombia,23,Davinson SANCHEZ,9649.6,4284.1,3682.5,1090.9,417.1,175.0,96.0,33.0,31.8,24
Colombia,25,Luis SUAREZ,7554.6,3916.1,2440.9,691.6,338.2,167.7,62.0,26.0,33.3,24
Colombia,5,Kevin CASTANO,974.6,280.4,412.1,187.3,83.5,11.3,17.0,6.0,27.2,24
Colombia,6,Richard RIOS,2495.6,856.2,960.5,483.8,153.9,41.2,38.0,15.0,28.9,24
Colombia,19,Cucho HERNANDEZ,2325.6,882.8,960.0,306.0,129.7,47.0,28.0,7.0,32.3,24
Colombia,21,Jaminton CAMPAZ,3153.0,1071.9,1332.6,456.6,267.9,24.0,39.0,17.0,26.1,24
Colombia,26,Andres GOMEZ,1042.1,264.8,404.2,265.2,85.7,22.2,16.0,6.0,28.4,24
Mexico,2,Jorge SANCHEZ,11744.6,3735.4,5321.6,1721.2,704.1,262.3,158.0,60.0,30.6,25
Mexico,4,Edson ALVAREZ,10219.2,3927.1,4411.0,1330.7,368.3,182.1,125.0,38.0,30.8,25
Mexico,5,Johan VASQUEZ,10744.8,4017.6,4711.7,1587.5,365.6,62.4,133.0,31.0,27.9,25
Mexico,6,Erik LIRA,11868.5,3945.5,5683.4,1710.7,460.6,68.4,140.0,35.0,30.5,25
Mexico,7,Luis ROMO,9079.4,2771.1,4179.0,1541.1,507.5,80.8,143.0,38.0,28.9,25
Mexico,9,Raul JIMENEZ,8127.5,3733.3,2867.9,1020.2,339.0,167.2,78.0,35.0,31.2,25
Mexico,16,Julian QUINONES,9934.3,3761.5,3902.2,1478.6,549.7,242.3,132.0,55.0,32.1,25
Mexico,23,Jesus GALLARDO,10511.7,4201.7,4676.7,1092.6,384.2,156.6,93.0,35.0,31.3,25
Mexico,25,Roberto ALVARADO,8885.6,3498.0,3492.1,1073.4,575.8,246.3,89.0,44.0,33.2,25
Mexico,26,Brian GUTIERREZ,8307.3,3043.5,3469.0,1332.6,388.3,74.0,115.0,36.0,30.7,25
Mexico,11,Santiago GIMENEZ,1943.6,561.9,941.0,252.4,104.8,83.4,31.0,8.0,30.9,25
Mexico,15,Israel REYES,1887.9,605.7,958.8,249.1,74.2,21.0,4.0,22.9,17.0,25
Mexico,18,Obed VARGAS,3104.4,840.9,1439.2,555.0,209.7,59.6,51.0,12.0,31.5,25
Mexico,21,Cesar HUERTA,1580.4,446.5,726.4,270.3,98.9,38.3,21.0,7.0,28.4,25
Korea Republic,1,KIM Seunggyu,5398.0,3978.7,1210.3,145.6,62.1,1.4,12.0,5.0,25.1,25
Korea Republic,2,LEE Hanbeom,10482.6,3994.6,4588.9,1364.3,392.9,141.9,130.0,30.0,32.1,25
Korea Republic,3,LEE Gihyuk,10167.2,3575.7,4613.5,1364.2,426.3,187.6,117.0,35.0,31.6,25
Korea Republic,4,KIM Minjae,9969.0,4035.7,4365.5,971.9,345.4,250.4,85.0,33.0,34.4,25
Korea Republic,6,HWANG Inbeom,11491.9,3566.4,6028.7,1395.3,401.4,100.1,132.0,27.0,30.6,25
Korea Republic,7,SON Heungmin,6444.9,2513.1,2565.9,720.2,366.1,279.5,64.0,34.0,33.7,25
Korea Republic,8,PAIK Seungho,8930.1,3014.2,4457.0,1101.2,295.5,62.0,94.0,25.0,28.9,25
Korea Republic,10,LEE Jaesung,6971.5,2375.9,2929.7,1057.1,523.8,85.1,95.0,41.0,29.4,25
Korea Republic,15,KIM Moonhwan,8571.4,3153.3,3331.7,1273.5,604.8,208.1,109.0,52.0,32.1,25
Korea Republic,19,LEE Kangin,9414.8,4034.0,4207.2,895.6,257.1,20.9,82.0,25.0,26.4,25
Korea Republic,22,SEOL Youngwoo,8019.5,3179.8,3169.9,923.8,493.1,252.8,71.0,43.0,33.5,25
Korea Republic,9,CHO Guesung,2071.3,774.8,951.5,234.0,100.9,10.2,21.0,9.0,26.7,25
Korea Republic,11,HWANG Heechan,4224.6,1516.9,1764.1,564.0,267.8,111.8,48.0,21.0,30.0,25
Korea Republic,18,OH Hyeongyu,3960.1,1616.2,1530.8,507.0,227.3,78.8,45.0,19.0,29.6,25
Korea Republic,20,YANG Hyunjun,2936.4,882.2,1329.5,454.1,212.3,58.3,37.0,21.0,32.9,25
Korea Republic,25,EOM Jisung,3054.6,1037.6,1060.2,529.1,322.5,105.2,32.0,23.0,30.9,25
Czechia,3,Tomas HOLES,10661.3,3616.1,4876.2,1583.7,480.1,105.2,130.0,38.0,31.3,26
Czechia,4,Robin HRANAC,10093.3,3981.3,4338.6,1261.5,400.4,111.5,106.0,35.0,32.0,26
Czechia,5,Vladimir COUFAL,11827.4,3768.5,5110.5,2043.1,701.2,204.1,165.0,56.0,30.5,26
Czechia,7,Ladislav KREJCI,10908.0,4040.9,4799.4,1532.8,450.2,84.6,127.0,28.0,29.8,26
Czechia,8,Vladimir DARIDA,7507.5,1986.0,3176.5,1477.1,676.8,191.1,135.0,49.0,29.5,26
Czechia,9,Adam HLOZEK,8309.8,2696.5,3556.9,1267.1,535.3,254.0,122.0,49.0,31.7,26
Czechia,10,Patrik SCHICK,11347.2,3589.1,5893.5,1376.8,416.8,71.0,115.0,33.0,29.0,26
Czechia,12,Lukas CERV,8924.0,2751.0,4559.7,1231.0,360.4,21.9,88.0,26.0,26.7,26
Czechia,18,Michal SADILEK,8936.0,2299.9,4158.4,1642.4,637.5,197.8,140.0,52.0,29.5,26
Czechia,24,Alexandr SOJKA,7449.9,2219.5,2950.3,1437.1,698.4,144.6,126.0,48.0,29.2,26
Czechia,2,David ZIMA,2311.5,787.3,1062.9,349.4,111.8,23.0,9.0,24.6,15.0,26
Czechia,17,Lukas PROVOD,3602.8,942.9,1489.6,811.0,274.5,84.8,57.0,21.0,30.7,26
Czechia,20,Jaroslav ZELENY,4633.9,1612.6,1939.9,692.9,314.2,74.2,66.0,20.0,29.2,26
Czechia,22,Tomas SOUCEK,3640.1,921.1,1654.8,775.4,251.2,37.6,68.0,17.0,26.9,26
South Africa,1,Ronwen WILLIAMS,5596.2,4204.5,1227.2,123.5,41.0,9.0,3.0,24.3,4.0,26
South Africa,5,Thalente MBATHA,11135.5,3794.2,4751.4,1796.0,515.7,278.2,159.0,47.0,31.1,26
South Africa,6,Aubrey MODIBA,10348.5,3944.7,4211.4,1563.2,544.5,84.7,142.0,37.0,29.1,26
South Africa,7,Oswin APPOLLIS,11066.8,3530.7,4982.4,1712.8,685.7,155.2,145.0,62.0,32.2,26
South Africa,12,Thapelo MASEKO,9209.1,3320.1,3864.1,1212.9,619.1,192.9,109.0,52.0,32.4,26
South Africa,14,Mbekezeli MBOKAZI,8919.1,3598.2,3732.0,1006.3,364.1,218.4,89.0,34.0,32.7,26
South Africa,15,Iqraam RAYNERS,7369.7,3107.4,2551.3,860.9,528.4,321.7,68.0,45.0,32.9,26
South Africa,20,Khuliso MUDAU,10551.4,3499.2,4664.1,1385.1,608.6,394.4,115.0,46.0,32.8,26
South Africa,21,Ime OKON,10261.0,3799.4,4045.6,1545.2,638.7,232.0,141.0,55.0,31.5,26
South Africa,23,Jayden ADAMS,5460.8,1963.9,2398.0,809.4,243.6,45.9,73.0,19.0,28.6,26
South Africa,10,Relebohile MOFOKENG,6568.0,1619.8,3260.4,1255.8,302.8,129.1,102.0,23.0,30.0,26
South Africa,17,Evidence MAKGOPA,3253.8,1212.9,1246.2,529.8,174.7,90.2,43.0,14.0,28.6,26
South Africa,25,Kamogelo SEBELEBELE,1742.9,415.8,777.8,358.9,126.0,64.5,27.0,11.0,28.3,26
Canada,16,Maxime CREPEAU,5772.4,3969.3,1611.5,152.3,39.2,15.0,5.0,22.3,2.0,27
Canada,4,Luc DE FOUGEROLLES,7582.8,2694.1,3331.0,1109.8,315.4,132.5,90.0,24.0,29.9,27
Canada,7,Stephen EUSTAQUIO,11506.7,3800.1,4537.9,2395.1,699.0,74.6,187.0,43.0,26.7,27
Canada,8,Ismael KONE,6099.4,2082.5,2801.3,843.9,314.0,57.5,74.0,16.0,28.3,27
Canada,9,Cyle LARIN,9262.8,4060.7,3477.0,1032.2,471.2,221.7,94.0,41.0,31.6,27
Canada,10,Jonathan DAVID,10188.9,4153.8,4227.8,1280.0,417.5,109.8,115.0,32.0,31.1,27
Canada,13,Derek CORNELIUS,4829.8,1825.4,1984.0,723.0,223.9,73.4,59.0,14.0,30.7,27
Canada,17,Tajon BUCHANAN,8935.2,3232.4,3835.7,1181.3,421.8,264.1,102.0,35.0,33.5,27
Canada,20,Ali AHMED,7787.2,2651.0,3522.4,1032.6,387.8,193.5,94.0,39.0,34.1,27
Canada,22,Richie LARYEA,9857.9,3942.6,3990.3,1202.5,540.5,182.0,104.0,41.0,30.8,27
Canada,12,Tani OLUWASEYI,3048.9,1087.5,1363.4,345.8,200.8,51.4,27.0,15.0,33.4,27
Canada,14,Jacob SHAFFELBURG,3826.6,1134.8,1514.2,703.9,402.2,71.4,53.0,29.0,29.9,27
Canada,15,Moise BOMBITO,4895.5,1958.4,2097.7,590.4,155.9,93.0,45.0,12.0,31.5,27
Canada,23,Niko SIGUR,2251.8,692.8,998.2,409.5,145.8,5.6,32.0,11.0,25.5,27
Canada,25,Nathan SALIBA,4375.6,1557.2,2029.5,612.6,152.2,24.1,55.0,11.0,27.8,27
Qatar,2,PEDRO MIGUEL,8520.8,3960.0,3404.2,787.2,255.3,114.1,67.0,22.0,28.6,27
Qatar,4,ISSA LAYE,9509.7,3528.8,4241.0,1168.8,431.8,139.3,104.0,30.0,30.2,27
Qatar,5,JASSEM GABER,4776.1,1753.9,2167.2,577.8,195.1,82.2,52.0,14.0,28.5,27
Qatar,8,EDMILSON JUNIOR,5036.9,1998.2,1996.9,730.9,222.9,88.0,55.0,18.0,31.1,27
Qatar,11,AKRAM AFIF,5215.5,2435.1,1962.3,539.0,196.2,82.8,48.0,23.0,33.2,27
Qatar,13,AYOUB ALOUI,9565.4,3992.9,3936.1,1139.9,394.7,101.7,105.0,33.0,32.1,27
Qatar,14,HOMAM AHMED,3082.1,1129.4,1339.1,329.8,160.0,123.8,30.0,13.0,32.0,27
Qatar,15,YUSUF ABDURISAG,4484.0,1337.2,1924.9,784.8,290.2,147.0,65.0,19.0,29.2,27
Qatar,16,BOUALEM KHOUKHI,7919.7,3996.8,2935.1,764.9,189.0,33.9,69.0,15.0,26.7,27
Qatar,23,ASSIM MADIBO,5700.0,1908.7,2633.8,925.7,190.5,41.4,72.0,15.0,29.0,27
Qatar,3,LUCAS MENDES,1535.0,502.4,675.3,219.0,127.4,10.9,17.0,9.0,27.0,27
Qatar,18,SULTAN ALBRAKE,6624.9,2601.3,2832.6,892.4,208.7,90.0,80.0,17.0,31.9,27
Qatar,20,AHMED FATHY,3981.9,1350.0,1578.5,761.5,240.9,50.9,63.0,18.0,27.7,27
Qatar,25,ALHASHMI ALHUSSEIN,4072.3,1486.9,1687.9,597.1,236.3,64.1,50.0,20.0,30.2,27
Qatar,26,MOHAMED MANAI,5611.5,1935.8,2201.8,983.8,345.4,144.7,81.0,24.0,30.2,27
Switzerland,1,Gregor KOBEL,5722.5,4387.7,1216.2,104.8,13.8,10.0,1.0,21.5,3.0,28
Switzerland,4,Nico ELVEDI,9971.2,3624.9,4596.8,1259.6,352.1,137.8,112.0,33.0,31.2,28
Switzerland,5,Manuel AKANJI,9709.9,4085.3,3952.3,1265.5,256.9,149.9,109.0,24.0,31.1,28
Switzerland,7,Breel EMBOLO,9097.8,4121.0,3112.1,1206.8,489.2,168.7,101.0,45.0,34.0,28
Switzerland,8,Remo FREULER,11831.4,4241.5,5055.0,1987.3,491.1,56.5,172.0,43.0,28.4,28
Switzerland,10,Granit XHAKA,11400.4,3826.2,4639.7,2372.4,484.6,77.5,182.0,35.0,28.7,28
Switzerland,11,Dan NDOYE,8006.2,3070.5,3163.5,952.8,550.7,268.9,89.0,46.0,31.4,28
Switzerland,13,Ricardo RODRIGUEZ,10255.2,4366.2,3916.4,1296.4,556.5,119.8,112.0,37.0,31.1,28
Switzerland,20,Michel AEBISCHER,9050.8,3147.9,3500.8,1528.7,673.2,200.2,145.0,43.0,29.4,28
Switzerland,22,Fabian RIEDER,9220.1,2575.8,4286.7,1669.8,518.0,169.8,143.0,45.0,30.4,28
Switzerland,9,Johan MANZAMBI,2824.8,995.4,1165.4,429.5,176.2,58.2,35.0,13.0,29.6,28
Switzerland,15,Djibril SOW,3174.4,852.7,1311.0,636.3,339.7,34.8,65.0,27.0,27.1,28
Switzerland,17,Ruben VARGAS,2554.8,1088.4,852.2,349.8,147.5,116.9,30.0,13.0,31.2,28
Switzerland,25,Luca JAQUEZ,1309.1,414.4,587.2,141.1,111.1,55.2,12.0,7.0,29.6,28
Switzerland,26,Cedric ITTEN,1047.1,306.6,417.3,195.4,69.1,58.8,14.0,7.0,30.1,28
Bosnia and Herzegovina,1,Nikola VASILJ,5580.8,4083.8,1421.0,65.4,8.8,1.7,8.0,1.0,25.2,28
Bosnia and Herzegovina,4,Tarik MUHAREMOVIC,8731.4,3242.7,4005.6,1133.5,246.0,103.6,101.0,23.0,31.4,28
Bosnia and Herzegovina,5,Sead KOLASINAC,10471.6,4089.5,4558.1,1267.3,430.8,125.9,98.0,35.0,31.6,28
Bosnia and Herzegovina,6,Benjamin TAHIROVIC,8550.9,2572.4,3672.2,1622.5,535.6,148.3,138.0,39.0,29.8,28
Bosnia and Herzegovina,7,Amar DEDIC,10279.1,3718.1,4254.0,1451.8,588.0,267.1,136.0,53.0,31.0,28
Bosnia and Herzegovina,10,Ermedin DEMIROVIC,9520.8,3694.9,3707.7,1262.9,519.0,336.3,103.0,47.0,32.1,28
Bosnia and Herzegovina,11,Edin DZEKO,7204.6,3123.6,2714.0,990.4,322.8,53.9,77.0,23.0,27.9,28
Bosnia and Herzegovina,14,Ivan SUNJIC,10562.8,3114.6,4970.4,1956.7,505.6,15.5,172.0,42.0,25.9,28
Bosnia and Herzegovina,15,Amar MEMIC,10930.2,3940.7,4398.1,1546.8,658.1,386.4,138.0,60.0,33.2,28
Bosnia and Herzegovina,18,Nikola KATIC,10439.9,3931.1,4526.8,1381.4,448.5,152.1,124.0,36.0,30.1,28
Bosnia and Herzegovina,19,Kerim ALAJBEGOVIC,10315.0,3781.8,4425.1,1464.8,485.9,157.4,128.0,41.0,31.9,28
Bosnia and Herzegovina,13,Ivan BASIC,3580.7,1023.4,1674.5,589.7,251.8,41.2,44.0,15.0,27.0,28
Bosnia and Herzegovina,16,Amir HADZIAHMETOVIC,1349.7,351.4,572.2,269.5,146.7,9.9,21.0,5.0,26.5,28
Bosnia and Herzegovina,20,Esmir BAJRAKTAREVIC,3534.5,1061.8,1629.1,525.6,238.7,79.2,41.0,21.0,28.7,28
Bosnia and Herzegovina,25,Jovo LUKIC,1275.9,350.4,493.0,248.5,150.4,33.6,21.0,15.0,27.6,28
Bosnia and Herzegovina,26,Ermin MAHMIC,753.9,247.7,278.7,154.3,67.4,5.8,12.0,5.0,25.8,28
Brazil,3,GABRIEL MAGALHAES,10209.5,4179.2,4425.4,1063.5,312.4,229.0,99.0,23.0,31.7,29
Brazil,4,MARQUINHOS,10016.9,3894.5,4554.5,958.7,333.1,276.2,90.0,28.0,31.6,29
Brazil,5,CASEMIRO,11229.1,3602.3,5607.7,1381.7,517.4,120.0,122.0,37.0,29.2,29
Brazil,7,VINICIUS JUNIOR,8454.8,3881.2,2629.8,1037.5,521.6,384.6,96.0,47.0,32.3,29
Brazil,8,BRUNO GUIMARAES,10352.2,3427.1,4691.2,1746.1,425.9,61.9,142.0,30.0,27.7,29
Brazil,9,MATHEUS CUNHA,7366.2,3011.5,2674.5,1168.1,370.0,142.1,103.0,34.0,31.9,29
Brazil,11,RAPHINHA,4158.5,1577.7,1490.6,491.6,310.1,288.4,37.0,28.0,33.3,29
Brazil,13,DANILO,10210.0,4039.7,3809.8,1347.5,635.7,377.4,119.0,49.0,32.1,29
Brazil,16,DOUGLAS SANTOS,10930.3,3585.3,4947.8,1510.4,644.2,242.6,139.0,49.0,31.1,29
Brazil,20,LUCAS PAQUETA,7816.2,2708.4,3266.1,1253.1,498.8,89.8,96.0,36.0,29.5,29
Brazil,2,EDERSON SILVA,2090.3,559.5,777.4,352.6,212.0,188.9,34.0,17.0,32.3,29
Brazil,18,DANILO SANTOS,1885.9,552.8,811.6,292.5,199.7,29.2,25.0,11.0,27.8,29
Brazil,19,ENDRICK,3237.1,1436.4,1161.6,308.4,189.2,141.6,24.0,16.0,33.0,29
Brazil,22,GABRIEL MARTINELLI,3374.1,1298.4,1217.5,433.8,221.7,202.7,41.0,18.0,33.2,29
Brazil,26,RAYAN,6771.8,2363.4,2784.2,954.8,523.8,145.7,84.0,38.0,32.5,29
Haiti,1,Johny PLACIDE,4081.3,3347.9,693.5,28.1,11.8,2.0,1.0,23.6,2.0,29
Haiti,4,Ricardo ADE,9777.9,3846.5,4341.4,1099.0,325.7,165.4,96.0,31.0,30.5,29
Haiti,5,Hannes DELCROIX,9937.3,3743.1,4607.0,1026.5,350.7,210.0,92.0,33.0,32.2,29
Haiti,8,Martin EXPERIENCE,11519.2,3419.2,5091.6,1816.5,857.9,334.0,169.0,69.0,32.9,29
Haiti,10,Jean-Ricner BELLEGARDE,9556.9,3250.4,4339.6,1487.6,414.6,64.7,130.0,31.0,28.6,29
Haiti,15,Ruben PROVIDENCE,7577.7,2655.3,3163.2,1085.5,464.2,209.5,97.0,37.0,31.9,29
Haiti,17,Danley JEAN JACQUES,11715.9,3709.2,5168.1,2056.8,612.2,169.6,171.0,48.0,30.4,29
Haiti,20,Frantzdy PIERROT,5721.4,1542.7,3031.1,806.9,320.3,20.4,70.0,17.0,27.3,29
Haiti,21,Josue CASIMIR,7466.0,2817.1,2744.2,999.8,581.7,323.3,96.0,44.0,34.4,29
Haiti,22,Jean-Kevin DUVERNE,10384.8,4132.2,4368.5,1092.4,537.8,254.0,107.0,43.0,32.7,29
Haiti,7,Derrick ETIENNE,1841.9,601.6,706.4,306.1,118.6,109.2,26.0,8.0,33.7,29
Haiti,11,Louicius DEEDSON,3324.8,1411.6,1191.8,406.4,181.3,133.6,34.0,14.0,32.0,29
Haiti,16,Lenny JOSEPH,2577.6,1080.6,1032.5,220.0,149.8,94.6,20.0,13.0,31.4,29
Haiti,18,Wilson ISIDOR,5764.7,2150.5,2232.6,837.5,369.6,174.4,73.0,30.0,32.2,29
Haiti,25,Dominique SIMON,6098.3,1776.1,2544.9,1325.4,383.2,68.8,115.0,29.0,30.5,29
Scotland,1,Angus GUNN,5873.3,4499.0,1147.7,197.7,28.9,16.0,2.0,24.4,3.0,30
Scotland,4,Scott McTOMINAY,12369.1,3555.9,5834.4,2163.9,717.0,97.8,181.0,55.0,27.9,30
Scotland,5,Grant HANLEY,9897.7,4290.0,4352.3,895.8,239.8,119.8,84.0,26.0,32.4,30
Scotland,6,Kieran TIERNEY,6844.1,2695.0,2613.1,861.7,449.3,225.1,68.0,39.0,33.4,30
Scotland,7,John McGINN,9788.5,3949.1,3786.1,1430.5,470.8,152.0,127.0,34.0,30.9,30
Scotland,10,Che ADAMS,7972.7,2829.6,3540.8,982.6,495.1,124.5,81.0,34.0,33.8,30
Scotland,11,Ryan CHRISTIE,9255.4,2432.4,4694.6,1640.8,394.7,92.9,130.0,30.0,28.8,30
Scotland,13,Jack HENDRY,10285.9,3999.8,4125.2,1401.2,481.5,278.1,124.0,43.0,32.5,30
Scotland,19,Lewis FERGUSON,12738.9,2880.5,6787.4,2231.1,596.4,243.5,180.0,48.0,30.5,30
Scotland,22,Nathan PATTERSON,9775.3,3975.0,3892.0,986.7,499.9,421.8,87.0,41.0,32.1,30
Scotland,9,Lyndon DYKES,3117.8,966.2,1214.4,591.6,308.2,37.3,45.0,21.0,27.5,30
Scotland,14,Ross STEWART,1157.1,208.6,535.5,296.8,89.3,26.9,22.0,7.0,27.6,30
Scotland,17,Ben GANNON-DOAK,3895.2,1539.3,1557.2,457.0,211.1,130.7,40.0,14.0,34.0,30
Scotland,23,Kenny McLEAN,3492.0,889.7,1648.4,647.2,298.3,8.3,56.0,17.0,26.6,30
Scotland,24,Anthony RALSTON,1030.8,303.6,397.4,186.9,133.5,9.3,18.0,7.0,25.7,30
Morocco,2,Achraf HAKIMI,10810.0,4140.3,4281.9,1380.7,634.2,373.0,121.0,54.0,35.1,30
Morocco,3,Noussair MAZRAOUI,9682.4,4013.0,4233.8,913.9,409.1,112.6,83.0,31.0,28.6,30
Morocco,6,Ayyoub BOUADDI,11743.4,3297.1,5996.2,1716.6,492.6,240.8,148.0,36.0,31.4,30
Morocco,8,Azzedine OUNAHI,11936.6,3316.3,5325.4,1840.1,995.6,459.2,152.0,76.0,33.3,30
Morocco,10,Brahim DIAZ,8479.0,3849.1,2986.5,995.6,478.4,169.4,83.0,32.0,33.1,30
Morocco,11,Ismael SAIBARI,10072.9,2919.9,4171.0,1715.4,855.2,411.4,150.0,69.0,32.5,30
Morocco,14,Issa DIOP,9457.2,4482.6,3768.1,918.7,268.2,19.6,93.0,19.0,28.5,30
Morocco,18,Chadi RIAD,10657.0,3983.7,4972.2,1280.4,348.2,72.5,131.0,26.0,32.9,30
Morocco,23,Bilal EL KHANNOUSS,8747.0,4279.9,2738.7,977.3,479.0,272.2,90.0,45.0,33.6,30
Morocco,24,Neil EL AYNAOUI,12290.8,3495.7,5970.6,1898.2,675.2,251.2,148.0,52.0,33.4,30
Morocco,7,Chemsdine TALBI,1826.2,434.9,719.7,377.0,205.6,88.9,35.0,15.0,33.8,30
Morocco,9,Soufiane RAHIMI,1922.4,419.9,832.8,391.2,226.0,52.5,34.0,15.0,28.8,30
Morocco,15,Samir EL MOURABET,1169.9,154.7,558.5,298.7,151.3,6.8,25.0,10.0,26.3,30
Morocco,21,Ayoube AMAIMOUNI,1897.7,425.9,759.3,417.5,228.2,66.8,33.0,14.0,29.9,30
USA,24,Matt FREESE,5724.2,4510.9,1127.5,48.5,37.4,6.0,3.0,24.6,2.0,31
USA,3,Chris RICHARDS,10339.4,3795.2,4652.8,1410.0,364.4,117.0,111.0,26.0,30.6,31
USA,4,Tyler ADAMS,10560.8,3690.5,4492.5,1648.5,575.8,153.5,136.0,41.0,31.4,31
USA,5,Antonee ROBINSON,9192.3,3059.7,4225.5,1214.2,411.1,281.8,102.0,37.0,32.9,31
USA,8,Weston McKENNIE,10736.8,4457.3,3887.4,1612.6,543.7,235.8,127.0,44.0,32.4,31
USA,9,Ricardo PEPI,8450.8,2831.4,3603.6,1183.8,561.2,270.8,99.0,43.0,33.2,31
USA,13,Tim REAM,8792.2,4204.7,3201.8,1106.5,250.8,28.4,105.0,20.0,29.7,31
USA,16,Alex FREEMAN,11063.4,3934.6,4924.2,1543.0,494.9,166.7,126.0,43.0,33.5,31
USA,17,Malik TILLMAN,10637.9,3837.9,4338.5,1647.0,626.2,188.3,140.0,51.0,32.1,31
USA,20,Folarin BALOGUN,9309.8,3867.6,3624.6,1053.9,475.4,288.3,84.0,45.0,33.9,31
USA,6,Auston TRUSTY,1756.5,661.6,752.7,235.4,78.9,28.0,23.0,7.0,29.1,31
USA,7,Giovanni REYNA,361.5,77.8,130.3,90.5,63.0,7.0,3.0,21.9,14.0,31
USA,19,Haji WRIGHT,353.0,79.2,119.6,61.8,26.4,66.1,6.0,3.0,31.2,31
USA,23,Joe SCALLY,1887.6,753.8,702.0,334.0,75.2,22.7,27.0,7.0,30.3,31
Australia,3,Alessandro CIRCATI,10209.1,3738.6,4658.7,1098.9,449.0,263.9,96.0,43.0,33.4,31
Australia,4,Jacob ITALIANO,11841.8,3724.9,5070.8,1856.7,867.5,322.0,171.0,76.0,32.5,31
Australia,5,Jordan BOS,10655.4,3612.2,4474.0,1389.8,823.6,355.9,109.0,69.0,33.4,31
Australia,7,Mathew LECKIE,7358.5,2039.2,3748.3,1080.4,354.3,136.3,100.0,31.0,32.4,31
Australia,9,Mohamed TOURE,5226.9,1808.8,2370.1,685.0,202.5,160.5,62.0,18.0,32.2,31
Australia,13,Aiden ONEILL,11534.2,3580.5,5061.2,2091.6,699.9,101.0,171.0,50.0,29.3,31
Australia,19,Harry SOUTTAR,9697.6,3980.1,4291.6,1027.9,290.6,107.4,96.0,24.0,30.7,31
Australia,21,Cameron BURGESS,4766.6,1894.7,2000.4,677.3,154.9,39.5,55.0,12.0,28.5,31
Australia,23,Nishan VELUPILLAY,5624.3,1766.3,2553.8,877.9,336.6,89.7,82.0,28.0,31.0,31
Australia,24,Paul OKON-ENGSTLER,9802.2,2404.1,4873.0,1725.4,658.9,140.9,155.0,43.0,32.5,31
Australia,6,Jason GERIA,5328.9,2164.7,2095.2,696.7,214.1,158.2,62.0,19.0,31.6,31
Australia,8,Connor METCALFE,5621.9,2059.7,2129.5,898.8,367.0,166.9,78.0,29.0,32.3,31
Australia,17,Nestory IRANKUNDA,4494.6,1926.1,1652.3,436.8,238.6,240.8,36.0,22.0,34.8,31
Australia,20,Cristian VOLPATO,4151.0,1506.6,1579.6,714.4,297.5,53.0,60.0,24.0,28.4,31
Australia,22,Jackson IRVINE,2442.4,824.1,827.8,527.0,205.9,57.5,41.0,17.0,27.9,31
Türkiye,23,Ugurcan CAKIR,5930.9,4364.7,1187.2,306.8,58.2,14.1,31.0,6.0,28.8,32
Türkiye,3,Merih DEMIRAL,11238.8,5032.2,4624.5,938.2,384.0,259.8,86.0,30.0,32.7,32
Türkiye,7,Kerem AKTURKOGLU,5670.1,2525.3,2251.1,557.8,250.8,85.2,50.0,20.0,32.4,32
Türkiye,8,Arda GULER,11985.7,4278.5,5107.3,1962.7,555.9,81.3,158.0,42.0,30.4,32
Türkiye,10,Hakan CALHANOGLU,12294.0,3931.4,5593.6,2117.4,543.5,108.1,172.0,37.0,30.1,32
Türkiye,11,Kenan YILDIZ,10817.8,4766.6,4422.4,1119.7,380.6,128.6,105.0,29.0,31.8,32
Türkiye,14,Abdulkerim BARDAKCI,9999.8,4277.0,4146.4,991.1,377.6,207.7,87.0,25.0,31.5,32
Türkiye,16,Ismail YUKSEK,8138.0,2942.5,3692.9,1009.5,355.0,138.1,77.0,24.0,30.0,32
Türkiye,18,Mert MULDUR,11988.9,4665.2,5040.5,1334.3,541.1,407.8,111.0,41.0,31.5,32
Türkiye,19,Yunus AKGUN,7450.4,2652.9,3237.2,1048.2,362.7,149.3,75.0,30.0,31.3,32
Türkiye,20,Ferdi KADIOGLU,8982.2,3092.9,3789.0,1212.8,563.0,324.6,100.0,44.0,30.7,32
Türkiye,6,Orkun KOKCU,1443.9,510.2,507.9,299.9,91.6,34.4,20.0,6.0,31.1,32
Türkiye,9,Deniz GUL,3830.7,1851.5,1315.5,382.6,184.4,96.7,34.0,16.0,30.1,32
Türkiye,13,Eren ELMALI,3409.6,1210.8,1333.8,603.7,163.2,98.2,35.0,13.0,32.4,32
Türkiye,21,Baris Alper YILMAZ,5710.2,2141.2,2250.9,833.7,366.4,117.9,70.0,29.0,31.7,32
Türkiye,26,Can UZUN,4445.5,1748.8,1779.0,636.7,216.4,64.7,59.0,19.0,28.5,32
Paraguay,12,Orlando GILL,6398.8,4932.8,1335.8,102.4,27.7,10.0,3.0,24.6,3.0,32
Paraguay,4,Juan Jose CACERES,9346.8,3467.0,4015.7,1149.5,534.6,180.1,104.0,40.0,28.9,32
Paraguay,6,Junior ALONSO,10779.8,4771.8,4128.0,1293.6,446.5,140.0,116.0,37.0,31.3,32
Paraguay,8,Diego GOMEZ,8838.6,2879.9,3649.9,1459.1,610.4,239.3,115.0,42.0,28.6,32
Paraguay,10,Miguel ALMIRON,5552.3,1912.7,2338.5,747.5,352.1,201.5,67.0,29.0,32.3,32
Paraguay,14,Andres CUBAS,12573.0,3842.6,5666.7,2233.1,687.1,143.4,172.0,55.0,29.9,32
Paraguay,15,Gustavo GOMEZ,10129.8,5020.4,3773.5,898.3,305.6,131.9,82.0,21.0,30.8,32
Paraguay,19,Julio ENCISO,11177.5,3562.3,4454.4,1917.4,822.7,420.6,141.0,63.0,33.9,32
Paraguay,23,Matias GALARZA,12061.6,3727.9,5219.1,1802.4,874.9,437.2,140.0,64.0,30.7,32
Paraguay,25,Isidro PITTA,6037.1,2129.3,2567.2,858.3,318.2,164.1,77.0,23.0,33.6,32
Paraguay,2,Gustavo VELAZQUEZ,3153.2,1401.6,1120.1,387.0,188.0,56.4,31.0,12.0,29.4,32
Paraguay,13,Jose CANALE,967.2,301.9,403.0,182.2,55.5,24.7,16.0,4.0,28.7,32
Paraguay,16,Damian BOBADILLA,6594.4,2367.9,2589.1,1120.6,436.2,80.6,89.0,25.0,27.5,32
Paraguay,21,Gabriel AVALOS,900.3,328.2,368.2,161.7,42.2,13.0,4.0,23.3,26.0,32
Germany,1,Manuel NEUER,6069.2,4631.0,1190.4,173.6,61.9,12.4,15.0,5.0,27.6,33
Germany,4,Jonathan TAH,11098.6,4015.1,5055.5,1273.7,470.2,284.1,109.0,36.0,32.9,33
Germany,5,Aleksandar PAVLOVIC,8963.7,2196.1,4137.8,1686.3,691.2,252.3,148.0,45.0,31.4,33
Germany,6,Joshua KIMMICH,12194.2,3872.0,5687.2,1701.1,645.2,288.7,153.0,50.0,31.4,33
Germany,7,Kai HAVERTZ,11156.3,3543.4,4626.5,2049.9,728.2,208.3,167.0,56.0,30.9,33
Germany,10,Jamal MUSIALA,8133.0,2384.5,3754.4,1392.9,426.6,174.6,119.0,37.0,30.4,33
Germany,15,Nico SCHLOTTERBECK,5511.6,1851.5,2670.6,727.2,171.8,90.4,63.0,14.0,31.9,33
Germany,17,Florian WIRTZ,12565.9,3502.7,5628.9,2233.4,962.3,238.6,191.0,68.0,31.5,33
Germany,18,Nathaniel BROWN,11500.6,4108.5,5117.7,1279.2,688.1,307.1,106.0,49.0,33.0,33
Germany,19,Leroy SANE,7743.0,2560.4,2556.0,1422.4,779.5,424.8,114.0,54.0,34.4,33
Germany,23,Felix NMECHA,11884.9,4121.9,4794.7,1832.0,809.9,326.4,156.0,58.0,35.0,33
Germany,2,Antonio RUEDIGER,5172.9,2189.6,2125.9,460.2,250.8,146.5,41.0,15.0,31.7,33
Germany,8,Leon GORETZKA,1489.9,522.8,542.2,251.6,75.2,98.1,17.0,7.0,31.0,33
Germany,9,Jamie LEWELING,4276.0,1572.4,1611.6,658.7,259.0,174.3,55.0,20.0,31.2,33
Germany,20,Nadiem AMIRI,4280.4,1306.2,1791.2,744.4,303.0,135.5,65.0,22.0,29.6,33
Germany,26,Deniz UNDAV,3791.7,1287.9,1668.2,547.6,254.4,33.5,42.0,20.0,28.9,33
Côte d'Ivoire,1,Yahia FOFANA,5524.8,4325.7,1099.4,84.7,14.9,7.0,1.0,22.2,3.0,33
Côte d'Ivoire,5,Wilfried SINGO,8619.0,3512.5,3480.3,1010.8,403.5,211.9,85.0,33.0,34.4,33
Côte d'Ivoire,7,Odilon KOSSOUNOU,10053.2,4197.4,4525.6,1038.9,245.3,46.1,97.0,16.0,32.3,33
Côte d'Ivoire,8,Franck KESSIE,12186.4,3876.5,5410.2,1840.6,714.8,344.1,153.0,51.0,32.1,33
Côte d'Ivoire,9,Ange-Yoan BONNY,8749.8,3191.9,3736.3,1075.6,561.2,184.8,111.0,36.0,32.9,33
Côte d'Ivoire,11,Yan DIOMANDE,8701.9,3336.8,3417.4,995.7,541.2,410.7,95.0,47.0,33.7,33
Côte d'Ivoire,15,Amad DIALLO,8800.9,3510.1,3194.5,1256.2,519.0,321.1,111.0,41.0,31.4,33
Côte d'Ivoire,18,Ibrahim SANGARE,9223.4,3406.6,4089.8,1290.9,348.4,87.7,113.0,27.0,29.7,33
Côte d'Ivoire,20,Emmanuel AGBADOU,9754.7,3999.9,4471.3,893.1,346.7,43.7,85.0,21.0,32.0,33
Côte d'Ivoire,26,Christ Inao OULAI,10508.6,3802.1,5011.5,1313.4,328.4,53.2,106.0,23.0,28.5,33
Côte d'Ivoire,6,Seko FOFANA,2576.5,872.5,917.4,479.2,193.5,114.0,38.0,17.0,31.8,33
Côte d'Ivoire,10,Simon ADINGRA,2769.1,951.1,1109.4,400.9,187.0,120.7,35.0,14.0,30.0,33
Côte d'Ivoire,17,Guela DOUE,1689.4,527.6,715.0,335.0,71.9,40.0,23.0,6.0,30.6,33
Côte d'Ivoire,19,Nicolas PEPE,1392.4,483.6,477.5,207.1,102.8,121.4,18.0,7.0,33.8,33
Côte d'Ivoire,22,Evann GUESSAND,2292.8,936.9,782.8,272.0,153.4,147.6,26.0,13.0,30.0,33
Ecuador,1,Hernan GALINDEZ,3901.3,3044.4,735.3,104.2,17.4,9.0,2.0,21.6,3.0,34
Ecuador,5,Jordy ALCIVAR,5065.4,1827.1,2129.7,660.5,296.7,151.4,63.0,23.0,30.3,34
Ecuador,6,Willian PACHO,8829.0,4419.5,3085.7,758.2,380.7,185.0,65.0,30.0,31.6,34
Ecuador,7,Pervis ESTUPINAN,8104.6,2910.4,2929.3,1168.6,730.0,366.2,97.0,56.0,30.8,34
Ecuador,9,John YEBOAH,8807.8,3566.7,3387.6,1116.3,465.3,271.9,104.0,44.0,33.7,34
Ecuador,13,Enner VALENCIA,8867.8,4154.0,3363.9,783.0,407.9,159.0,71.0,34.0,31.0,34
Ecuador,15,Pedro VITE,10197.1,3989.8,3993.8,1664.1,487.5,61.8,156.0,35.0,27.9,34
Ecuador,19,Gonzalo PLATA,10840.8,4104.5,4572.5,1424.3,544.5,195.0,117.0,36.0,32.2,34
Ecuador,21,Alan FRANCO,8392.6,3567.6,3153.6,972.8,483.2,215.4,88.0,40.0,32.2,34
Ecuador,23,Moises CAICEDO,10036.2,3939.3,4263.8,1326.0,439.4,67.8,113.0,28.0,28.5,34
Ecuador,11,Kevin RODRIGUEZ,5027.0,2203.3,1792.6,681.0,254.6,95.5,55.0,20.0,33.4,34
Ecuador,16,Jordy CAICEDO,659.8,245.7,234.1,91.7,52.5,35.8,7.0,4.0,30.4,34
Ecuador,17,Angelo PRECIADO,1515.6,526.1,690.4,202.9,77.4,18.7,16.0,6.0,26.6,34
Ecuador,20,Nilson ANGULO,2834.6,1043.4,1058.8,446.5,191.2,94.7,33.0,12.0,32.8,34
Curaçao,1,Eloy ROOM,5290.6,4456.7,776.1,42.2,15.6,3.0,1.0,24.6,3.0,34
Curaçao,5,Sherel FLORANUS,9415.8,3935.0,3837.8,1047.8,395.5,199.8,98.0,29.0,32.6,34
Curaçao,7,Juninho BACUNA,8311.7,3109.7,3272.0,1160.4,518.2,251.4,85.0,40.0,32.1,34
Curaçao,8,Livano COMENENCIA,10114.3,3365.4,4512.9,1397.8,592.0,246.2,122.0,41.0,32.0,34
Curaçao,9,Juergen LOCADIA,8479.9,3131.3,3853.5,885.3,411.2,198.8,79.0,34.0,31.8,34
Curaçao,10,Leandro BACUNA,10325.3,3820.3,4494.5,1325.0,498.7,186.9,125.0,32.0,30.5,34
Curaçao,18,Armando OBISPO,8641.0,4415.9,3180.9,680.8,225.0,138.4,64.0,19.0,31.9,34
Curaçao,20,Joshua BRENET,10165.0,4127.1,3930.1,1203.1,676.1,228.5,99.0,54.0,31.3,34
Curaçao,21,Tahith CHONG,8371.2,3864.1,2652.9,1094.1,455.3,304.7,93.0,33.0,29.7,34
Curaçao,24,Deveron FONVILLE,8184.2,3144.8,3284.7,1018.7,422.5,313.4,81.0,38.0,34.7,34
Curaçao,4,Roshon VAN EIJMA,1852.0,878.0,669.9,233.8,64.9,5.4,18.0,5.0,26.7,34
Curaçao,6,Godfried ROEMERATOE,1454.1,465.0,702.0,193.1,94.1,19.0,6.0,24.3,14.0,34
Curaçao,16,Jearl MARGARITHA,2473.5,768.0,1021.0,348.3,263.9,72.3,27.0,17.0,30.4,34
Curaçao,19,Gervane KASTANEER,1306.6,547.9,546.6,118.2,83.4,10.7,12.0,9.0,28.4,34
Netherlands,4,Virgil VAN DIJK,8985.8,4534.2,3085.2,869.5,337.9,159.1,74.0,30.0,32.3,35
Netherlands,6,Jan Paul VAN HECKE,9738.5,4171.9,4242.8,808.8,320.9,194.0,75.0,25.0,31.5,35
Netherlands,8,Ryan GRAVENBERCH,10505.2,4149.3,4158.4,1473.2,578.5,145.8,133.0,42.0,31.4,35
Netherlands,11,Cody GAKPO,9609.3,3866.8,3822.5,1189.0,505.9,225.1,107.0,47.0,32.2,35
Netherlands,14,Tijjani REIJNDERS,7330.6,2657.7,3141.2,1031.7,364.9,135.2,102.0,31.0,30.1,35
Netherlands,15,Micky VAN DE VEN,9750.5,4665.4,3099.2,1268.3,393.7,323.9,100.0,35.0,36.8,35
Netherlands,18,Donyell MALEN,5048.7,2026.0,1955.4,617.4,328.6,121.3,56.0,31.0,31.6,35
Netherlands,19,Brian BROBBEY,7193.4,3352.7,2490.7,944.2,256.3,149.5,75.0,25.0,31.8,35
Netherlands,21,Frenkie DE JONG,7454.4,2532.0,3392.2,1061.9,367.7,100.6,96.0,26.0,30.4,35
Netherlands,22,Denzel DUMFRIES,10231.6,4424.3,3710.9,1252.3,664.6,179.5,110.0,49.0,30.8,35
Netherlands,10,Memphis DEPAY,2886.2,915.1,1153.1,447.8,314.7,55.5,44.0,24.0,30.6,35
Netherlands,16,Guus TIL,4267.3,1315.1,1769.3,734.8,297.4,150.7,56.0,28.0,30.0,35
Netherlands,17,Noa LANG,675.0,186.6,266.1,108.4,83.0,30.9,10.0,7.0,28.7,35
Netherlands,20,Teun KOOPMEINERS,4388.1,1215.9,1968.6,857.5,298.2,47.8,65.0,22.0,29.3,35
Netherlands,24,Crysencio SUMMERVILLE,5169.9,1836.7,2098.7,693.2,378.6,162.7,53.0,33.0,31.6,35
Sweden,2,Gustaf LAGERBIELKE,10497.6,3695.5,4764.7,1457.6,468.9,110.8,120.0,37.0,30.3,35
Sweden,3,Victor LINDELOF,9297.1,3977.9,3745.8,1155.6,387.0,30.8,91.0,27.0,28.6,35
Sweden,4,Isak HIEN,9182.3,3692.9,4163.6,775.5,333.6,216.7,59.0,30.0,33.5,35
Sweden,5,Gabriel GUDMUNDSSON,10694.8,3677.9,4631.4,1390.6,645.0,349.9,111.0,47.0,31.4,35
Sweden,9,Alexander ISAK,9069.3,4003.0,3313.8,954.7,564.2,233.6,90.0,42.0,32.2,35
Sweden,10,Benjamin NYGREN,7553.1,1942.8,3378.5,1416.9,606.2,208.8,121.0,51.0,30.9,35
Sweden,16,Jesper KARLSTROM,6944.3,2105.5,3489.6,939.3,307.1,102.8,86.0,25.0,31.3,35
Sweden,17,Viktor GYOKERES,10729.8,4226.2,4414.1,1298.1,531.9,259.5,121.0,48.0,33.3,35
Sweden,18,Yasin AYARI,8974.1,3287.1,3893.7,1346.0,375.5,71.8,111.0,24.0,30.7,35
Sweden,21,Alexander BERNHARDSSON,6510.5,2326.7,2852.6,870.1,305.0,156.2,82.0,25.0,31.1,35
Sweden,7,Lucas BERGVALL,4709.8,1484.1,2007.7,788.1,298.3,131.5,66.0,24.0,32.3,35
Sweden,11,Anthony ELANGA,4005.8,1844.6,1311.8,322.2,302.9,224.2,28.0,25.0,36.5,35
Sweden,22,Besfort ZENELI,4952.0,1348.6,2049.7,1062.9,388.5,102.3,83.0,32.0,30.0,35
Sweden,24,Elliot STROUD,393.0,70.5,155.8,58.7,39.1,69.0,5.0,2.0,29.2,35
Sweden,26,Taha ALI,1803.9,664.5,637.8,298.9,162.8,40.0,26.0,11.0,29.2,35
Tunisia,2,Ali ABDI,9656.6,4066.8,3311.9,1256.6,684.3,336.9,111.0,49.0,34.8,36
Tunisia,3,Montassar TALBI,10090.8,3847.4,4693.6,1138.7,316.7,94.5,92.0,24.0,29.2,36
Tunisia,4,Omar REKIK,10604.0,3964.3,4777.3,1258.8,478.3,125.3,102.0,33.0,30.0,36
Tunisia,6,Dylan BRONN,5012.7,2061.9,2284.7,448.3,166.2,51.6,38.0,13.0,27.8,36
Tunisia,8,Elias SAAD,6220.8,1681.3,2997.1,910.1,469.6,162.7,79.0,30.0,32.3,36
Tunisia,10,Hannibal MEJBRI,10278.4,3956.9,4588.0,1143.8,491.3,98.4,116.0,37.0,31.1,36
Tunisia,17,Ellyes SKHIRI,10691.5,3481.6,5617.7,1181.9,311.1,99.2,110.0,20.0,29.5,36
Tunisia,20,Yan VALERY,10745.2,4045.3,4492.6,1341.8,703.2,162.4,120.0,43.0,32.5,36
Tunisia,25,Anis SLIMANE,11911.1,3488.1,5954.0,1631.6,681.2,156.2,159.0,46.0,30.3,36
Tunisia,26,Sebastian TOUNEKTI,7989.4,2716.1,3428.8,1177.7,511.5,155.4,108.0,36.0,32.9,36
Tunisia,7,Elias ACHOURI,711.9,263.0,206.3,114.0,55.0,73.6,7.0,6.0,29.9,36
Tunisia,11,Ismael GHARBI,5432.9,1885.4,2450.9,761.4,238.3,96.9,65.0,23.0,31.0,36
Tunisia,13,Rani KHEDIRA,868.5,164.2,407.6,179.9,87.6,29.3,14.0,5.0,28.7,36
Tunisia,19,Firas CHAOUAT,3340.8,1082.5,1492.8,499.5,187.6,78.4,47.0,16.0,31.6,36
Tunisia,21,Mohamed Amine BEN HMIDA,4901.4,2233.1,2057.4,379.4,130.1,101.5,30.0,12.0,32.9,36
Japan,1,Zion SUZUKI,5410.5,3880.5,1384.6,112.4,25.8,7.2,13.0,2.0,25.7,36
Japan,4,Kou ITAKURA,9861.4,3996.5,4371.8,1068.1,302.0,122.9,87.0,27.0,30.9,36
Japan,7,Ao TANAKA,11177.0,3738.2,5399.9,1520.6,400.2,118.2,143.0,28.0,32.0,36
Japan,10,Ritsu DOAN,8422.1,3135.5,3592.0,913.8,558.2,222.6,77.0,44.0,31.3,36
Japan,13,Keito NAKAMURA,8989.8,3428.4,3442.8,1366.9,563.6,188.2,112.0,44.0,33.1,36
Japan,14,Junya ITO,10155.9,4019.6,4198.0,1079.6,587.1,271.6,88.0,43.0,33.0,36
Japan,15,Daichi KAMADA,8404.8,3154.1,3416.2,1179.8,583.7,70.9,96.0,41.0,27.7,36
Japan,18,Ayase UEDA,9059.2,3608.9,3854.2,1024.8,397.2,174.1,85.0,33.0,32.5,36
Japan,21,Hiroki ITO,10361.4,4332.3,4213.9,1237.6,486.3,91.3,103.0,39.0,30.0,36
Japan,22,Takehiro TOMIYASU,8493.2,3215.3,3978.8,1029.8,235.1,34.3,81.0,18.0,28.4,36
Japan,24,Kaishu SANO,11503.9,3964.1,5272.6,1698.0,419.2,150.1,139.0,34.0,31.1,36
Japan,2,Yukinari SUGAWARA,2445.7,993.7,982.9,249.7,112.3,107.0,16.0,10.0,32.6,36
Japan,9,Keisuke GOTO,1396.3,497.1,454.9,180.4,126.1,137.8,15.0,10.0,31.1,36
Japan,17,Yuito SUZUKI,2226.6,732.8,731.2,405.7,143.2,213.8,32.0,14.0,33.6,36
Japan,20,Ayumu SEKO,1869.7,705.5,891.2,215.9,42.2,15.0,16.0,4.0,26.5,36
Japan,25,Junnosuke SUZUKI,2449.6,915.7,881.6,330.8,273.4,48.0,29.0,18.0,28.6,36
Belgium,1,Thibaut COURTOIS,4478.5,3613.6,743.2,84.8,35.1,1.7,8.0,2.0,25.1,37
Belgium,4,Brandon MECHELE,10703.0,3585.2,5085.0,1538.4,347.5,146.8,127.0,32.0,30.1,37
Belgium,5,Maxim DE CUYPER,11290.0,3512.0,5335.6,1716.7,561.3,164.4,146.0,45.0,30.5,37
Belgium,7,Kevin DE BRUYNE,10013.3,3904.0,4041.8,1443.0,446.2,178.3,125.0,37.0,30.7,37
Belgium,8,Youri TIELEMANS,11521.7,3599.1,5449.9,1706.9,655.0,110.9,149.0,48.0,28.8,37
Belgium,9,Romelu LUKAKU,6133.2,3307.0,2180.6,446.9,144.9,53.8,37.0,13.0,29.0,37
Belgium,10,Leandro TROSSARD,11106.6,3740.7,5065.5,1688.2,515.3,96.9,143.0,42.0,29.8,37
Belgium,15,Thomas MEUNIER,7632.5,2244.6,3427.3,1181.9,590.9,187.8,102.0,49.0,29.4,37
Belgium,22,Alexis SAELEMAEKERS,6960.3,2620.6,2821.3,945.6,462.6,110.1,70.0,32.0,32.7,37
Belgium,23,Nicolas RASKIN,7143.4,2369.4,3654.3,913.0,206.8,86.0,17.0,25.0,25.0,37
Belgium,3,Arthur THEATE,2586.9,955.3,1248.2,256.5,104.7,22.1,22.0,9.0,29.7,37
Belgium,14,Dodi LUKEBAKIO,4193.4,1356.7,1931.9,571.2,282.1,51.5,50.0,27.0,28.5,37
Belgium,20,Hans VANAKEN,4462.7,1551.1,1983.1,693.2,184.4,50.9,60.0,13.0,27.7,37
Belgium,21,Timothy CASTAGNE,5100.9,1310.9,2286.8,1045.3,371.1,86.8,88.0,31.0,29.7,37
Belgium,26,Matias FERNANDEZ-PARDO,1189.8,364.8,493.5,179.2,96.7,55.6,17.0,8.0,34.4,37
IR Iran,2,Saleh HARDANI,5086.1,2184.8,2108.0,528.4,197.7,67.3,50.0,17.0,29.8,37
IR Iran,3,Ehsan HAJISAFI,8042.7,2871.9,3626.2,1081.8,382.8,80.0,93.0,33.0,28.2,37
IR Iran,4,Shoja KHALILZADEH,9163.2,4678.4,3271.8,861.8,244.4,106.8,71.0,24.0,30.1,37
IR Iran,6,Saeid EZATOLAHI,9882.3,3774.9,4494.5,1366.8,216.3,29.8,118.0,17.0,26.5,37
IR Iran,8,Mohammad MOHEBBI,8659.3,2827.8,3317.5,1565.0,723.6,225.3,132.0,55.0,30.5,37
IR Iran,9,Mehdi TAREMI,10415.0,4090.1,4061.6,1321.9,686.1,255.4,121.0,59.0,30.5,37
IR Iran,13,Hossein KANANI,9376.5,4392.4,3937.2,826.9,193.0,27.0,70.0,14.0,28.0,37
IR Iran,14,Saman GHODDOS,9475.7,2816.6,4711.8,1449.5,431.2,66.7,119.0,35.0,29.4,37
IR Iran,19,Ali NEMATI,10522.0,4338.2,4177.1,1268.2,486.9,251.6,126.0,41.0,32.9,37
IR Iran,23,Ramin REZAEIAN,11597.8,3748.0,5360.8,1778.2,610.1,100.7,154.0,47.0,29.1,37
IR Iran,5,Milad MOHAMMADI,3423.9,1178.2,1388.9,551.4,218.5,86.9,48.0,20.0,29.0,37
IR Iran,7,Alireza JAHANBAKHSH,5639.8,2124.6,2181.4,918.6,320.5,94.7,72.0,25.0,30.1,37
IR Iran,16,Mehdi TORABI,3461.7,1254.6,1237.8,699.0,256.6,13.7,65.0,18.0,27.6,37
IR Iran,18,Amirhossein HOSSEINZADEH,1288.1,313.4,590.3,292.1,84.8,7.5,24.0,8.0,26.0,37
IR Iran,20,Shahriyar MOGHANLOO,2345.7,586.7,1159.4,414.9,182.8,1.9,38.0,12.0,25.3,37
New Zealand,2,Tim PAYNE,9289.3,3531.0,3602.5,1464.6,581.6,109.6,122.0,39.0,29.4,38
New Zealand,5,Michael BOXALL,10016.4,3960.0,4285.3,1063.2,523.8,184.2,85.0,35.0,32.5,38
New Zealand,6,Joe BELL,12074.4,3449.6,5764.4,2163.5,547.1,149.8,184.0,37.0,28.2,38
New Zealand,8,Marko STAMENIC,11260.5,3866.6,4984.6,1606.8,589.1,213.4,143.0,42.0,31.5,38
New Zealand,9,Chris WOOD,10385.2,4218.3,4261.8,1110.7,586.2,208.2,92.0,46.0,31.9,38
New Zealand,10,Sarpreet SINGH,9898.7,2565.8,5034.3,1590.6,522.5,185.4,148.0,37.0,31.5,38
New Zealand,11,Elijah JUST,10075.5,3266.7,4333.7,1419.1,717.3,338.8,130.0,52.0,31.6,38
New Zealand,13,Liberato CACACE,8832.9,3117.4,3919.4,1217.0,466.7,112.4,107.0,28.0,29.7,38
New Zealand,16,Finn SURMAN,10442.4,3892.4,4745.8,1216.4,386.0,201.7,106.0,34.0,33.2,38
New Zealand,20,Callum McCOWATT,8692.0,2810.8,3439.8,1568.2,598.1,275.0,138.0,49.0,31.7,38
New Zealand,3,Francis DE VRIES,1935.8,480.9,758.0,381.6,195.7,119.6,32.0,14.0,31.8,38
New Zealand,4,Tyler BINDON,1854.2,469.3,828.6,335.0,152.4,68.9,27.0,9.0,31.7,38
New Zealand,19,Ben OLD,3514.5,1285.8,1129.7,510.0,353.0,236.1,49.0,27.0,30.8,38
New Zealand,21,Jesse RANDALL,2812.6,1007.0,1026.8,310.1,225.5,243.2,23.0,19.0,34.6,38
New Zealand,23,Ryan THOMAS,2952.2,942.7,993.5,604.6,324.0,87.3,55.0,23.0,30.5,38
Egypt,23,MOSTAFA SHOUBIR,5703.5,4442.2,1059.7,150.2,51.3,13.0,3.0,22.8,2.0,38
Egypt,3,MOHAMED HANY,10285.8,4095.5,4047.0,1244.3,633.7,265.3,105.0,49.0,30.3,38
Egypt,8,EMAM ASHOUR,9963.4,3345.3,4171.3,1537.4,735.5,174.0,140.0,51.0,30.8,38
Egypt,10,MOHAMED SALAH,9658.2,3299.1,4330.7,1264.2,563.5,200.6,116.0,45.0,33.1,38
Egypt,11,MOSTAFA ZICO,9630.4,3005.7,4231.7,1575.0,627.2,190.8,137.0,46.0,31.0,38
Egypt,13,AHMED FATOUH,11782.2,3737.2,5029.5,1920.8,842.6,252.1,151.0,64.0,30.7,38
Egypt,14,HAMDY FATHY,4017.7,1630.4,1592.8,494.0,248.9,51.6,43.0,17.0,29.2,38
Egypt,17,MOHANAD LASHIN,11524.8,4423.0,4667.5,1556.4,574.6,303.3,127.0,44.0,31.5,38
Egypt,19,MARAWAN ATTIA,12502.6,3850.4,5097.8,2451.5,826.2,276.8,195.0,62.0,30.6,38
Egypt,22,OMAR MARMOUSH,7727.3,3157.9,3072.7,862.8,398.2,235.7,67.0,35.0,34.4,38
Egypt,4,HOSSAM ABDELMAGUID,1047.9,424.0,383.0,142.4,83.0,15.4,9.0,8.0,27.5,38
Egypt,5,RAMY RABIA,6403.0,2547.3,2512.4,934.9,310.0,98.4,72.0,21.0,31.2,38
Egypt,6,MOHAMED ABDELMONEIM,363.8,45.8,149.1,106.4,50.4,12.1,11.0,4.0,26.1,38
Egypt,7,TREZEGUET,2941.4,1098.1,1022.0,464.5,217.3,139.5,42.0,21.0,32.7,38
Egypt,9,HAMZA ABDELKARIM,2747.8,925.2,1055.0,413.9,207.9,145.7,33.0,18.0,29.1,38
Egypt,25,ZIZO,1841.2,490.0,770.0,203.9,158.1,219.2,15.0,9.0,32.6,38
Spain,23,Unai SIMON,5827.8,4463.7,1030.9,197.3,99.4,36.5,19.0,10.0,29.9,39
Spain,10,Dani OLMO,7255.2,2348.0,3252.2,1071.5,419.8,163.6,94.0,35.0,31.7,39
Spain,12,Pedro PORRO,10405.5,4366.3,3813.7,1166.5,656.6,402.4,95.0,53.0,32.7,39
Spain,14,Aymeric LAPORTE,10112.4,4478.2,4336.9,887.6,317.7,92.1,81.0,24.0,33.0,39
Spain,15,Alex BAENA,7700.2,2927.2,2992.6,1132.5,461.8,186.2,99.0,42.0,33.3,39
Spain,16,RODRI,11995.3,3781.0,5685.5,1892.3,462.2,174.2,151.0,38.0,30.0,39
Spain,19,Lamine YAMAL,4933.6,2419.7,1603.3,432.6,277.7,200.2,39.0,19.0,32.3,39
Spain,20,PEDRI,8830.4,2753.4,3895.9,1453.2,560.9,167.0,135.0,39.0,28.7,39
Spain,21,Mikel OYARZABAL,5111.8,2210.8,1731.1,656.8,310.7,202.4,60.0,22.0,31.3,39
Spain,22,Pau CUBARSI,10725.1,4338.1,4607.9,1191.9,368.5,218.8,114.0,27.0,32.0,39
Spain,24,Marc CUCURELLA,10957.4,4063.8,4772.2,1313.6,579.4,228.5,112.0,46.0,31.9,39
Spain,6,Mikel MERINO,4299.7,1158.0,1915.6,939.4,270.6,16.1,74.0,19.0,26.4,39
Spain,7,Ferran TORRES,4999.4,2281.2,1770.3,527.9,267.1,152.9,44.0,25.0,32.3,39
Spain,8,Fabian RUIZ,3150.6,919.3,1535.4,562.5,120.5,13.1,46.0,9.0,26.7,39
Spain,11,Yeremy PINO,5673.8,1881.9,2323.3,879.9,452.4,136.2,80.0,31.0,29.8,39
Spain,17,Nico WILLIAMS,3547.7,1273.9,1427.8,443.1,260.0,142.9,41.0,25.0,33.7,39
Saudi Arabia,21,MOHAMMED ALOWAIS,4673.1,3760.3,813.4,84.0,15.4,10.0,1.0,24.1,3.0,39
Saudi Arabia,4,ABDULELAH ALAMRI,6452.2,2627.4,2698.4,754.7,267.7,103.9,76.0,24.0,30.1,39
Saudi Arabia,5,HASSAN ALTAMBAKTI,10090.9,3652.5,4554.0,1217.6,518.3,148.6,128.0,40.0,32.2,39
Saudi Arabia,6,NASSER ALDAWSARI,11676.3,3032.2,4851.7,2879.9,809.5,102.9,221.0,59.0,31.2,39
Saudi Arabia,7,MUSAB ALJUWAYR,6476.3,1868.8,2671.6,1391.3,441.8,102.9,109.0,32.0,30.3,39
Saudi Arabia,9,FERAS ALBRIKAN,7245.5,2637.4,3012.3,962.9,368.2,264.7,90.0,32.0,30.9,39
Saudi Arabia,10,SALEM ALDAWSARI,11548.5,4099.8,4456.0,1930.2,823.0,239.5,173.0,67.0,33.3,39
Saudi Arabia,12,SAUD ABDULHAMID,10416.8,3809.1,3954.3,1414.9,852.2,386.4,125.0,61.0,32.5,39
Saudi Arabia,15,ABDULLAH ALKHAIBARI,6071.7,1666.3,3010.9,1075.6,274.9,44.0,91.0,24.0,27.4,39
Saudi Arabia,24,MOTEB ALHARBI,10629.1,4189.8,4355.8,1126.8,598.7,357.9,107.0,48.0,33.7,39
Saudi Arabia,17,KHALID ALGHANNAM,790.3,216.8,420.3,116.6,36.6,10.0,4.0,23.4,18.0,39
Saudi Arabia,19,ABDULLAH ALHAMDDAN,6031.9,1944.9,2467.2,1013.7,464.4,141.7,100.0,32.0,30.5,39
Saudi Arabia,23,MOHAMED KANNO,5336.4,1959.1,2213.4,786.9,248.9,128.1,69.0,19.0,29.9,39
Saudi Arabia,26,MOHAMMED ABU ALSHAMAT,3905.9,1331.2,1638.4,563.7,274.2,98.4,51.0,20.0,31.3,39
Uruguay,23,Fernando MUSLERA,4683.1,3790.6,710.0,126.9,47.3,8.5,10.0,4.0,25.6,40
Uruguay,3,Sebastian CACERES,10113.9,4498.1,3903.6,1043.1,415.1,254.1,96.0,36.0,30.9,40
Uruguay,5,Manuel UGARTE,8202.7,3099.6,3705.0,931.9,393.3,72.9,83.0,28.0,29.2,40
Uruguay,6,Rodrigo BENTANCUR,11302.2,4878.3,4153.9,1269.8,744.7,255.4,118.0,59.0,31.5,40
Uruguay,8,Federico VALVERDE,9718.3,3979.8,4332.0,893.6,326.1,186.9,76.0,26.0,33.6,40
Uruguay,13,Guillermo VARELA,11018.0,4083.5,4728.0,1273.8,636.4,296.3,107.0,50.0,32.4,40
Uruguay,14,Agustin CANOBBIO,11280.1,3641.8,4803.9,1546.4,899.0,389.0,127.0,68.0,32.7,40
Uruguay,16,Mathias OLIVERA,11355.3,4292.3,4449.3,1704.4,796.5,112.8,141.0,51.0,28.3,40
Uruguay,20,Maxi ARAUJO,8974.1,3460.3,3501.1,1106.6,595.5,310.6,100.0,53.0,32.2,40
Uruguay,21,Federico VINAS,7261.9,3413.9,2430.9,795.3,463.4,158.4,64.0,42.0,32.2,40
Uruguay,25,Juan Manuel SANABRIA,11426.7,3912.5,4715.8,1809.2,826.8,162.3,167.0,65.0,32.0,40
Uruguay,7,Nicolas DE LA CRUZ,2893.1,927.7,1072.7,500.7,258.9,133.1,40.0,20.0,29.9,40
Uruguay,9,Darwin NUNEZ,2699.2,1289.2,802.3,265.8,162.3,179.7,20.0,14.0,34.6,40
Uruguay,18,Brian RODRIGUEZ,1849.7,692.5,565.7,373.2,122.1,96.1,29.0,13.0,34.9,40
Cabo Verde,1,VOZINHA,5239.9,4435.3,680.1,110.3,14.1,10.0,2.0,21.3,3.0,40
Cabo Verde,4,PICO LOPES,9276.5,3988.4,4029.3,819.0,280.5,159.3,78.0,21.0,35.0,40
Cabo Verde,6,KEVIN PINA,7280.6,2759.3,3417.3,728.9,239.4,135.8,56.0,19.0,30.0,40
Cabo Verde,9,GILSON BENCHIMOL,6979.8,2536.9,3119.6,884.3,297.9,141.2,77.0,27.0,33.2,40
Cabo Verde,10,JAMIRO MONTEIRO,8554.9,3508.6,3898.8,752.1,301.2,94.3,74.0,24.0,29.7,40
Cabo Verde,11,GARRY RODRIGUES,7058.4,2707.6,2976.2,913.8,348.6,112.2,74.0,30.0,30.5,40
Cabo Verde,13,SIDNY LOPES CABRAL,9909.5,3792.9,4306.1,1033.0,548.0,229.5,86.0,38.0,33.5,40
Cabo Verde,18,TELMO ARCANJO,4612.4,1981.1,2011.3,351.2,165.1,103.8,32.0,16.0,32.0,40
Cabo Verde,20,RYAN MENDES,10335.8,4367.1,3798.8,1434.7,581.0,154.2,135.0,44.0,33.8,40
Cabo Verde,22,STEVEN MOREIRA,9918.8,4213.8,3937.8,1156.8,422.4,188.0,88.0,34.0,30.6,40
Cabo Verde,14,DEROY DUARTE,5187.8,2061.1,2259.5,604.8,192.1,70.2,54.0,15.0,30.0,40
Cabo Verde,15,LAROS DUARTE,3079.2,965.8,1440.5,499.0,133.2,40.6,45.0,12.0,29.3,40
Cabo Verde,16,YANNICK SEMEDO,2227.6,763.0,842.9,351.0,224.0,46.8,36.0,14.0,27.4,40
Cabo Verde,21,NUNO DA COSTA,3720.1,1453.9,1475.4,499.2,216.3,75.3,44.0,19.0,30.4,40
Cabo Verde,26,HELIO VARELA,4053.7,1360.9,1704.6,590.8,256.3,141.2,50.0,21.0,32.2,40
France,16,Mike MAIGNAN,4554.7,3776.4,718.7,41.9,10.7,7.1,5.0,1.0,26.4,41
France,3,Lucas DIGNE,10606.4,4647.8,3779.1,1410.0,624.3,145.2,119.0,43.0,30.0,41
France,4,Dayot UPAMECANO,9601.7,4171.5,4183.5,838.7,324.4,83.6,77.0,27.0,30.2,41
France,5,Jules KOUNDE,9145.5,3374.0,4062.9,1160.1,452.6,95.9,115.0,36.0,29.7,41
France,6,Manu KONE,10754.6,3648.6,4907.1,1816.7,356.1,26.1,151.0,30.0,27.8,41
France,7,Ousmane DEMBELE,7562.0,3190.0,2788.7,1029.1,460.4,93.8,96.0,36.0,29.3,41
France,10,Kylian MBAPPE,8679.1,4187.8,3085.9,754.7,401.7,249.0,66.0,35.0,33.4,41
France,11,Michael OLISE,8752.1,2636.6,4196.5,1193.2,478.0,247.7,97.0,38.0,34.7,41
France,12,Bradley BARCOLA,8595.9,3997.1,3241.2,634.2,337.3,386.1,59.0,30.0,34.7,41
France,14,Adrien RABIOT,11161.9,4031.2,5064.4,1528.2,456.1,82.0,124.0,31.0,29.2,41
France,17,William SALIBA,9196.1,4155.2,3860.3,793.6,259.7,127.3,69.0,23.0,29.3,41
France,2,Malo GUSTO,1092.4,360.9,608.0,89.9,28.5,5.1,7.0,3.0,26.2,41
France,9,Marcus THURAM,295.8,87.7,113.1,74.0,21.0,5.0,2.0,22.1,20.0,41
France,24,Rayan CHERKI,3304.6,751.3,1574.7,684.4,223.7,70.6,58.0,18.0,30.8,41
France,25,Maghnes AKLIOUCHE,1369.8,322.8,678.5,283.9,70.2,14.3,24.0,5.0,26.6,41
Iraq,22,AHMED BASIL,4611.4,3875.0,669.0,59.0,8.4,7.0,1.0,21.9,3.0,41
Iraq,4,ZAID TAHSEEN,6802.4,2529.8,3161.7,745.5,273.5,91.9,66.0,22.0,31.3,41
Iraq,5,AKAM HASHIM,9263.7,3907.1,3973.4,986.9,245.6,150.8,80.0,24.0,33.7,41
Iraq,8,IBRAHIM BAYESH,7726.1,3120.3,3173.2,1034.0,313.1,85.5,92.0,24.0,30.5,41
Iraq,11,AHMED QASEM,11386.4,3933.9,4833.2,1737.6,687.1,194.5,167.0,54.0,32.0,41
Iraq,14,ZIDANE IQBAL,11477.5,3448.3,5792.4,1981.5,222.3,33.0,161.0,16.0,30.2,41
Iraq,16,AMIR ALAMMARI,8049.6,2757.2,3737.3,1123.5,355.5,76.1,96.0,26.0,30.5,41
Iraq,18,AYMEN HUSSEIN,2586.3,1226.5,888.0,239.8,121.3,110.8,18.0,14.0,31.2,41
Iraq,23,MERCHAS DOSKI,10070.0,3747.8,4807.7,936.1,466.9,111.5,79.0,38.0,30.2,41
Iraq,24,ZAID ISMAEL,8327.9,2076.3,4395.9,1295.8,409.5,150.5,117.0,29.0,30.8,41
Iraq,2,REBIN SULAKA,3415.6,1266.2,1561.7,368.8,164.4,54.5,29.0,13.0,30.7,41
Iraq,7,YOUSSEF AMYN,3954.9,1088.9,2050.6,578.5,207.0,29.9,52.0,18.0,28.3,41
Iraq,9,ALI ALHAMADI,8132.8,2701.1,4101.1,888.7,368.2,73.7,88.0,28.0,30.7,41
Iraq,20,AIMAR SHER,3139.1,900.6,1715.7,432.0,90.8,41.0,6.0,24.6,21.0,41
Norway,1,Orjan NYLAND,6223.4,4804.5,1286.1,110.6,11.8,10.4,11.0,1.0,27.6,42
Norway,3,Kristoffer AJER,10625.5,4565.5,4329.8,1163.8,447.2,119.2,107.0,36.0,30.9,42
Norway,5,David MOLLER WOLFE,10986.1,3781.3,4881.1,1444.8,589.2,289.7,122.0,47.0,32.2,42
Norway,7,Alexander SORLOTH,9453.1,3333.3,3812.6,1322.1,641.3,343.9,124.0,51.0,32.4,42
Norway,8,Sander BERGE,12176.3,3770.4,5490.4,2127.4,631.2,156.9,164.0,41.0,30.4,42
Norway,9,Erling HAALAND,10218.9,4439.5,3940.0,1123.4,377.7,338.3,92.0,38.0,35.2,42
Norway,10,Martin ODEGAARD,12388.4,3796.0,5410.4,1991.4,777.8,412.9,169.0,69.0,32.0,42
Norway,14,Fredrik AURSNES,6313.3,1744.9,2718.3,1263.4,494.7,92.0,108.0,32.0,30.1,42
Norway,17,Torbjorn HEGGEM,9329.9,3449.8,4222.9,1102.6,419.8,134.8,104.0,34.0,28.8,42
Norway,20,Antonio NUSA,7691.6,2888.0,2929.1,1113.8,525.0,235.6,100.0,39.0,33.4,42
Norway,26,Julian RYERSON,1406.8,394.5,657.4,239.0,78.8,37.2,20.0,6.0,27.7,42
Norway,4,Leo OSTIGARD,1704.1,601.7,869.9,208.2,24.3,19.0,3.0,21.3,6.0,42
Norway,16,Marcus HOLMGREN PEDERSEN,10137.1,3858.4,3991.1,1383.1,592.2,312.4,115.0,50.0,33.4,42
Norway,21,Andreas SCHJELDERUP,3509.3,1080.5,1513.9,547.1,240.8,126.9,42.0,16.0,29.5,42
Norway,22,Oscar BOBB,1974.1,538.8,874.6,336.9,192.9,31.0,28.0,12.0,27.0,42
Senegal,3,Kalidou KOULIBALY,6653.6,2771.3,2520.1,996.3,249.8,116.1,82.0,17.0,29.8,42
Senegal,5,Idrissa Gana GUEYE,9877.6,3478.2,4431.0,1289.1,523.0,156.3,114.0,36.0,29.9,42
Senegal,8,Lamine CAMARA,7530.2,2167.1,2910.1,1369.1,813.2,270.7,110.0,61.0,30.6,42
Senegal,10,Sadio MANE,10185.9,4124.6,4006.9,1270.9,583.7,199.7,108.0,49.0,29.6,42
Senegal,11,Nicolas JACKSON,10873.7,3675.5,4677.6,1515.1,663.7,341.8,132.0,61.0,31.7,42
Senegal,15,Krepin DIATTA,9970.6,3713.4,4317.3,1173.9,544.7,221.4,100.0,37.0,31.1,42
Senegal,18,Ismaila SARR,11875.8,3939.8,4963.0,1845.9,752.0,375.1,157.0,58.0,34.5,42
Senegal,19,Moussa NIAKHATE,9351.4,3804.1,4246.5,871.2,284.7,144.9,74.0,26.0,30.9,42
Senegal,25,El Hadji Malick DIOUF,6644.7,2196.1,2836.3,926.9,395.4,290.0,75.0,32.0,31.0,42
Senegal,26,Pape GUEYE,6830.7,2119.3,3118.1,1084.3,369.6,139.4,87.0,26.0,31.5,42
Senegal,6,Pathe CISS,3547.9,1479.5,1467.3,437.3,158.9,4.9,34.0,12.0,25.2,42
Senegal,14,Ismail JAKOBS,5042.1,1373.9,2404.0,761.9,340.1,162.2,67.0,28.0,31.6,42
Senegal,17,Pape Matar SARR,3215.3,1102.6,1308.1,546.9,231.8,25.9,43.0,14.0,28.2,42
Senegal,20,Ibrahim MBAYE,4104.7,1659.7,1596.9,536.9,203.8,107.3,52.0,17.0,34.7,42
Argentina,6,Lisandro MARTINEZ,8625.1,4651.6,3105.6,664.9,154.6,48.5,63.0,17.0,29.7,43
Argentina,7,Rodrigo DE PAUL,8180.6,3667.8,2981.8,936.4,430.0,164.6,84.0,37.0,31.8,43
Argentina,10,Lionel MESSI,7904.8,4975.3,1545.3,804.9,484.5,94.8,75.0,31.0,29.7,43
Argentina,13,Cristian ROMERO,5027.9,3022.6,1614.6,301.7,64.0,25.0,24.0,5.0,27.7,43
Argentina,16,Thiago ALMADA,8426.1,2477.9,4054.5,1125.1,503.5,265.2,100.0,39.0,31.3,43
Argentina,20,Alexis MAC ALLISTER,10553.2,3839.1,4908.3,1424.8,303.3,77.6,131.0,26.0,28.6,43
Argentina,22,Lautaro MARTINEZ,6814.0,2651.7,2980.9,753.3,294.2,133.9,67.0,26.0,29.1,43
Argentina,24,Enzo FERNANDEZ,11058.0,4179.6,4426.8,1626.0,570.0,255.6,158.0,48.0,31.3,43
Argentina,25,Facundo MEDINA,8573.3,3311.3,3858.1,999.9,258.8,145.2,102.0,23.0,32.3,43
Argentina,26,Nahuel MOLINA,10087.5,4452.3,3768.2,1208.1,485.9,173.1,89.0,41.0,32.6,43
Argentina,3,Nicolas TAGLIAFICO,1791.2,592.7,742.7,303.5,123.6,28.6,22.0,7.0,28.6,43
Argentina,5,Leandro PAREDES,2049.8,574.9,876.6,375.7,173.2,49.5,35.0,9.0,29.3,43
Argentina,9,Julian ALVAREZ,3636.7,1229.1,1460.7,460.8,352.2,133.9,46.0,28.0,33.6,43
Argentina,15,Nico GONZALEZ,3404.3,1333.5,1201.2,557.1,183.7,128.9,43.0,15.0,32.1,43
Argentina,19,Nicolas OTAMENDI,3681.0,1638.4,1342.4,514.4,146.2,39.6,36.0,11.0,28.8,43
Austria,1,Alexander SCHLAGER,6003.8,3943.8,1824.0,203.5,32.6,18.0,3.0,24.4,3.0,43
Austria,4,Xaver SCHLAGER,10125.1,4261.0,4083.0,1275.9,378.2,127.0,107.0,26.0,32.7,43
Austria,5,Stefan POSCH,7836.4,2885.8,3450.8,987.5,369.8,142.4,80.0,32.0,30.8,43
Austria,6,Nicolas SEIWALD,10791.9,3695.2,5044.0,1374.6,521.1,157.0,119.0,41.0,31.9,43
Austria,8,David ALABA,6857.9,2890.7,2979.8,669.5,264.7,53.1,67.0,17.0,28.1,43
Austria,9,Marcel SABITZER,9795.1,4172.1,3536.7,1362.6,564.8,158.9,117.0,51.0,31.6,43
Austria,11,Michael GREGORITSCH,8185.9,3465.5,3266.9,935.3,421.8,96.4,85.0,33.0,28.0,43
Austria,18,Romano SCHMID,8713.2,3283.2,3668.2,1060.4,518.9,182.4,101.0,47.0,31.2,43
Austria,20,Konrad LAIMER,10016.9,4121.4,4069.5,1127.7,458.7,239.6,90.0,41.0,34.0,43
Austria,24,Paul WANNER,8175.3,2554.6,4074.9,1166.2,301.6,78.1,104.0,27.0,28.1,43
Austria,7,Marko ARNAUTOVIC,2733.6,1117.5,1106.3,381.6,123.5,4.7,36.0,9.0,25.9,43
Austria,17,Carney CHUKWUEMEKA,1481.5,455.8,592.4,252.0,134.3,47.0,25.0,9.0,30.7,43
Austria,21,Patrick WIMMER,2155.7,696.8,899.2,344.8,105.1,109.8,23.0,9.0,31.5,43
Austria,22,Alexander PRASS,3243.0,1018.4,1400.4,415.0,198.4,210.7,37.0,15.0,31.0,43
Austria,23,Marco FRIEDL,2757.1,1080.9,1153.8,310.7,170.0,41.8,30.0,12.0,29.5,43
Jordan,1,YAZEED ABULAILA,4629.0,3961.6,622.3,31.7,13.5,3.0,1.0,23.5,3.0,44
Jordan,4,HUSAM ABUDAHAB,10189.2,3789.3,4843.5,1043.8,385.8,126.7,106.0,33.0,32.0,44
Jordan,5,YAZAN ALARAB,9484.4,4001.8,4205.1,868.9,280.1,128.6,78.0,22.0,30.8,44
Jordan,8,NOOR ALRAWABDEH,13086.4,3293.0,6420.7,2681.4,566.8,124.5,226.0,43.0,32.3,44
Jordan,9,ALI OLWAN,10959.5,3679.6,4543.8,1627.3,773.6,335.3,146.0,58.0,32.6,44
Jordan,10,MOUSA ALTAMARI,9158.7,3577.9,3485.2,1102.1,520.5,473.0,93.0,44.0,34.6,44
Jordan,13,MAHMOUD ALMARDI,10324.8,2742.8,4728.7,2064.5,714.8,73.9,189.0,52.0,28.9,44
Jordan,20,MOHANNAD ABUTAHA,9717.3,3331.6,4282.2,1438.5,518.0,146.9,119.0,45.0,31.8,44
Jordan,21,NIZAR ALRASHDAN,11326.8,3448.0,5654.0,1613.3,444.7,166.8,143.0,31.0,31.1,44
Jordan,23,EHSAN HADDAD,11202.0,4016.2,4946.1,1549.1,554.5,136.1,146.0,40.0,30.9,44
Jordan,2,MOHAMMAD ABUHASHEESH,1660.4,486.5,679.0,253.5,212.1,29.5,25.0,12.0,27.6,44
Jordan,7,MOHAMMAD ABUZRAIQ,945.8,219.4,372.2,203.6,104.7,45.8,13.0,9.0,31.4,44
Jordan,11,ODEH FAKHOURY,2704.0,765.0,1209.5,449.0,250.1,30.3,39.0,16.0,29.0,44
Jordan,17,SALEEM OBAID,775.8,254.4,363.5,94.6,63.2,11.0,6.0,24.1,24.0,44
Algeria,23,Luca ZIDANE,4619.9,3361.4,972.7,204.7,70.3,10.9,18.0,9.0,27.8,44
Algeria,2,Aissa MANDI,10098.3,4488.1,4076.0,1003.9,400.4,129.9,87.0,29.0,30.0,44
Algeria,6,Ramiz ZERROUKI,5745.3,1776.7,2918.2,759.5,228.2,62.7,61.0,16.0,30.0,44
Algeria,7,Riyad MAHREZ,9414.1,3085.8,4097.2,1545.7,600.9,84.4,133.0,39.0,31.2,44
Algeria,9,Amine GOUIRI,9161.8,3785.7,3424.1,1334.4,502.6,114.9,115.0,42.0,29.5,44
Algeria,10,Fares CHAIBI,11861.3,3606.6,5489.1,1760.7,738.8,266.1,157.0,60.0,30.9,44
Algeria,14,Hicham BOUDAOUI,5973.1,1721.5,2641.4,1031.5,494.3,84.4,88.0,31.0,29.8,44
Algeria,15,Rayan AIT-NOURI,9522.4,3605.4,3639.8,1278.3,695.3,303.5,115.0,52.0,33.5,44
Algeria,17,Rafik BELGHALI,11483.7,3746.6,5187.1,1712.3,709.8,127.8,150.0,49.0,30.1,44
Algeria,21,Ramy BENSEBAINI,9371.7,4067.4,3677.0,1001.9,417.1,208.2,80.0,32.0,33.3,44
Algeria,22,Ibrahim MAZA,11862.7,4145.5,5312.8,1722.5,516.8,165.1,149.0,40.0,32.7,44
Algeria,5,Zineddine BELAID,1471.6,542.4,595.2,217.4,103.0,13.6,18.0,8.0,27.2,44
Algeria,11,Anis HADJ MOUSSA,2464.6,836.2,1054.7,322.5,168.1,83.0,26.0,17.0,29.4,44
Algeria,12,Nadhir BENBOUALI,5586.1,2065.4,2260.4,774.2,363.9,122.2,66.0,35.0,30.1,44
Algeria,13,Jaouen HADJAM,1599.5,491.1,631.8,256.3,194.9,25.4,20.0,13.0,27.0,44
Algeria,19,Nabil BENTALEB,6053.9,2051.9,2602.6,917.3,388.2,93.9,80.0,27.0,29.7,44
Portugal,1,DIOGO COSTA,4491.2,3793.4,648.2,29.6,19.9,3.0,2.0,24.1,3.0,45
Portugal,7,CRISTIANO RONALDO,8406.1,4126.2,2797.9,738.1,475.3,268.6,62.0,40.0,31.6,45
Portugal,8,BRUNO FERNANDES,10536.8,4022.7,3984.6,1496.8,782.2,250.5,136.0,56.0,31.0,45
Portugal,11,JOAO FELIX,7575.4,2742.1,3218.0,932.2,373.9,309.2,86.0,34.0,32.0,45
Portugal,13,RENATO VEIGA,10320.3,4272.9,4394.1,1183.8,416.0,53.6,108.0,24.0,27.3,45
Portugal,15,JOAO NEVES,9106.6,2733.3,4216.7,1465.4,534.8,156.3,122.0,37.0,30.4,45
Portugal,18,PEDRO NETO,5067.5,2052.9,1845.5,592.0,293.6,283.4,51.0,27.0,34.4,45
Portugal,20,JOAO CANCELO,5530.6,2122.0,2306.9,695.4,309.7,96.5,62.0,18.0,30.1,45
Portugal,23,VITINHA,10161.5,3120.1,4918.3,1521.1,497.8,104.1,130.0,38.0,30.0,45
Portugal,25,NUNO MENDES,9352.2,3670.2,3691.5,1152.0,474.8,363.7,98.0,42.0,34.3,45
Portugal,2,NELSON SEMEDO,5360.6,1806.4,2120.3,757.3,361.7,315.0,72.0,28.0,33.8,45
Portugal,10,BERNARDO SILVA,2816.6,643.2,1376.1,506.2,224.1,67.1,48.0,16.0,29.6,45
Portugal,16,FRANCISCO TRINCAO,4066.9,1165.3,1727.1,689.0,376.4,109.2,56.0,32.0,29.2,45
Portugal,17,RAFAEL LEAO,1377.3,541.0,454.5,252.8,106.1,23.0,21.0,7.0,30.8,45
Portugal,26,FRANCISCO CONCEICAO,5209.4,1974.8,1956.7,570.8,393.5,313.6,43.0,30.0,33.4,45
Uzbekistan,12,Abduvohid NEMATOV,4482.5,3448.9,877.5,128.3,26.2,1.5,11.0,1.0,25.1,45
Uzbekistan,2,Abdukodir KHUSANOV,9072.5,3719.5,3700.5,789.5,459.5,403.5,67.0,40.0,35.6,45
Uzbekistan,5,Rustam ASHURMATOV,9439.2,3495.0,4130.1,1258.3,429.3,126.5,122.0,36.0,30.8,45
Uzbekistan,7,Otabek SHUKUROV,10724.4,3372.7,4954.9,1825.3,455.0,116.5,147.0,35.0,30.7,45
Uzbekistan,9,Odiljon XAMROBEKOV,5726.4,1683.7,2504.1,1143.1,336.8,58.7,95.0,22.0,28.6,45
Uzbekistan,13,Sherzod NASRULLAEV,5254.7,1940.9,2078.3,692.6,354.1,188.8,59.0,27.0,34.1,45
Uzbekistan,14,Eldor SHOMURODOV,9858.8,4691.2,3221.9,1090.3,531.8,323.6,94.0,47.0,34.0,45
Uzbekistan,18,Abdulla ABDULLAEV,9924.4,3968.9,4117.9,1155.7,456.9,225.0,105.0,38.0,32.5,45
Uzbekistan,19,Azizjon GANIEV,11415.1,4109.2,4331.2,1779.9,949.4,245.3,159.0,72.0,29.9,45
Uzbekistan,22,Abbosbek FAYZULLAEV,8243.7,2834.6,3295.4,1338.1,525.4,250.3,109.0,44.0,31.7,45
Uzbekistan,24,Behruzjon KARIMOV,10251.7,3545.0,4154.5,1465.4,825.6,261.2,121.0,62.0,30.9,45
Uzbekistan,3,Khojiakbar ALIJONOV,5294.6,1714.3,2001.5,922.3,418.1,238.3,77.0,29.0,32.4,45
Uzbekistan,6,Akmal MOZGOVOY,5874.2,1897.4,2375.9,1106.7,364.7,129.5,89.0,29.0,32.2,45
Uzbekistan,10,Ruslanbek JIYANOV,588.9,115.9,247.4,137.9,54.6,33.1,9.0,4.0,29.4,45
Uzbekistan,21,Igor SERGEEV,2813.5,744.8,1399.5,468.1,201.1,38.0,12.0,24.8,23.0,45
Colombia,12,Camilo VARGAS,4466.0,3695.9,645.3,96.2,24.1,4.6,11.0,2.0,25.7,46
Colombia,2,Daniel MUNOZ,10716.4,3696.1,4502.5,1642.2,662.2,213.4,141.0,48.0,30.3,46
Colombia,3,Jhon LUCUMI,8205.6,4013.7,3088.8,772.7,225.5,104.9,67.0,21.0,30.9,46
Colombia,7,Luis DIAZ,10119.2,4202.7,3835.5,1124.8,639.8,316.4,98.0,53.0,32.7,46
Colombia,10,James RODRIGUEZ,6309.8,2654.8,2724.4,717.7,212.9,69.0,16.0,24.2,11.0,46
Colombia,14,Gustavo PUERTA,11297.9,3954.9,4802.8,1855.7,523.3,161.2,153.0,38.0,31.3,46
Colombia,16,Jefferson LERMA,10656.4,3509.9,4719.7,1872.5,463.7,90.7,158.0,34.0,28.6,46
Colombia,17,Johan MOJICA,10032.0,4396.5,3433.6,1235.8,659.1,307.1,102.0,50.0,31.5,46
Colombia,23,Davinson SANCHEZ,9079.6,4026.8,3615.2,924.5,354.7,158.5,79.0,27.0,32.8,46
Colombia,25,Luis SUAREZ,5742.6,2844.3,1781.2,600.8,287.5,228.7,52.0,31.0,31.7,46
Colombia,6,Richard RIOS,2217.5,849.7,796.1,345.1,160.4,66.1,28.0,13.0,28.7,46
Colombia,9,Jhon CORDOBA,3413.1,1615.2,1139.0,463.1,162.0,33.8,42.0,10.0,28.2,46
Colombia,20,Juan QUINTERO,3929.9,1797.3,1392.4,463.4,263.6,13.2,45.0,13.0,26.0,46
Congo DR,2,Aaron WAN-BISSAKA,9994.5,4158.4,3575.4,1374.0,658.8,227.9,119.0,43.0,31.2,46
Congo DR,3,Steve KAPUADI,9541.5,4017.7,3679.8,1219.4,482.8,141.9,102.0,34.0,32.8,46
Congo DR,4,Axel TUANZEBE,9003.6,4116.4,3495.0,876.6,326.0,189.6,64.0,31.0,30.6,46
Congo DR,6,Ngalayel MUKAU,5785.8,1806.2,2641.0,873.7,333.1,131.8,79.0,27.0,32.4,46
Congo DR,8,Samuel MOUTOUSSAMY,10162.9,2966.3,4707.0,1901.1,456.1,132.5,148.0,32.0,31.1,46
Congo DR,17,Cedric BAKAMBU,6298.7,2998.4,1996.5,753.8,333.1,216.9,64.0,36.0,33.2,46
Congo DR,20,Yoane WISSA,9745.7,4567.2,3716.6,982.1,337.1,142.6,92.0,30.0,28.7,46
Congo DR,22,Chancel MBEMBA,8862.3,4028.9,3139.6,1141.2,481.3,71.2,92.0,33.0,30.3,46
Congo DR,25,Edo KAYEMBE,8719.2,2775.1,4022.5,1349.8,439.3,132.6,118.0,34.0,31.3,46
Congo DR,26,Arthur MASUAKU,7378.9,3086.1,2797.7,1056.6,375.7,62.8,98.0,30.0,31.9,46
Congo DR,7,Nathanael MBUKU,1843.5,491.1,886.0,285.1,141.6,39.9,22.0,8.0,32.4,46
Congo DR,12,Joris KAYEMBE,2282.4,914.3,879.7,273.6,172.4,42.4,25.0,10.0,29.7,46
Congo DR,14,Noah SADIKI,5321.1,1952.7,2381.6,672.7,223.0,91.2,58.0,17.0,30.9,46
Congo DR,18,Charles PICKEL,2669.7,1002.2,989.9,431.2,178.0,68.3,30.0,14.0,30.8,46
Congo DR,23,Simon BANZA,3747.5,1434.4,1521.8,507.8,205.5,77.9,47.0,15.0,29.9,46
England,1,Jordan PICKFORD,5818.0,3871.7,1602.0,279.0,53.2,12.2,29.0,5.0,26.6,47
England,2,Ezri KONSA,9462.7,4429.1,3678.3,944.8,275.0,135.4,80.0,22.0,32.5,47
England,4,Declan RICE,11072.3,3813.6,4827.6,1491.4,635.0,304.6,136.0,45.0,32.3,47
England,6,Marc GUEHI,9902.0,3535.9,4794.8,1065.7,341.2,164.3,100.0,27.0,32.6,47
England,8,Elliot ANDERSON,8970.2,2749.9,4111.5,1512.7,492.2,103.9,128.0,38.0,28.6,47
England,9,Harry KANE,10295.0,4507.4,4098.5,1045.8,511.0,132.3,101.0,33.0,30.8,47
England,10,Jude BELLINGHAM,8089.1,3290.5,2726.0,1173.8,644.2,254.7,92.0,51.0,30.8,47
England,18,Anthony GORDON,7039.2,3359.8,2287.5,799.6,314.9,277.5,56.0,37.0,33.2,47
England,20,Noni MADUEKE,8184.4,3629.4,3016.2,1011.2,334.1,193.4,95.0,30.0,33.3,47
England,24,Reece JAMES,9651.1,4274.5,3797.3,861.8,469.3,248.2,68.0,41.0,33.6,47
England,25,Djed SPENCE,7157.3,2963.4,2687.2,801.3,413.2,292.2,71.0,36.0,34.0,47
England,3,Nico OREILLY,3206.2,1135.0,1328.8,459.8,194.1,88.4,37.0,16.0,32.8,47
England,7,Bukayo SAKA,2981.2,1275.4,1154.3,410.9,104.3,36.2,34.0,9.0,30.0,47
England,11,Marcus RASHFORD,1492.5,595.4,574.1,177.6,95.4,50.0,16.0,10.0,29.2,47
England,17,Morgan ROGERS,2685.4,954.5,1207.4,376.9,111.1,35.5,32.0,10.0,26.6,47
England,21,Eberechi EZE,2270.2,892.2,1018.0,205.5,146.4,8.1,19.0,9.0,26.7,47
Ghana,3,Caleb YIRENKYI,10789.7,3605.5,4865.3,1512.3,546.5,260.1,130.0,44.0,31.3,47
Ghana,4,Jonas ADJETEY,10043.7,4223.1,4249.0,1198.2,315.6,57.9,97.0,31.0,29.4,47
Ghana,5,Thomas PARTEY,10073.1,3837.7,4495.9,1384.1,303.0,52.5,123.0,26.0,28.3,47
Ghana,8,Kwasi SIBO,11132.2,3473.7,5179.0,1908.1,499.2,72.1,174.0,32.0,30.0,47
Ghana,9,Jordan AYEW,7791.5,2548.9,3803.0,928.4,406.1,105.1,94.0,34.0,30.6,47
Ghana,11,Antoine SEMENYO,9715.3,4961.6,3352.9,713.2,326.1,361.5,66.0,31.0,35.1,47
Ghana,14,Gideon MENSAH,9474.2,4192.4,3824.9,934.7,383.5,138.6,84.0,36.0,33.2,47
Ghana,18,Jerome OPOKU,9470.5,4253.4,4060.1,873.5,244.2,39.2,68.0,23.0,29.2,47
Ghana,19,Inaki WILLIAMS,6985.3,3187.8,2333.0,765.7,468.2,230.6,63.0,33.0,33.5,47
Ghana,26,Marvin SENAYA,8866.0,3590.6,3750.8,917.8,425.8,181.0,75.0,40.0,29.8,47
Ghana,7,Abdul FATAWU,3287.0,1139.3,1323.1,583.0,173.9,67.7,50.0,14.0,30.8,47
Ghana,17,Baba RAHMAN,169.0,58.0,50.8,27.9,32.4,2.0,1.0,23.7,21.0,47
Ghana,25,Prince ADU,2867.8,970.7,1269.4,370.8,132.6,124.2,32.0,12.0,33.7,47
Panama,22,Orlando MOSQUERA,4778.7,3653.6,975.3,113.0,36.8,10.0,4.0,24.2,2.0,48
Panama,3,Jose CORDOBA,10033.9,3486.5,4378.4,1378.7,563.0,227.4,111.0,38.0,31.6,48
Panama,6,Cristian MARTINEZ,10681.0,3783.3,4729.4,1274.6,561.5,332.2,112.0,51.0,30.9,48
Panama,7,Jose Luis RODRIGUEZ,10060.8,3875.7,4067.1,1350.9,484.2,282.8,120.0,42.0,32.3,48
Panama,11,Edgar Yoel BARCENAS,10518.6,3099.0,5131.5,1640.6,544.6,102.9,154.0,40.0,29.5,48
Panama,13,Jiovany RAMOS,8124.6,3123.5,3462.3,1091.4,338.7,108.7,90.0,24.0,29.6,48
Panama,14,Carlos HARVEY,11230.9,3204.6,5540.1,1735.5,651.7,99.0,157.0,40.0,28.7,48
Panama,16,Andres ANDRADE,10029.5,3824.5,4074.7,1405.9,487.9,236.4,108.0,40.0,32.6,48
Panama,17,Jose FAJARDO,9508.6,2825.2,4179.6,1426.1,663.6,414.1,119.0,53.0,33.2,48
Panama,23,Amir MURILLO,10206.4,3863.8,3965.0,1233.3,678.1,466.2,98.0,49.0,34.1,48
Panama,9,Tomas RODRIGUEZ,509.3,168.2,210.4,77.5,32.5,20.7,9.0,3.0,30.7,48
Panama,15,Eric DAVIS,604.7,135.9,273.5,143.6,46.2,5.6,12.0,4.0,26.0,48
Panama,18,Cecilio WATERMAN,1645.1,740.8,561.7,146.8,116.0,79.9,15.0,9.0,30.3,48
Panama,24,Azarias LONDONO,1394.9,442.2,672.2,180.3,69.2,31.1,17.0,5.0,27.1,48
Croatia,1,Dominik LIVAKOVIC,4202.0,3228.5,862.8,93.0,17.8,12.0,2.0,22.9,2.0,48
Croatia,3,Marin PONGRACIC,9123.7,3935.0,3398.8,1041.2,548.1,200.6,94.0,41.0,32.2,48
Croatia,4,Josko GVARDIOL,5396.1,2140.4,1841.3,803.7,410.2,200.5,70.0,33.0,33.2,48
Croatia,6,Josip SUTALO,10034.6,3618.6,4654.4,1130.3,418.2,213.1,103.0,36.0,32.3,48
Croatia,8,Mateo KOVACIC,8421.7,2767.2,3844.2,1203.5,497.0,109.8,104.0,31.0,31.7,48
Croatia,10,Luka MODRIC,8630.0,3367.7,3562.8,1007.2,514.3,177.9,91.0,29.0,30.0,48
Croatia,14,Ivan PERISIC,10112.1,4364.5,3482.4,1340.3,564.3,360.6,110.0,45.0,32.2,48
Croatia,16,Martin BATURINA,11122.1,3545.8,4969.5,1590.7,770.7,245.5,142.0,55.0,33.6,48
Croatia,24,Marco PASALIC,8147.4,2777.0,3347.4,965.8,701.9,355.3,77.0,49.0,33.3,48
Croatia,26,Petar MUSA,5647.6,1937.4,2404.2,794.9,423.5,87.6,63.0,26.0,27.8,48
Croatia,9,Andrej KRAMARIC,6146.8,1868.7,2598.0,1057.9,450.8,171.5,92.0,31.0,30.3,48
Croatia,11,Ante BUDIMIR,5475.0,2026.5,2158.7,659.1,408.9,221.9,55.0,33.0,31.0,48
Croatia,15,Mario PASALIC,1617.2,502.4,606.6,380.9,120.9,6.6,30.0,11.0,26.7,48
Croatia,17,Petar SUCIC,2757.6,783.8,1262.1,471.9,159.6,80.2,43.0,11.0,31.6,48
Croatia,21,Luka SUCIC,2774.8,832.7,1200.2,419.3,221.4,101.2,31.0,17.0,29.8,48
Czechia,1,Matej KOVAR,4687.1,3811.5,824.5,40.2,10.9,4.0,1.0,23.4,3.0,49
Czechia,4,Robin HRANAC,9755.1,3772.5,4400.3,1253.5,266.0,62.9,98.0,18.0,27.9,49
Czechia,5,Vladimir COUFAL,11006.7,4022.7,4439.2,1675.0,620.7,249.1,133.0,50.0,30.1,49
Czechia,7,Ladislav KREJCI,10622.0,4015.8,4874.3,1303.1,400.4,28.4,110.0,26.0,26.0,49
Czechia,9,Adam HLOZEK,7343.3,2874.4,3256.7,859.2,298.1,54.9,80.0,25.0,32.7,49
Czechia,12,Lukas CERV,9302.2,3378.7,4118.8,1330.1,406.7,67.9,116.0,27.0,28.7,49
Czechia,15,Pavel SULC,10179.7,3949.3,3858.4,1535.3,571.5,265.1,134.0,44.0,33.0,49
Czechia,18,Michal SADILEK,11353.9,3222.3,5411.5,1998.6,525.6,195.8,174.0,43.0,29.8,49
Czechia,21,David DOUDERA,10486.6,4054.0,4606.6,1309.3,428.2,88.3,114.0,34.0,29.2,49
Czechia,26,Denis VISINSKY,6956.6,2517.8,2790.5,1040.7,479.5,128.2,92.0,46.0,32.1,49
Czechia,10,Patrik SCHICK,3442.0,1116.8,1514.3,540.0,250.0,20.9,46.0,15.0,26.0,49
Czechia,17,Lukas PROVOD,4480.4,1470.2,1744.0,820.5,310.9,134.8,62.0,22.0,31.0,49
Czechia,19,Tomas CHORY,1218.8,382.0,428.7,231.5,122.1,54.5,19.0,10.0,28.3,49
Czechia,22,Tomas SOUCEK,2470.7,661.5,975.0,572.9,178.5,82.8,43.0,10.0,28.5,49
Czechia,24,Alexandr SOJKA,1477.6,308.0,623.5,368.9,147.9,29.3,32.0,10.0,26.8,49
Mexico,1,Raul RANGEL,4266.5,3371.0,769.0,96.0,30.5,8.0,1.0,24.8,2.0,49
Mexico,3,Cesar MONTES,9243.1,3705.7,4329.4,950.2,216.2,41.8,81.0,21.0,30.8,49
Mexico,4,Edson ALVAREZ,10750.7,3985.1,4631.9,1574.4,395.0,164.3,135.0,34.0,29.8,49
Mexico,7,Luis ROMO,7775.5,2655.6,3257.3,1320.1,447.7,94.8,110.0,36.0,30.4,49
Mexico,15,Israel REYES,10529.2,4138.1,4778.8,1165.4,312.9,134.0,107.0,26.0,30.2,49
Mexico,16,Julian QUINONES,11356.9,4011.8,4706.8,1563.3,775.6,299.4,141.0,61.0,32.0,49
Mexico,19,Gilberto MORA,8521.5,2974.0,3570.6,1438.0,488.3,50.6,123.0,37.0,27.9,49
Mexico,20,Mateo CHAVEZ,8450.2,3337.3,3373.2,1060.5,488.7,190.5,96.0,41.0,31.3,49
Mexico,22,Guillermo MARTINEZ,7134.9,2604.6,3052.6,959.9,442.8,75.1,76.0,37.0,29.7,49
Mexico,25,Roberto ALVARADO,11234.2,3963.5,5166.6,1661.8,416.9,25.4,147.0,31.0,26.4,49
Mexico,8,Alvaro FIDALGO,3319.6,948.7,1207.1,675.7,313.1,174.9,57.0,22.0,31.1,49
Mexico,11,Santiago GIMENEZ,3485.5,1300.6,1398.0,559.0,172.9,55.0,52.0,14.0,29.8,49
Mexico,18,Obed VARGAS,4004.8,1097.5,1615.6,1036.2,202.5,53.0,79.0,17.0,28.2,49
Mexico,23,Jesus GALLARDO,2127.0,783.2,876.1,327.0,117.3,23.4,25.0,8.0,30.7,49
South Africa,1,Ronwen WILLIAMS,4893.8,4046.5,796.9,38.7,8.3,3.4,3.0,1.0,25.7,50
South Africa,5,Thalente MBATHA,11220.9,4139.2,4778.0,1654.9,504.5,144.3,145.0,43.0,30.4,50
South Africa,6,Aubrey MODIBA,9984.3,3914.7,4458.5,1002.7,482.5,125.8,90.0,29.0,31.0,50
South Africa,7,Oswin APPOLLIS,7414.5,2522.2,3200.2,1084.7,463.9,143.6,88.0,37.0,29.0,50
South Africa,10,Relebohile MOFOKENG,10691.2,2811.4,5488.1,1596.1,653.8,141.8,144.0,43.0,31.0,50
South Africa,12,Thapelo MASEKO,8523.7,3109.2,3533.1,1061.6,527.0,292.7,96.0,50.0,31.8,50
South Africa,13,Sphephelo SITHOLE,11189.1,3971.9,4668.0,1912.4,545.4,91.4,182.0,39.0,31.1,50
South Africa,14,Mbekezeli MBOKAZI,8994.5,3976.6,3815.4,807.2,276.6,118.6,76.0,25.0,31.0,50
South Africa,17,Evidence MAKGOPA,10644.9,4442.6,4303.3,1287.1,463.5,148.4,124.0,34.0,32.5,50
South Africa,20,Khuliso MUDAU,9443.1,3798.2,4075.1,938.8,389.9,241.1,85.0,43.0,31.8,50
South Africa,21,Ime OKON,9877.3,4202.0,3969.6,1134.0,425.5,146.1,94.0,38.0,32.3,50
South Africa,8,Tshepang MOREMI,4272.2,1229.4,1929.0,595.8,347.3,170.7,51.0,30.0,33.0,50
South Africa,15,Iqraam RAYNERS,2481.5,1018.8,900.0,279.3,173.8,109.5,28.0,15.0,30.6,50
South Africa,23,Jayden ADAMS,2192.7,612.9,1042.8,375.2,153.4,8.5,30.0,11.0,26.4,50
Korea Republic,1,KIM Seunggyu,4761.7,3727.0,907.5,90.9,36.3,9.0,4.0,23.5,2.0,50
Korea Republic,3,LEE Gihyuk,10071.9,4074.7,4054.7,1276.2,459.6,206.6,113.0,39.0,32.8,50
Korea Republic,4,KIM Minjae,6721.8,2855.8,2560.5,768.2,299.9,237.4,66.0,23.0,33.4,50
Korea Republic,6,HWANG Inbeom,11480.2,3625.7,5753.0,1520.6,464.8,116.0,129.0,34.0,29.8,50
Korea Republic,8,PAIK Seungho,5628.8,1964.4,2674.6,697.7,272.9,19.1,60.0,18.0,26.4,50
Korea Republic,11,HWANG Heechan,5218.1,2111.1,2082.6,632.5,307.4,84.5,51.0,28.0,30.1,50
Korea Republic,13,LEE Taeseok,5596.3,1848.3,2277.2,739.9,456.8,274.1,61.0,33.0,32.4,50
Korea Republic,18,OH Hyeongyu,8015.5,3318.7,3412.9,902.7,323.6,57.5,82.0,30.0,29.7,50
Korea Republic,19,LEE Kangin,9488.8,4149.9,3922.6,1015.0,339.0,62.2,94.0,22.0,27.3,50
Korea Republic,22,SEOL Youngwoo,11274.8,4034.5,4666.6,1561.2,748.0,264.5,123.0,59.0,34.1,50
Korea Republic,7,SON Heungmin,5283.5,2000.0,2256.2,575.0,368.1,84.2,47.0,24.0,32.1,50
Korea Republic,9,CHO Guesung,2337.1,946.8,966.1,224.3,127.0,72.9,16.0,13.0,30.5,50
Korea Republic,16,PARK Jinseob,3321.2,1202.8,1480.8,523.2,109.2,5.2,42.0,6.0,26.0,50
Korea Republic,23,CASTROP Jens,5519.8,1950.0,2484.1,555.6,361.9,168.2,40.0,32.0,31.2,50
Korea Republic,24,KIM Jingyu,5913.4,2186.5,2695.6,737.2,256.2,37.9,71.0,18.0,26.8,50
Switzerland,1,Gregor KOBEL,5658.4,4234.8,1299.1,107.6,17.0,10.0,1.0,22.4,4.0,51
Switzerland,5,Manuel AKANJI,9170.3,4063.2,3604.0,1055.9,335.6,111.6,98.0,28.0,29.8,51
Switzerland,7,Breel EMBOLO,7761.2,3966.1,2251.3,839.8,454.7,249.3,70.0,45.0,31.8,51
Switzerland,8,Remo FREULER,11265.8,4126.1,5179.1,1567.8,315.5,77.4,141.0,22.0,27.3,51
Switzerland,9,Johan MANZAMBI,9616.4,3358.7,3851.8,1624.1,534.2,247.7,140.0,43.0,33.9,51
Switzerland,10,Granit XHAKA,10920.4,3757.9,4692.6,1937.6,482.2,50.1,157.0,30.0,27.2,51
Switzerland,13,Ricardo RODRIGUEZ,9738.0,4444.7,3774.0,993.1,448.3,78.0,87.0,37.0,27.5,51
Switzerland,15,Djibril SOW,9266.3,2628.9,4233.9,1612.2,607.1,184.2,139.0,46.0,31.7,51
Switzerland,17,Ruben VARGAS,8115.2,3798.8,2461.6,982.7,503.7,368.5,84.0,50.0,34.3,51
Switzerland,25,Luca JAQUEZ,8302.7,3012.4,3737.9,949.2,387.3,216.0,84.0,32.0,33.6,51
Switzerland,3,Silvan WIDMER,2335.4,897.8,862.5,431.9,112.2,30.9,35.0,10.0,27.1,51
Switzerland,11,Dan NDOYE,2053.9,651.9,844.4,350.6,162.6,44.5,31.0,15.0,27.8,51
Switzerland,16,Christian FASSNACHT,1743.8,447.9,649.6,382.2,192.5,71.6,31.0,14.0,31.7,51
Switzerland,20,Michel AEBISCHER,2903.7,1021.0,943.9,579.8,270.4,88.6,51.0,22.0,31.3,51
Switzerland,26,Cedric ITTEN,1632.0,454.1,767.2,279.9,121.4,9.6,22.0,11.0,27.7,51
Canada,16,Maxime CREPEAU,5466.1,3933.0,1337.4,166.8,28.9,18.0,3.0,23.7,2.0,51
Canada,4,Luc DE FOUGEROLLES,10822.7,3457.9,5014.0,1510.0,580.3,260.5,132.0,47.0,32.8,51
Canada,6,Mathieu CHOINIERE,7597.4,2013.8,3535.1,1376.9,575.8,95.8,132.0,43.0,27.1,51
Canada,9,Cyle LARIN,6190.4,2446.8,2465.3,690.6,375.5,212.2,65.0,34.0,31.8,51
Canada,10,Jonathan DAVID,11267.6,3838.2,4884.0,1670.4,693.4,181.6,160.0,54.0,31.6,51
Canada,13,Derek CORNELIUS,9757.9,3755.4,4079.7,1256.6,506.9,159.4,102.0,37.0,29.9,51
Canada,17,Tajon BUCHANAN,8621.1,2876.7,3746.8,1393.3,416.0,188.3,115.0,37.0,30.8,51
Canada,20,Ali AHMED,7232.7,2477.0,2874.8,994.7,601.6,284.5,84.0,49.0,32.3,51
Canada,22,Richie LARYEA,8402.2,3349.9,3145.3,912.0,581.5,413.6,82.0,48.0,35.2,51
Canada,25,Nathan SALIBA,11498.9,3569.1,4485.7,2327.3,926.7,190.1,192.0,69.0,32.3,51
Canada,7,Stephen EUSTAQUIO,4815.2,1385.1,1941.2,1256.3,206.0,26.6,79.0,12.0,26.9,51
Canada,11,Liam MILLAR,4328.5,1564.6,1742.2,604.2,229.0,188.6,51.0,19.0,32.0,51
Canada,12,Tani OLUWASEYI,3749.9,1410.7,1467.4,529.8,239.9,102.1,42.0,22.0,33.7,51
Canada,14,Jacob SHAFFELBURG,1952.7,529.0,752.3,361.2,239.8,70.4,27.0,17.0,29.5,51
Canada,24,Promise DAVID,2194.3,986.8,770.2,279.8,126.6,30.9,21.0,10.0,30.1,51
Bosnia and Herzegovina,1,Nikola VASILJ,5864.3,4343.1,1414.5,93.3,13.5,9.0,1.0,22.4,5.0,52
Bosnia and Herzegovina,10,Ermedin DEMIROVIC,10399.5,4260.0,4219.8,1065.0,535.5,319.2,88.0,44.0,32.5,52
Bosnia and Herzegovina,11,Edin DZEKO,6607.3,3389.4,2194.9,688.5,259.9,74.6,58.0,19.0,30.1,52
Bosnia and Herzegovina,13,Ivan BASIC,11488.1,3542.0,5800.5,1753.3,345.4,46.9,144.0,24.0,27.8,52
Bosnia and Herzegovina,14,Ivan SUNJIC,6148.7,1796.0,3039.6,899.9,333.5,79.8,81.0,24.0,31.2,52
Bosnia and Herzegovina,18,Nikola KATIC,7248.9,2841.5,3025.2,828.8,414.2,139.1,64.0,26.0,30.4,52
Bosnia and Herzegovina,19,Kerim ALAJBEGOVIC,9035.5,3833.8,3637.8,1068.8,374.2,120.9,89.0,35.0,30.8,52
Bosnia and Herzegovina,20,Esmir BAJRAKTAREVIC,11056.8,3925.4,4807.0,1302.6,707.1,314.7,122.0,57.0,34.4,52
Bosnia and Herzegovina,21,Stjepan RADELJIC,9901.9,4051.7,4227.8,1142.6,418.6,61.3,107.0,27.0,28.9,52
Bosnia and Herzegovina,24,Arjan MALIC,5499.0,2003.1,2275.9,693.8,343.1,183.1,58.0,30.0,32.3,52
Bosnia and Herzegovina,3,Dennis HADZIKADUNIC,3338.8,1331.0,1492.9,353.8,114.9,46.3,32.0,11.0,28.3,52
Bosnia and Herzegovina,6,Benjamin TAHIROVIC,5809.0,1989.3,2409.4,960.8,336.2,113.4,74.0,24.0,30.9,52
Bosnia and Herzegovina,15,Amar MEMIC,5330.0,2136.5,1957.2,615.6,394.1,226.7,54.0,32.0,31.7,52
Bosnia and Herzegovina,17,Dzenis BURNIC,1721.5,633.1,749.9,216.3,101.5,20.7,22.0,8.0,28.4,52
Bosnia and Herzegovina,26,Ermin MAHMIC,4063.9,1282.4,1574.7,777.5,286.7,142.6,57.0,23.0,30.3,52
Qatar,2,PEDRO MIGUEL,9086.9,4302.0,3395.4,878.8,397.6,113.1,84.0,32.0,33.4,52
Qatar,4,ISSA LAYE,9493.9,3649.6,4328.7,1214.7,229.2,71.8,110.0,21.0,32.5,52
Qatar,5,JASSEM GABER,5748.8,1743.0,2759.4,915.1,318.9,12.5,87.0,23.0,25.4,52
Qatar,8,EDMILSON JUNIOR,8695.0,3526.6,3204.9,1176.4,543.9,243.2,100.0,40.0,32.7,52
Qatar,10,HASSAN ALHAYDOS,7187.2,2147.8,3278.7,1329.2,390.8,40.7,130.0,35.0,30.8,52
Qatar,11,AKRAM AFIF,8775.7,4375.2,2780.5,774.8,562.0,283.1,65.0,44.0,32.8,52
Qatar,12,KARIM BOUDIAF,8768.3,2878.6,3957.3,1619.9,245.8,66.7,133.0,18.0,28.1,52
Qatar,16,BOUALEM KHOUKHI,8953.9,4028.8,3456.4,1104.7,253.4,110.6,89.0,27.0,31.6,52
Qatar,18,SULTAN ALBRAKE,11058.4,3961.5,4565.9,1527.9,753.4,249.9,135.0,53.0,31.8,52
Qatar,20,AHMED FATHY,9782.4,3069.2,3922.4,2171.0,510.7,109.1,172.0,38.0,29.5,52
Qatar,6,ABDULAZIZ HATEM,5827.0,1789.8,2586.5,995.1,424.4,31.1,86.0,28.0,27.1,52
Qatar,7,AHMED ALAAELDIN,1839.7,626.5,783.8,253.1,136.4,40.0,22.0,12.0,27.3,52
Qatar,17,AHMED ALGANEHI,4200.6,1663.7,1448.2,609.1,340.5,139.1,51.0,24.0,30.0,52
Qatar,19,ALMOEZ ALI,2859.0,1029.2,1271.6,400.3,140.8,17.2,38.0,11.0,26.6,52
Scotland,1,Angus GUNN,5665.9,4471.7,1133.3,44.1,16.7,4.0,2.0,23.3,3.0,53
Scotland,4,Scott McTOMINAY,11659.9,4038.3,5640.0,1433.2,442.1,106.3,122.0,33.0,29.7,53
Scotland,7,John McGINN,9718.4,4373.9,3888.9,1102.7,329.5,23.3,103.0,26.0,27.6,53
Scotland,13,Jack HENDRY,9909.2,4391.7,3813.1,1069.1,404.5,230.8,99.0,36.0,33.6,53
Scotland,17,Ben GANNON-DOAK,8530.2,3720.1,3341.1,800.7,415.4,253.0,70.0,32.0,34.3,53
Scotland,19,Lewis FERGUSON,12044.0,3370.8,6402.2,1655.1,496.3,119.5,140.0,32.0,29.5,53
Scotland,20,Lawrence SHANKLAND,10809.1,3903.9,5028.8,1370.7,420.9,84.8,122.0,32.0,28.1,53
Scotland,22,Nathan PATTERSON,8683.4,3826.7,3330.3,978.1,376.5,171.8,89.0,32.0,30.3,53
Scotland,23,Kenny McLEAN,11050.9,4020.1,5111.6,1295.3,526.6,97.2,115.0,33.0,29.2,53
Scotland,26,Scott McKENNA,9598.7,4170.8,4397.6,695.2,231.3,103.9,63.0,17.0,30.0,53
Scotland,6,Kieran TIERNEY,5462.9,2173.7,2267.1,610.1,246.0,165.9,51.0,26.0,32.6,53
Scotland,10,Che ADAMS,703.1,154.8,312.0,162.7,69.6,4.0,16.0,4.0,25.6,53
Scotland,11,Ryan CHRISTIE,1943.6,481.4,883.7,437.7,82.8,58.0,29.0,7.0,31.4,53
Scotland,24,Anthony RALSTON,1776.7,576.4,849.8,234.4,75.6,40.4,17.0,6.0,27.6,53
Scotland,25,Findlay CURTIS,811.2,204.2,342.1,162.4,29.3,73.1,11.0,4.0,33.8,53
Brazil,3,GABRIEL MAGALHAES,10010.8,4427.3,4322.6,910.4,285.9,64.5,85.0,21.0,31.2,53
Brazil,4,MARQUINHOS,9397.6,4167.3,4136.7,885.2,146.7,61.7,71.0,12.0,27.9,53
Brazil,5,CASEMIRO,7829.9,2593.0,4147.1,763.3,232.6,93.9,66.0,20.0,29.3,53
Brazil,7,VINICIUS JUNIOR,10096.1,5019.4,2833.1,1105.4,671.5,466.8,106.0,57.0,33.4,53
Brazil,8,BRUNO GUIMARAES,12194.6,4232.5,5729.3,1835.4,350.4,47.0,155.0,29.0,28.9,53
Brazil,9,MATHEUS CUNHA,8303.4,3740.5,2982.6,1176.3,304.0,100.0,96.0,31.0,30.7,53
Brazil,13,DANILO,9662.4,4217.6,3421.1,1113.9,555.5,354.3,102.0,43.0,34.2,53
Brazil,16,DOUGLAS SANTOS,8964.2,3169.1,4357.7,942.6,294.0,200.7,87.0,22.0,29.3,53
Brazil,20,LUCAS PAQUETA,7650.5,3120.2,3242.6,872.0,345.7,70.0,81.0,27.0,28.8,53
Brazil,26,RAYAN,8845.5,3628.8,3459.1,1088.8,449.9,218.8,92.0,38.0,33.2,53
Brazil,6,ALEX SANDRO,1822.5,511.2,837.5,344.3,114.8,14.6,31.0,8.0,26.6,53
Brazil,10,NEYMAR JR,2431.0,732.8,1161.7,379.9,141.2,15.4,33.0,8.0,26.4,53
Brazil,17,FABINHO,3200.6,1232.6,1497.5,373.5,88.2,8.9,36.0,8.0,27.4,53
Brazil,19,ENDRICK,1569.0,701.0,463.9,187.5,92.9,123.8,13.0,9.0,33.9,53
Brazil,22,GABRIEL MARTINELLI,3404.7,1220.5,1464.4,437.6,129.1,153.1,36.0,11.0,34.1,53
Morocco,2,Achraf HAKIMI,10159.9,4171.7,3672.1,1327.9,578.1,410.1,111.0,51.0,34.4,54
Morocco,4,Sofyan AMRABAT,11049.0,3773.6,4753.4,1768.0,558.1,195.9,164.0,48.0,32.4,54
Morocco,10,Brahim DIAZ,7824.6,2894.5,3119.5,1139.2,501.1,170.4,102.0,34.0,32.4,54
Morocco,11,Ismael SAIBARI,8566.0,2441.9,3436.1,1340.3,991.8,355.9,121.0,75.0,32.5,54
Morocco,18,Chadi RIAD,10075.5,4265.0,4285.2,1097.3,372.4,55.6,102.0,29.0,32.2,54
Morocco,20,Ayoub EL KAABI,8709.8,2652.8,3801.8,1307.1,658.1,290.0,108.0,59.0,32.3,54
Morocco,23,Bilal EL KHANNOUSS,10803.3,4927.4,3366.2,1427.4,795.2,287.1,124.0,58.0,30.1,54
Morocco,24,Neil EL AYNAOUI,10295.1,2923.8,4454.1,1839.5,691.8,385.9,142.0,54.0,34.1,54
Morocco,25,Redouane HALHAL,9908.1,4158.0,4119.8,1056.0,390.7,183.5,85.0,32.0,32.8,54
Morocco,26,Anass SALAH EDDINE,8458.6,3421.4,3431.5,983.4,380.4,241.9,84.0,32.0,32.4,54
Morocco,3,Noussair MAZRAOUI,1298.7,521.2,567.6,155.5,54.4,11.0,4.0,23.8,8.0,54
Morocco,9,Soufiane RAHIMI,3005.4,1149.3,1009.6,471.4,283.1,92.0,40.0,20.0,29.8,54
Morocco,15,Samir EL MOURABET,1477.3,494.5,564.6,303.1,93.7,21.5,24.0,7.0,27.2,54
Morocco,16,Gessime YASSINE,2611.7,970.3,1044.9,319.3,256.1,21.1,23.0,15.0,26.2,54
Haiti,1,Johny PLACIDE,4672.6,3748.7,808.0,102.7,13.3,9.0,2.0,23.6,4.0,54
Haiti,5,Hannes DELCROIX,9850.7,3791.1,4411.2,1132.3,353.9,162.1,96.0,28.0,31.9,54
Haiti,8,Martin EXPERIENCE,10766.6,3657.6,4555.9,1473.3,654.6,425.2,123.0,58.0,31.7,54
Haiti,10,Jean-Ricner BELLEGARDE,11093.2,3813.5,5022.1,1639.5,498.9,119.2,141.0,40.0,31.7,54
Haiti,15,Ruben PROVIDENCE,7588.2,2734.2,2959.8,1146.3,546.4,201.5,105.0,37.0,33.9,54
Haiti,16,Lenny JOSEPH,8006.8,3526.9,3014.7,877.0,436.1,152.0,74.0,35.0,32.2,54
Haiti,17,Danley JEAN JACQUES,9303.4,3169.9,3818.0,1537.9,560.7,216.9,121.0,40.0,32.2,54
Haiti,18,Wilson ISIDOR,8306.5,3103.2,3208.1,1270.8,484.9,239.5,114.0,41.0,33.7,54
Haiti,21,Josue CASIMIR,9905.5,4278.7,3346.2,1329.4,666.9,284.4,124.0,46.0,33.5,54
Haiti,22,Jean-Kevin DUVERNE,8789.6,3475.3,3395.1,1129.2,537.2,252.7,102.0,39.0,33.5,54
Haiti,2,Carlens ARCUS,1676.5,621.7,518.4,237.2,209.7,89.6,24.0,12.0,30.2,54
Haiti,9,Duckens NAZON,2597.1,1243.3,929.3,308.0,65.6,50.8,27.0,8.0,27.7,54
Haiti,11,Louicius DEEDSON,2617.0,1126.1,861.2,334.3,175.8,119.7,28.0,15.0,31.4,54
Haiti,20,Frantzdy PIERROT,1239.7,383.2,675.3,102.4,69.4,9.4,12.0,3.0,26.4,54
Haiti,25,Dominique SIMON,1780.0,539.6,650.7,449.4,125.9,14.4,35.0,7.0,26.0,54
Türkiye,23,Ugurcan CAKIR,5316.2,4116.5,1095.1,99.4,5.3,11.0,1.0,20.8,2.0,55
Türkiye,5,Salih OZCAN,11220.7,3656.8,5063.7,1676.5,675.6,148.0,142.0,48.0,28.6,55
Türkiye,6,Orkun KOKCU,10163.0,3658.4,4566.8,1326.9,405.5,205.4,108.0,31.0,31.3,55
Türkiye,8,Arda GULER,10838.7,4131.0,4420.8,1608.9,528.2,149.9,139.0,39.0,29.2,55
Türkiye,11,Kenan YILDIZ,9355.2,3546.4,3986.2,1113.6,499.5,209.4,94.0,36.0,30.8,55
Türkiye,13,Eren ELMALI,11118.6,4648.6,4206.8,1311.1,521.9,430.2,100.0,47.0,34.8,55
Türkiye,14,Abdulkerim BARDAKCI,10542.8,4358.9,4477.5,1130.4,391.5,184.5,93.0,34.0,31.0,55
Türkiye,15,Ozan KABAK,10366.3,4270.4,4395.8,1145.1,431.9,123.1,100.0,33.0,30.8,55
Türkiye,21,Baris Alper YILMAZ,9869.2,3701.9,4029.2,1111.2,620.8,406.1,101.0,53.0,34.6,55
Türkiye,24,Oguz AYDIN,10321.8,3796.3,4127.6,1241.7,753.5,402.8,103.0,55.0,34.5,55
Türkiye,4,Caglar SOYUNCU,1394.5,704.1,553.0,105.0,32.3,9.0,3.0,24.2,17.0,55
Türkiye,18,Mert MULDUR,1031.4,316.7,417.1,163.9,77.6,56.1,12.0,7.0,27.5,55
Türkiye,22,Kaan AYHAN,1239.0,418.8,468.4,177.1,97.9,77.0,13.0,7.0,30.6,55
USA,1,Matt TURNER,5939.1,4187.0,1514.2,211.5,15.0,11.4,20.0,2.0,28.3,55
USA,6,Auston TRUSTY,11088.0,3421.5,5530.4,1378.0,495.2,262.9,122.0,37.0,31.9,55
USA,7,Giovanni REYNA,9909.8,2849.8,4579.7,1845.5,585.9,48.9,159.0,40.0,27.3,55
USA,8,Weston McKENNIE,10855.3,3491.9,4501.2,1829.4,693.1,339.7,158.0,43.0,31.3,55
USA,9,Ricardo PEPI,11622.7,3746.8,4820.6,2132.1,666.8,256.4,155.0,52.0,31.4,55
USA,11,Brenden AARONSON,10271.7,3130.7,4282.5,1566.5,826.6,465.3,127.0,70.0,32.4,55
USA,12,Miles ROBINSON,11909.0,3704.7,5705.2,1651.2,582.8,265.1,134.0,43.0,34.3,55
USA,14,Sebastian BERHALTER,12799.1,3470.8,5811.4,2614.5,774.9,127.5,212.0,46.0,30.7,55
USA,21,Timothy WEAH,7559.4,2306.4,2917.7,1491.8,655.0,188.4,116.0,50.0,31.1,55
USA,22,Mark McKENZIE,11338.0,3953.1,4729.0,1704.6,710.3,241.0,148.0,50.0,33.0,55
USA,23,Joe SCALLY,9540.0,2992.4,4103.0,1432.4,634.8,377.4,137.0,46.0,31.8,55
USA,2,Sergino DEST,2819.4,740.2,1206.5,533.2,202.5,136.9,40.0,18.0,32.9,55
USA,10,Christian PULISIC,4955.8,1594.5,2183.4,738.5,287.8,151.5,67.0,24.0,32.4,55
USA,16,Alex FREEMAN,2513.3,745.8,1180.0,323.1,167.4,96.9,30.0,11.0,29.8,55
USA,17,Malik TILLMAN,1432.0,402.0,636.8,295.7,77.0,20.5,22.0,4.0,26.8,55
USA,26,Alex ZENDEJAS,3064.7,655.7,1416.2,654.9,287.6,50.4,53.0,20.0,27.9,55
Paraguay,2,Gustavo VELAZQUEZ,8933.4,4111.0,3758.1,749.3,264.8,50.2,70.0,19.0,28.4,56
Paraguay,3,Omar ALDERETE,8292.0,3760.9,3229.7,895.6,324.1,81.7,89.0,29.0,32.1,56
Paraguay,4,Juan Jose CACERES,10661.4,3979.9,4426.9,1651.4,453.2,150.0,147.0,35.0,32.3,56
Paraguay,8,Diego GOMEZ,11147.4,3923.8,4467.8,1787.6,762.2,206.1,150.0,59.0,32.7,56
Paraguay,14,Andres CUBAS,11613.0,3411.0,5704.8,1890.9,476.3,129.9,166.0,40.0,29.8,56
Paraguay,15,Gustavo GOMEZ,9012.6,4471.3,3429.8,768.2,227.7,115.6,76.0,18.0,32.3,56
Paraguay,19,Julio ENCISO,10611.2,3511.7,4491.7,1467.0,732.3,408.6,124.0,61.0,31.2,56
Paraguay,21,Gabriel AVALOS,7969.4,2939.1,3556.9,1033.5,344.2,95.8,80.0,32.0,29.6,56
Paraguay,23,Matias GALARZA,11215.7,3747.6,4554.9,1776.3,877.0,259.9,154.0,66.0,29.9,56
Paraguay,26,Alexandro MAIDANA,6055.9,1820.8,2912.3,779.9,373.8,169.1,71.0,25.0,30.6,56
Paraguay,6,Junior ALONSO,466.9,142.6,211.9,86.4,26.1,8.0,2.0,23.7,11.0,56
Paraguay,16,Damian BOBADILLA,578.2,165.1,224.8,125.1,60.0,3.1,10.0,5.0,25.4,56
Paraguay,18,Alex ARCE,3357.5,948.4,1354.4,715.2,255.2,84.2,55.0,19.0,29.6,56
Australia,3,Alessandro CIRCATI,10438.4,3677.7,5002.8,1202.3,434.6,121.0,104.0,36.0,30.1,56
Australia,5,Jordan BOS,11271.9,3676.0,4820.4,1598.1,801.7,375.6,126.0,67.0,31.1,56
Australia,8,Connor METCALFE,11004.7,3717.1,4675.3,1742.9,610.5,258.8,143.0,52.0,30.9,56
Australia,13,Aiden ONEILL,12028.9,3401.2,5870.0,2150.5,508.9,98.2,155.0,45.0,30.2,56
Australia,16,Aziz BEHICH,11262.1,3688.8,4872.6,1912.8,650.8,137.2,170.0,47.0,32.0,56
Australia,17,Nestory IRANKUNDA,8985.9,3270.5,3908.6,965.7,493.6,347.5,87.0,45.0,35.1,56
Australia,19,Harry SOUTTAR,10153.3,3964.4,4914.4,1042.9,201.8,29.8,92.0,17.0,26.0,56
Australia,20,Cristian VOLPATO,7755.8,2450.8,3368.5,1303.3,524.8,108.4,130.0,35.0,29.7,56
Australia,22,Jackson IRVINE,11156.4,2970.7,5387.9,2061.3,616.1,120.5,170.0,48.0,29.9,56
Australia,25,Lucas HERRINGTON,10025.0,3455.7,5276.9,1013.2,258.4,20.8,96.0,19.0,27.2,56
Australia,10,Ajdin HRUSTIC,4673.2,1357.3,1961.1,878.6,347.5,128.7,82.0,29.0,29.0,56
Australia,24,Paul OKON-ENGSTLER,1489.8,359.9,725.2,296.3,108.4,29.0,7.0,23.4,26.0,56
Ecuador,3,Piero HINCAPIE,8243.2,2796.9,3366.4,1191.4,595.5,293.1,76.0,47.0,31.6,57
Ecuador,4,Joel ORDONEZ,9575.4,4176.6,3817.2,1047.8,485.2,48.6,95.0,35.0,27.7,57
Ecuador,6,Willian PACHO,9068.4,4631.7,3124.3,788.0,329.2,195.2,74.0,28.0,32.5,57
Ecuador,9,John YEBOAH,8458.4,3299.3,3099.3,1135.5,627.2,297.2,116.0,53.0,33.9,57
Ecuador,13,Enner VALENCIA,6962.7,2783.3,3192.1,563.2,321.1,103.0,51.0,22.0,31.3,57
Ecuador,15,Pedro VITE,10972.3,3940.4,4326.1,1887.0,691.9,127.0,155.0,48.0,28.6,57
Ecuador,19,Gonzalo PLATA,11449.5,3860.6,5180.6,1431.5,695.1,281.8,128.0,54.0,30.1,57
Ecuador,20,Nilson ANGULO,9517.8,3771.8,3577.0,1243.8,621.1,304.1,99.0,49.0,33.0,57
Ecuador,21,Alan FRANCO,7166.8,2885.2,2854.4,855.4,432.4,139.4,78.0,36.0,31.2,57
Ecuador,23,Moises CAICEDO,11068.8,3839.7,4953.5,1584.5,536.6,154.5,136.0,39.0,30.5,57
Ecuador,7,Pervis ESTUPINAN,2912.7,1019.5,1115.1,553.8,184.0,40.3,47.0,14.0,27.0,57
Ecuador,11,Kevin RODRIGUEZ,3638.4,1276.5,1354.1,610.4,282.4,114.9,44.0,26.0,32.5,57
Ecuador,16,Jordy CAICEDO,1531.0,510.1,673.1,267.1,67.3,13.4,21.0,8.0,26.7,57
Ecuador,17,Angelo PRECIADO,3528.7,1367.9,1397.1,448.9,190.2,124.5,43.0,15.0,31.4,57
Germany,1,Manuel NEUER,5766.4,4338.3,1223.7,184.0,20.4,18.0,1.0,21.1,2.0,57
Germany,4,Jonathan TAH,9949.7,3992.4,4495.6,932.3,353.7,175.7,86.0,26.0,31.2,57
Germany,5,Aleksandar PAVLOVIC,6203.6,1697.7,2843.7,1188.4,395.1,78.7,101.0,30.0,30.9,57
Germany,6,Joshua KIMMICH,7128.5,2450.9,3294.6,940.5,317.8,124.6,77.0,23.0,31.2,57
Germany,7,Kai HAVERTZ,7524.6,2487.6,2939.0,1281.8,549.1,267.0,105.0,36.0,30.7,57
Germany,10,Jamal MUSIALA,10651.0,3906.2,4474.7,1450.3,651.4,168.3,128.0,48.0,30.8,57
Germany,17,Florian WIRTZ,8697.2,2854.2,3567.3,1306.6,695.0,274.2,127.0,56.0,31.5,57
Germany,19,Leroy SANE,10442.6,3888.7,3660.3,1704.9,759.9,428.9,129.0,60.0,33.5,57
Germany,22,David RAUM,10779.8,4048.8,3721.4,1838.8,739.9,430.9,153.0,58.0,33.7,57
Germany,23,Felix NMECHA,7542.2,2835.4,3029.3,1173.8,410.9,92.7,110.0,29.0,28.4,57
Germany,13,Pascal GROSS,3218.5,759.9,1491.6,696.1,239.1,31.8,58.0,15.0,30.7,57
Germany,14,Maximilian BEIER,3573.9,1059.7,1611.4,521.5,203.4,177.9,46.0,16.0,32.7,57
Germany,16,Angelo STILLER,5947.3,1701.6,2886.2,1050.2,255.4,53.9,85.0,18.0,26.6,57
Germany,24,Malick THIAW,3878.9,1207.5,1830.4,612.8,204.7,23.5,51.0,15.0,26.5,57
Germany,26,Deniz UNDAV,3667.3,1368.7,1532.8,534.1,190.9,40.7,46.0,14.0,26.4,57
Curaçao,3,Jurien GAARI,7780.7,3206.9,3174.8,883.3,363.0,152.8,66.0,35.0,31.8,58
Curaçao,5,Sherel FLORANUS,10014.0,3867.4,4194.6,1173.5,460.5,317.9,103.0,37.0,32.5,58
Curaçao,7,Juninho BACUNA,10368.4,4169.4,3800.5,1369.8,655.9,372.8,111.0,53.0,32.1,58
Curaçao,8,Livano COMENENCIA,7840.7,2419.0,3817.7,1069.7,423.7,110.5,96.0,29.0,30.3,58
Curaçao,9,Juergen LOCADIA,8750.1,3451.8,3876.7,851.7,464.8,105.0,76.0,30.0,28.8,58
Curaçao,10,Leandro BACUNA,9825.6,3808.2,4303.8,1161.8,398.3,153.5,108.0,30.0,30.6,58
Curaçao,18,Armando OBISPO,9386.0,4240.2,3887.5,862.8,304.5,91.0,70.0,29.0,29.0,58
Curaçao,20,Joshua BRENET,8989.2,3770.8,3470.7,1047.4,523.2,177.2,92.0,43.0,32.5,58
Curaçao,21,Tahith CHONG,10178.2,4855.9,3182.2,1319.6,510.0,310.5,118.0,43.0,34.0,58
Curaçao,24,Deveron FONVILLE,7607.6,3459.6,2758.1,805.0,407.7,177.1,72.0,37.0,31.7,58
Curaçao,2,Shurandy SAMBO,726.3,288.2,270.9,112.6,54.7,9.0,4.0,24.9,11.0,58
Curaçao,13,Tyrese NOSLIN,2453.1,713.8,891.3,479.2,281.9,86.9,42.0,19.0,30.7,58
Curaçao,17,Brandley KUWAS,839.6,282.8,282.1,158.3,101.5,14.9,16.0,7.0,29.2,58
Curaçao,19,Gervane KASTANEER,1961.0,818.9,737.6,288.4,87.8,28.4,21.0,7.0,27.6,58
Côte d'Ivoire,1,Yahia FOFANA,4602.2,3739.2,828.9,19.2,9.7,5.2,1.0,1.0,26.2,58
Côte d'Ivoire,2,Ousmane DIOMANDE,8979.4,3981.9,3867.9,770.8,279.0,79.8,75.0,24.0,29.9,58
Côte d'Ivoire,7,Odilon KOSSOUNOU,9462.5,4037.0,3960.8,891.7,397.3,175.6,81.0,28.0,30.4,58
Côte d'Ivoire,8,Franck KESSIE,9049.5,3154.0,4159.0,1060.1,474.8,201.7,99.0,31.0,30.9,58
Côte d'Ivoire,9,Ange-Yoan BONNY,7249.0,3037.0,2971.8,775.1,351.7,113.5,73.0,30.0,29.6,58
Côte d'Ivoire,11,Yan DIOMANDE,6781.0,2854.1,2548.3,827.1,324.2,227.3,70.0,29.0,34.6,58
Côte d'Ivoire,13,Christopher OPERI,10698.4,3795.7,4588.1,1469.0,657.0,188.6,142.0,55.0,30.8,58
Côte d'Ivoire,15,Amad DIALLO,4963.7,2096.6,1880.7,564.3,268.0,154.0,52.0,20.0,33.3,58
Côte d'Ivoire,17,Guela DOUE,10468.4,3982.3,4108.4,1203.9,767.4,406.3,109.0,58.0,33.8,58
Côte d'Ivoire,18,Ibrahim SANGARE,11136.6,4168.6,4910.9,1464.3,481.0,111.8,131.0,36.0,31.3,58
Côte d'Ivoire,19,Nicolas PEPE,6852.6,3024.5,2285.3,844.0,458.7,240.1,73.0,41.0,33.7,58
Côte d'Ivoire,4,Jean Michael SERI,2281.4,648.2,1194.5,314.4,97.6,26.7,28.0,7.0,27.2,58
Côte d'Ivoire,12,Elye WAHI,2826.7,1105.4,963.9,432.7,208.8,115.9,37.0,19.0,29.5,58
Côte d'Ivoire,14,Oumar DIAKITE,2889.6,1147.9,1198.8,260.1,118.8,164.0,24.0,11.0,32.1,58
Côte d'Ivoire,24,Bazoumana TOURE,3173.4,976.9,1227.6,617.7,213.2,138.0,40.0,18.0,30.4,58
Côte d'Ivoire,26,Christ Inao OULAI,5009.2,1849.3,2311.2,623.0,200.8,24.9,58.0,17.0,26.4,58
Tunisia,2,Ali ABDI,10148.8,3941.2,4069.6,1348.3,634.1,155.5,127.0,45.0,32.3,59
Tunisia,3,Montassar TALBI,10017.6,3828.0,4697.0,1138.1,262.0,92.5,100.0,22.0,30.6,59
Tunisia,9,Hazem MASTOURI,10041.1,3896.7,4212.0,1235.7,460.8,235.9,106.0,39.0,34.8,59
Tunisia,10,Hannibal MEJBRI,10564.8,3689.3,4362.4,1742.0,546.2,225.0,149.0,40.0,31.3,59
Tunisia,11,Ismael GHARBI,8956.1,2699.5,4317.9,1139.0,573.3,226.4,101.0,34.0,31.0,59
Tunisia,13,Rani KHEDIRA,8220.1,2442.3,4466.3,1075.5,189.1,46.9,93.0,16.0,28.1,59
Tunisia,17,Ellyes SKHIRI,9836.9,3988.3,4667.9,878.7,240.8,61.3,77.0,22.0,31.2,59
Tunisia,20,Yan VALERY,10665.4,3799.2,4649.1,1145.4,658.2,413.5,94.0,43.0,33.1,59
Tunisia,21,Mohamed Amine BEN HMIDA,7296.2,2986.0,3463.9,551.3,203.1,92.0,46.0,20.0,33.8,59
Tunisia,25,Anis SLIMANE,8605.8,2324.1,4333.6,1246.0,504.8,197.3,123.0,36.0,30.3,59
Tunisia,7,Elias ACHOURI,3016.1,1268.5,1033.2,442.3,197.3,74.8,33.0,17.0,30.3,59
Tunisia,12,Mortadha BEN OUANES,3379.0,868.8,1659.0,580.5,196.6,74.2,38.0,18.0,28.6,59
Tunisia,15,Mohamed HADJ MAHMOUD,3364.0,1043.6,1530.7,445.8,224.0,119.9,37.0,18.0,29.8,59
Tunisia,19,Firas CHAOUAT,2418.8,750.6,1061.4,324.4,161.1,121.4,25.0,13.0,34.4,59
Tunisia,26,Sebastian TOUNEKTI,754.4,201.3,361.0,105.8,59.3,27.1,9.0,6.0,29.0,59
Netherlands,1,Bart VERBRUGGEN,4979.2,3930.6,957.7,79.8,11.1,7.0,1.0,22.0,4.0,59
Netherlands,5,Nathan AKE,10048.0,3728.9,4782.1,911.7,411.8,213.5,77.0,30.0,32.6,59
Netherlands,6,Jan Paul VAN HECKE,10207.2,3888.5,4621.0,1152.8,425.0,119.9,107.0,29.0,30.9,59
Netherlands,8,Ryan GRAVENBERCH,9701.6,3936.3,4038.7,1164.7,431.2,130.7,110.0,35.0,29.5,59
Netherlands,11,Cody GAKPO,9153.0,3426.0,3695.9,1107.4,679.7,243.9,106.0,51.0,29.6,59
Netherlands,14,Tijjani REIJNDERS,8309.0,2791.9,3601.0,1176.6,602.2,137.3,95.0,39.0,28.6,59
Netherlands,18,Donyell MALEN,7515.2,3042.2,3168.1,826.3,353.3,125.3,70.0,29.0,30.2,59
Netherlands,19,Brian BROBBEY,7519.8,3381.3,2878.2,826.8,309.7,123.8,67.0,24.0,33.6,59
Netherlands,21,Frenkie DE JONG,8027.8,2812.1,3780.9,1104.6,271.1,59.1,84.0,22.0,30.1,59
Netherlands,22,Denzel DUMFRIES,10286.3,3931.3,3974.5,1288.7,775.3,316.5,106.0,50.0,32.9,59
Netherlands,7,Justin KLUIVERT,2836.5,830.4,1247.8,499.2,172.0,87.2,44.0,14.0,30.1,59
Netherlands,10,Memphis DEPAY,2207.1,631.6,1005.6,445.7,92.9,31.3,40.0,6.0,29.7,59
Netherlands,17,Noa LANG,1447.2,445.3,620.4,260.2,106.0,15.2,25.0,5.0,26.1,59
Netherlands,20,Teun KOOPMEINERS,2954.1,725.8,1687.0,442.8,84.4,14.1,38.0,5.0,25.6,59
Netherlands,24,Crysencio SUMMERVILLE,2549.1,882.4,1138.3,302.6,157.2,68.6,26.0,16.0,29.2,59
Japan,2,Yukinari SUGAWARA,10593.6,4183.7,4394.0,1330.8,609.2,75.9,114.0,43.0,28.9,60
Japan,4,Kou ITAKURA,3520.8,1463.6,1598.9,341.9,87.4,29.0,29.0,7.0,30.4,60
Japan,7,Ao TANAKA,10149.6,4028.1,4437.8,1264.8,329.8,89.1,111.0,30.0,29.9,60
Japan,10,Ritsu DOAN,8628.5,2749.5,3593.7,1599.1,553.7,132.4,129.0,42.0,30.7,60
Japan,11,Daizen MAEDA,12029.1,4247.8,4396.5,1704.9,1117.9,562.1,146.0,95.0,35.0,60
Japan,13,Keito NAKAMURA,8389.3,3092.2,3438.2,1345.5,457.1,56.3,115.0,40.0,28.4,60
Japan,15,Daichi KAMADA,10691.4,4136.0,4554.5,1461.4,481.1,58.4,133.0,37.0,27.5,60
Japan,18,Ayase UEDA,7638.5,2872.6,3352.4,839.2,407.5,166.9,66.0,32.0,30.5,60
Japan,20,Ayumu SEKO,7843.2,3125.5,3297.3,1041.6,284.7,94.2,89.0,22.0,29.2,60
Japan,21,Hiroki ITO,9452.0,4380.5,3609.4,852.4,389.3,220.4,79.0,36.0,32.9,60
Japan,3,Shogo TANIGUCHI,5742.3,2399.3,2454.6,654.1,184.2,50.0,60.0,18.0,30.4,60
Japan,5,Yuto NAGATOMO,2551.7,896.4,1071.0,384.8,121.2,78.3,38.0,9.0,28.6,60
Japan,14,Junya ITO,2730.8,1056.7,1195.7,276.5,112.6,89.3,23.0,10.0,33.3,60
Japan,16,Tsuyoshi WATANABE,2089.6,818.8,913.5,253.9,79.7,23.7,23.0,6.0,27.7,60
Japan,19,Koki OGAWA,3089.8,1154.2,1336.4,479.7,108.7,10.9,43.0,11.0,25.7,60
Sweden,1,Jacob WIDELL ZETTERSTROM,5413.9,4042.5,1231.0,110.4,30.0,9.0,4.0,23.6,2.0,60
Sweden,3,Victor LINDELOF,9159.8,3387.8,4287.1,1138.2,308.5,38.2,84.0,24.0,28.8,60
Sweden,4,Isak HIEN,3585.2,1291.1,1635.1,396.4,181.8,80.9,34.0,14.0,30.9,60
Sweden,5,Gabriel GUDMUNDSSON,9143.7,3448.1,4237.8,961.5,341.4,154.9,76.0,30.0,33.7,60
Sweden,9,Alexander ISAK,9299.6,4074.4,3456.8,1013.0,580.0,175.5,99.0,46.0,29.7,60
Sweden,11,Anthony ELANGA,10084.1,4694.7,3370.2,1016.0,502.1,501.1,88.0,54.0,34.9,60
Sweden,17,Viktor GYOKERES,10866.2,4610.0,4025.6,1437.8,620.3,172.5,129.0,53.0,34.7,60
Sweden,18,Yasin AYARI,10942.8,3863.5,4852.3,1554.6,512.1,160.3,130.0,40.0,29.0,60
Sweden,21,Alexander BERNHARDSSON,8476.2,3325.4,3668.7,1023.8,353.5,104.8,89.0,29.0,29.8,60
Sweden,24,Elliot STROUD,8810.3,3173.5,3709.5,1230.6,567.1,129.7,102.0,45.0,30.3,60
Sweden,7,Lucas BERGVALL,7566.7,2549.8,3448.1,1118.8,344.4,105.6,98.0,31.0,32.6,60
Sweden,8,Daniel SVENSSON,2559.6,964.8,1023.9,348.5,189.7,32.8,30.0,13.0,27.9,60
Sweden,10,Benjamin NYGREN,1221.1,309.3,553.8,215.1,133.3,9.6,20.0,11.0,27.5,60
Sweden,13,Ken SEMA,2294.5,884.2,989.1,306.6,97.8,16.8,22.0,7.0,27.7,60
Sweden,15,Carl STARFELT,1116.7,382.5,562.5,116.2,48.3,7.2,8.0,3.0,26.3,60
New Zealand,2,Tim PAYNE,7441.3,2721.8,3256.7,1073.4,290.7,98.7,97.0,24.0,33.7,61
New Zealand,4,Tyler BINDON,10804.0,3547.7,5142.3,1318.5,550.5,244.9,116.0,34.0,29.8,61
New Zealand,6,Joe BELL,8554.7,2303.3,4103.3,1618.7,430.2,99.2,133.0,34.0,28.2,61
New Zealand,8,Marko STAMENIC,11141.7,3556.9,4727.3,2003.6,682.9,171.0,157.0,49.0,29.7,61
New Zealand,9,Chris WOOD,10577.3,4129.6,4102.9,1427.6,725.7,191.5,131.0,57.0,30.0,61
New Zealand,10,Sarpreet SINGH,6144.1,1783.5,2820.9,1110.5,375.3,53.8,93.0,30.0,27.9,61
New Zealand,11,Elijah JUST,11959.1,3491.1,5582.9,2017.0,654.8,213.3,169.0,56.0,30.3,61
New Zealand,13,Liberato CACACE,9140.5,3084.1,3853.9,1434.2,575.1,193.2,130.0,44.0,29.7,61
New Zealand,16,Finn SURMAN,10521.1,3833.4,4524.7,1400.1,498.2,264.7,118.0,40.0,32.3,61
New Zealand,23,Ryan THOMAS,6700.0,1792.9,2854.4,1432.7,529.3,90.7,110.0,41.0,29.1,61
New Zealand,3,Francis DE VRIES,1986.0,720.9,780.4,262.5,102.1,120.1,24.0,10.0,32.3,61
New Zealand,5,Michael BOXALL,2884.9,1102.3,1177.6,266.2,150.2,188.6,19.0,12.0,32.9,61
New Zealand,19,Ben OLD,5818.8,1873.2,2244.1,1033.6,456.7,211.2,79.0,32.0,32.2,61
New Zealand,20,Callum McCOWATT,3758.2,1050.8,1612.6,660.6,330.8,103.4,65.0,19.0,27.5,61
New Zealand,21,Jesse RANDALL,5847.2,1792.0,2372.3,896.6,517.2,269.1,76.0,44.0,33.5,61
Belgium,1,Thibaut COURTOIS,5099.0,4043.0,898.8,126.1,21.2,10.0,9.0,2.0,26.5,61
Belgium,3,Arthur THEATE,10534.5,3849.2,5097.6,1207.0,323.4,57.3,94.0,29.0,31.5,61
Belgium,4,Brandon MECHELE,10930.6,3462.8,5182.7,1807.2,404.6,73.3,153.0,30.0,28.4,61
Belgium,5,Maxim DE CUYPER,11590.5,3665.8,5126.0,1668.5,752.9,377.4,136.0,56.0,31.5,61
Belgium,7,Kevin DE BRUYNE,8972.8,3010.1,3723.1,1466.0,574.7,198.8,109.0,42.0,31.7,61
Belgium,8,Youri TIELEMANS,10473.7,2909.4,4984.2,1818.6,575.0,186.5,142.0,43.0,29.8,61
Belgium,10,Leandro TROSSARD,8877.3,2771.7,3846.8,1475.4,572.0,211.5,122.0,50.0,33.2,61
Belgium,11,Jeremy DOKU,6438.5,2874.0,2136.2,989.8,335.4,103.1,89.0,27.0,34.7,61
Belgium,17,Charles DE KETELAERE,9616.7,3510.0,3786.7,1351.3,738.2,230.6,112.0,62.0,31.8,61
Belgium,20,Hans VANAKEN,11686.0,4000.4,4876.0,1876.7,735.0,197.9,161.0,51.0,29.5,61
Belgium,21,Timothy CASTAGNE,12587.3,3667.3,5603.6,2019.9,957.4,339.1,170.0,75.0,32.6,61
Belgium,9,Romelu LUKAKU,1200.9,431.8,460.0,148.8,55.0,105.3,11.0,5.0,30.9,61
Belgium,22,Alexis SAELEMAEKERS,2932.9,892.9,1252.0,403.0,187.4,197.7,31.0,13.0,32.3,61
Belgium,23,Nicolas RASKIN,1415.8,380.0,673.2,215.3,139.5,7.8,19.0,8.0,25.4,61
Belgium,24,Amadou ONANA,2887.8,884.3,1321.5,479.8,146.5,55.6,40.0,11.0,30.4,61
Belgium,26,Matias FERNANDEZ-PARDO,4605.6,1818.1,1561.7,530.1,370.2,325.5,46.0,32.0,34.8,61
Egypt,23,MOSTAFA SHOUBIR,5901.7,4427.6,1340.6,112.1,21.5,12.0,2.0,22.8,3.0,62
Egypt,5,RAMY RABIA,10121.2,3960.1,4392.7,1259.4,415.2,93.8,102.0,36.0,30.5,62
Egypt,6,MOHAMED ABDELMONEIM,1166.9,398.8,517.3,172.3,63.5,15.0,15.0,6.0,27.9,62
Egypt,7,TREZEGUET,11750.3,4444.7,4420.5,1979.4,714.1,191.6,173.0,60.0,32.3,62
Egypt,8,EMAM ASHOUR,5640.0,1973.4,2415.9,782.1,354.5,114.1,65.0,28.0,33.5,62
Egypt,10,MOHAMED SALAH,6644.2,2313.8,3106.2,767.5,315.1,141.7,62.0,31.0,31.4,62
Egypt,11,MOSTAFA ZICO,10235.8,2688.3,4907.8,1870.3,572.1,197.3,153.0,47.0,30.6,62
Egypt,13,AHMED FATOUH,10918.6,3879.0,4681.3,1514.4,699.7,144.2,139.0,53.0,29.3,62
Egypt,17,MOHANAD LASHIN,11396.7,4108.4,4852.2,1705.5,547.7,183.0,152.0,41.0,30.9,62
Egypt,21,MAHMOUD SABER,6447.0,1614.0,3013.6,1387.9,370.6,61.0,122.0,29.0,29.5,62
Egypt,2,YASSER IBRAHIM,8890.2,3421.4,3735.3,1174.0,399.8,159.7,104.0,32.0,33.4,62
Egypt,9,HAMZA ABDELKARIM,2641.9,824.2,1141.5,478.9,146.0,51.4,37.0,10.0,29.4,62
Egypt,19,MARAWAN ATTIA,6165.5,1860.9,2759.1,1110.1,356.4,79.0,94.0,29.0,29.3,62
Egypt,22,OMAR MARMOUSH,5107.7,2309.3,1831.5,448.1,262.1,256.6,38.0,26.0,32.9,62
Egypt,25,ZIZO,4336.6,1359.9,1988.0,568.3,303.2,117.2,46.0,21.0,28.9,62
IR Iran,4,Shoja KHALILZADEH,10071.8,4620.0,3924.6,1007.5,425.8,93.9,83.0,29.0,32.0,62
IR Iran,5,Milad MOHAMMADI,11393.9,4208.6,4456.0,1495.7,936.5,297.1,124.0,67.0,30.7,62
IR Iran,6,Saeid EZATOLAHI,11781.5,3999.1,5601.0,1777.7,394.9,8.8,146.0,21.0,25.8,62
IR Iran,8,Mohammad MOHEBBI,11066.3,3888.7,3704.1,2336.4,902.2,234.9,183.0,61.0,31.3,62
IR Iran,9,Mehdi TAREMI,10851.0,4018.7,4505.6,1354.9,711.9,260.0,120.0,56.0,34.0,62
IR Iran,13,Hossein KANANI,5372.7,2126.3,2446.1,557.2,190.6,52.5,53.0,13.0,28.1,62
IR Iran,14,Saman GHODDOS,8704.3,2401.5,4439.5,1377.9,435.9,49.6,113.0,31.0,28.7,62
IR Iran,19,Ali NEMATI,10837.5,4387.7,4406.6,1362.3,450.6,230.2,125.0,35.0,32.4,62
IR Iran,21,Mohammad GHORBANI,12481.9,3799.0,5706.0,2110.4,763.9,102.5,191.0,53.0,28.1,62
IR Iran,23,Ramin REZAEIAN,11922.0,4089.0,4791.3,1908.0,917.0,216.7,168.0,70.0,31.6,62
IR Iran,2,Saleh HARDANI,5015.5,2238.4,1890.7,557.9,211.0,117.5,55.0,20.0,31.7,62
IR Iran,7,Alireza JAHANBAKHSH,877.2,329.4,332.0,130.6,40.4,44.9,12.0,5.0,29.0,62
IR Iran,20,Shahriyar MOGHANLOO,3624.5,1289.8,1499.6,654.9,144.1,36.2,53.0,11.0,28.9,62
Uruguay,3,Sebastian CACERES,10228.3,4177.1,4109.5,1364.3,412.2,165.2,119.0,34.0,33.0,63
Uruguay,5,Manuel UGARTE,4667.1,1731.6,1981.7,666.6,241.2,46.0,60.0,20.0,29.4,63
Uruguay,6,Rodrigo BENTANCUR,11211.0,4594.7,4308.1,1447.1,636.1,225.0,127.0,54.0,32.6,63
Uruguay,8,Federico VALVERDE,6793.8,2126.7,3154.7,853.1,451.5,207.9,77.0,37.0,34.9,63
Uruguay,9,Darwin NUNEZ,11210.2,4409.9,4152.0,1495.8,731.2,421.3,124.0,58.0,34.8,63
Uruguay,13,Guillermo VARELA,10731.6,4108.2,4483.9,1359.3,565.7,214.5,122.0,40.0,32.8,63
Uruguay,14,Agustin CANOBBIO,11228.2,3769.8,4479.6,1625.7,780.8,572.2,146.0,68.0,33.4,63
Uruguay,16,Mathias OLIVERA,11482.8,4135.9,4802.5,1902.5,551.5,90.4,151.0,41.0,28.4,63
Uruguay,20,Maxi ARAUJO,10319.8,3925.2,3978.2,1422.7,707.7,285.9,119.0,48.0,31.5,63
Uruguay,25,Juan Manuel SANABRIA,7893.0,3111.4,2925.2,1114.2,495.8,246.4,93.0,36.0,32.0,63
Uruguay,1,Sergio ROCHET,3079.4,2053.9,896.5,85.2,27.3,16.5,6.0,3.0,28.2,63
Uruguay,7,Nicolas DE LA CRUZ,6185.9,2048.9,2559.1,1004.4,445.2,128.3,90.0,29.0,29.6,63
Uruguay,18,Brian RODRIGUEZ,2790.6,1094.6,1120.7,354.1,184.5,36.7,34.0,14.0,29.2,63
Uruguay,21,Federico VINAS,3897.5,1863.0,1109.4,559.3,274.5,91.3,38.0,21.0,29.1,63
Spain,23,Unai SIMON,5824.1,4350.7,1116.7,259.9,83.8,13.0,27.0,5.0,25.7,63
Spain,5,Marcos LLORENTE,10177.4,4320.1,3906.9,1143.1,525.7,281.4,101.0,42.0,31.8,63
Spain,6,Mikel MERINO,7811.2,2387.8,3363.6,1620.4,410.3,29.0,137.0,30.0,26.9,63
Spain,14,Aymeric LAPORTE,9482.1,4404.1,3682.8,982.0,355.6,57.6,85.0,25.0,28.3,63
Spain,15,Alex BAENA,7684.1,3141.7,2909.1,1048.2,382.5,202.5,90.0,30.0,33.5,63
Spain,16,RODRI,11840.7,3903.1,5227.4,2013.9,597.3,98.9,168.0,37.0,27.9,63
Spain,19,Lamine YAMAL,7496.2,3679.9,2517.1,804.4,418.0,76.8,71.0,34.0,31.4,63
Spain,20,PEDRI,7637.8,2411.5,3486.1,1301.1,394.2,45.0,111.0,30.0,27.0,63
Spain,21,Mikel OYARZABAL,7459.1,3423.3,2438.2,929.8,472.1,195.8,77.0,41.0,30.1,63
Spain,22,Pau CUBARSI,10275.9,4309.2,4255.5,1198.2,354.6,158.4,108.0,29.0,31.3,63
Spain,24,Marc CUCURELLA,10114.9,4397.6,3971.8,1183.5,343.0,219.1,104.0,32.0,31.1,63
Spain,7,Ferran TORRES,2150.0,995.8,763.3,222.6,109.3,59.0,22.0,11.0,30.6,63
Spain,8,Fabian RUIZ,4086.2,1552.3,1633.7,714.3,126.7,59.1,55.0,12.0,30.1,63
Spain,10,Dani OLMO,3833.6,1274.2,1705.9,624.4,172.5,56.5,56.0,17.0,28.8,63
Spain,11,Yeremy PINO,3173.1,1138.8,1350.3,380.5,219.5,84.0,34.0,14.0,30.7,63
Spain,17,Nico WILLIAMS,2121.9,814.4,933.7,184.5,128.1,61.1,16.0,12.0,31.5,63
Cabo Verde,1,VOZINHA,5170.4,4216.6,848.6,93.2,11.9,11.0,1.0,20.9,3.0,64
Cabo Verde,4,PICO LOPES,10490.4,3798.9,4814.3,1270.8,420.1,186.3,110.0,40.0,30.9,64
Cabo Verde,6,KEVIN PINA,11035.0,3452.5,5284.5,1672.0,546.3,79.8,143.0,45.0,30.1,64
Cabo Verde,8,JOAO PAULO,10229.5,4126.1,4020.1,1231.5,552.0,299.8,104.0,48.0,32.1,64
Cabo Verde,10,JAMIRO MONTEIRO,8440.7,2889.3,3737.7,1139.0,517.1,157.6,105.0,32.0,28.8,64
Cabo Verde,14,DEROY DUARTE,11089.3,3748.1,5180.8,1663.0,370.8,126.6,130.0,30.0,30.9,64
Cabo Verde,17,WILLY SEMEDO,7581.8,2687.6,2978.5,1040.1,622.4,253.3,90.0,48.0,29.8,64
Cabo Verde,19,DAILON LIVRAMENTO,7741.4,2550.9,3646.7,891.3,454.3,198.3,75.0,39.0,34.8,64
Cabo Verde,20,RYAN MENDES,7971.5,2949.6,3059.1,1261.2,524.4,177.1,112.0,44.0,32.0,64
Cabo Verde,24,WAGNER PINA,11150.2,3632.8,4332.9,1593.9,1013.4,577.3,134.0,74.0,32.2,64
Cabo Verde,11,GARRY RODRIGUES,3101.9,888.5,1300.8,545.3,267.7,99.5,49.0,20.0,31.2,64
Cabo Verde,15,LAROS DUARTE,3113.6,853.3,1573.3,447.9,148.6,90.5,42.0,11.0,31.8,64
Cabo Verde,21,NUNO DA COSTA,3420.3,1364.2,1409.8,357.3,193.9,95.1,28.0,16.0,30.1,64
Cabo Verde,26,HELIO VARELA,4025.9,1177.7,1817.0,652.3,249.0,129.9,58.0,22.0,31.4,64
Saudi Arabia,4,ABDULELAH ALAMRI,9793.9,4179.9,3571.3,1237.2,574.3,231.2,109.0,46.0,31.6,64
Saudi Arabia,5,HASSAN ALTAMBAKTI,2840.0,1070.1,1289.2,353.9,103.0,23.8,32.0,9.0,30.3,64
Saudi Arabia,6,NASSER ALDAWSARI,12459.0,3387.4,5070.6,2687.0,997.1,316.8,216.0,70.0,31.4,64
Saudi Arabia,9,FERAS ALBRIKAN,10843.9,4203.7,4211.9,1413.2,723.8,291.3,134.0,60.0,31.5,64
Saudi Arabia,10,SALEM ALDAWSARI,7176.8,2982.4,2551.0,997.8,414.8,230.8,87.0,39.0,32.4,64
Saudi Arabia,12,SAUD ABDULHAMID,10340.7,3859.6,4056.9,1340.0,629.0,455.2,117.0,49.0,32.7,64
Saudi Arabia,13,NAWAF BU WASHL,8573.4,3188.8,3697.1,990.7,425.9,271.0,82.0,39.0,32.6,64
Saudi Arabia,15,ABDULLAH ALKHAIBARI,6261.2,1682.4,3039.6,1126.5,378.4,34.4,110.0,22.0,28.2,64
Saudi Arabia,20,SULTAN MANDASH,8464.5,2777.6,3384.3,1232.4,789.2,281.1,107.0,50.0,33.1,64
Saudi Arabia,23,MOHAMED KANNO,10329.4,4673.4,3491.6,1349.4,619.7,195.4,115.0,48.0,30.9,64
Saudi Arabia,3,ALI LAJAMI,6813.2,3327.0,2413.1,620.6,366.7,85.8,56.0,21.0,30.6,64
Saudi Arabia,7,MUSAB ALJUWAYR,6394.5,1859.3,2875.8,1219.4,406.5,33.6,98.0,28.0,29.5,64
Saudi Arabia,19,ABDULLAH ALHAMDDAN,3783.1,1277.3,1366.7,700.4,373.2,65.4,56.0,26.0,31.6,64
Saudi Arabia,24,MOTEB ALHARBI,1761.6,535.9,641.1,247.2,196.6,140.7,20.0,18.0,33.3,64
Saudi Arabia,26,MOHAMMED ABU ALSHAMAT,3748.4,1070.5,1627.7,678.3,268.8,102.9,58.0,21.0,28.8,64
Norway,4,Leo OSTIGARD,9964.1,4018.5,4383.8,1008.5,354.4,198.9,82.0,26.0,31.8,65
Norway,6,Patrick BERG,11681.2,3596.4,5303.8,1719.5,683.5,377.9,148.0,46.0,31.9,65
Norway,11,Jorgen STRAND LARSEN,9812.0,4390.3,3607.2,1088.4,544.2,181.9,101.0,41.0,30.6,65
Norway,14,Fredrik AURSNES,11145.8,3809.2,4949.3,1426.3,668.1,292.8,128.0,44.0,32.9,65
Norway,15,Fredrik Andre BJORKAN,5776.8,1743.6,2710.8,756.3,399.3,166.8,70.0,29.0,31.0,65
Norway,18,Kristian THORSTVEDT,6267.2,2172.4,2491.3,1075.7,495.1,32.8,92.0,29.0,27.9,65
Norway,19,Thelo AASGAARD,11185.0,3584.6,5313.6,1533.3,584.2,169.2,127.0,39.0,29.1,65
Norway,21,Andreas SCHJELDERUP,9325.5,3568.7,3754.3,1308.8,606.6,87.1,119.0,42.0,27.7,65
Norway,22,Oscar BOBB,9082.9,3310.9,3990.4,1274.0,360.4,147.1,111.0,35.0,34.2,65
Norway,25,Henrik FALCHENER,6892.0,2763.1,2942.1,729.6,269.1,188.2,64.0,23.0,33.2,65
Norway,2,Morten THORSBY,6152.6,1753.8,2715.4,1148.2,389.1,146.0,107.0,30.0,29.8,65
Norway,16,Marcus HOLMGREN PEDERSEN,5262.5,2281.5,2003.6,521.9,294.0,161.5,47.0,24.0,35.6,65
Norway,20,Antonio NUSA,1389.8,524.4,557.5,213.2,61.8,32.9,18.0,7.0,30.4,65
Norway,23,Jens Petter HAUGE,1718.7,414.6,754.1,349.5,153.2,47.3,26.0,14.0,29.2,65
Norway,24,Sondre LANGAS,2880.7,1202.3,1201.6,226.5,122.1,128.3,26.0,11.0,35.5,65
France,16,Mike MAIGNAN,4919.1,3865.3,980.4,64.9,8.5,4.0,1.0,21.7,4.0,65
France,5,Jules KOUNDE,9583.8,3621.5,3847.6,1321.4,567.6,225.8,119.0,44.0,32.8,65
France,6,Manu KONE,10740.9,3704.0,4741.1,1749.1,444.1,102.6,139.0,33.0,27.5,65
France,7,Ousmane DEMBELE,7293.0,2761.4,2796.1,1136.9,519.6,79.1,92.0,31.0,28.4,65
France,8,Aurelien TCHOUAMENI,11170.9,4484.2,4156.4,1724.3,667.9,138.2,150.0,53.0,29.8,65
France,10,Kylian MBAPPE,7940.7,3945.0,2528.7,664.5,363.6,439.0,55.0,29.0,37.6,65
France,11,Michael OLISE,8835.1,2711.4,3850.2,1371.0,502.5,400.0,122.0,39.0,33.4,65
France,19,Theo HERNANDEZ,9702.3,4085.2,3901.2,1029.0,463.2,223.8,98.0,37.0,33.6,65
France,20,Desire DOUE,11188.7,4027.4,4241.6,1634.8,897.1,387.9,136.0,64.0,32.3,65
France,26,Maxence LACROIX,9363.5,4122.4,3912.2,967.8,293.0,68.1,90.0,26.0,29.1,65
France,2,Malo GUSTO,953.5,401.8,430.2,91.2,30.2,7.0,3.0,23.4,12.0,65
France,15,Ibrahima KONATE,1968.4,944.8,773.5,209.9,40.2,18.0,3.0,24.7,22.0,65
France,24,Rayan CHERKI,3592.1,1142.6,1645.6,472.8,244.1,87.1,45.0,16.0,29.4,65
Senegal,23,Mory DIAW,4528.7,3571.1,863.2,75.1,19.5,9.0,2.0,23.5,4.0,66
Senegal,5,Idrissa Gana GUEYE,10033.1,3779.1,4472.9,1298.5,429.3,53.3,107.0,26.0,27.0,66
Senegal,8,Lamine CAMARA,7258.9,2081.9,3463.2,1196.9,435.4,81.5,104.0,36.0,27.3,66
Senegal,10,Sadio MANE,10336.2,4424.0,3812.8,1165.8,681.7,251.9,103.0,50.0,30.5,66
Senegal,14,Ismail JAKOBS,12244.7,3536.0,5531.0,1985.1,823.4,369.2,165.0,64.0,32.6,66
Senegal,15,Krepin DIATTA,10582.9,3943.5,4605.6,1275.4,572.8,185.7,105.0,44.0,30.9,66
Senegal,18,Ismaila SARR,9760.5,3279.3,4162.1,1228.0,854.9,236.1,104.0,51.0,32.8,66
Senegal,19,Moussa NIAKHATE,10089.4,4159.6,4284.7,1151.1,420.7,73.3,95.0,33.0,27.4,66
Senegal,20,Ibrahim MBAYE,5790.4,2639.1,2030.3,542.4,309.3,269.4,46.0,30.0,33.5,66
Senegal,21,Habib DIARRA,6833.5,2596.0,2740.1,866.1,395.7,235.5,78.0,33.0,32.4,66
Senegal,6,Pathe CISS,3784.9,1696.7,1449.0,428.6,181.6,29.1,38.0,11.0,26.9,66
Senegal,7,Assane DIAO,1835.5,650.9,692.2,285.4,158.4,48.6,23.0,12.0,29.6,66
Senegal,11,Nicolas JACKSON,3855.2,1511.4,1733.9,373.9,172.2,63.9,33.0,13.0,30.7,66
Senegal,13,Iliman NDIAYE,4404.8,1532.9,1842.2,645.9,237.3,146.5,56.0,21.0,32.6,66
Senegal,26,Pape GUEYE,4418.2,1552.3,1982.3,584.3,240.9,58.3,54.0,19.0,28.4,66
Iraq,22,AHMED BASIL,2436.8,1949.9,437.6,30.0,15.3,4.1,3.0,1.0,25.5,66
Iraq,2,REBIN SULAKA,1007.9,350.1,476.3,153.9,27.6,12.0,2.0,25.0,5.0,66
Iraq,8,IBRAHIM BAYESH,11354.0,4200.6,4669.2,1682.9,621.0,180.1,138.0,50.0,31.7,66
Iraq,9,ALI ALHAMADI,7380.5,2342.8,3542.7,850.3,426.5,218.4,76.0,35.0,32.8,66
Iraq,11,AHMED QASEM,1283.8,545.2,517.8,137.5,39.9,43.5,12.0,3.0,29.1,66
Iraq,14,ZIDANE IQBAL,8459.8,2618.9,3881.6,1418.1,422.7,118.5,122.0,30.0,28.3,66
Iraq,16,AMIR ALAMMARI,11318.2,4272.8,4538.9,1660.9,550.3,295.3,138.0,40.0,31.4,66
Iraq,17,ALI JASIM,7340.3,2160.3,3082.9,1334.6,600.0,162.6,112.0,40.0,29.6,66
Iraq,23,MERCHAS DOSKI,10870.1,3918.2,4535.5,1270.8,775.7,369.9,118.0,53.0,32.1,66
Iraq,26,FRANS PUTROS,10283.2,4286.1,4212.7,1154.7,495.0,134.7,106.0,32.0,28.6,66
Iraq,6,MUNAF YOUNUS,8749.7,3899.6,3733.8,740.5,297.6,78.2,63.0,22.0,30.1,66
Iraq,13,ALI YOUSIF,4539.7,1549.7,1786.3,715.4,338.1,150.2,69.0,22.0,32.4,66
Iraq,15,AHMED MAKNAZI,4276.4,1621.4,1782.9,548.5,227.8,95.7,55.0,16.0,29.7,66
Iraq,19,KEVIN YAKOB,3609.1,1131.9,1706.4,551.4,190.1,29.3,47.0,15.0,27.8,66
Jordan,1,YAZEED ABULAILA,4221.0,3662.1,520.2,31.8,6.9,2.0,1.0,22.5,3.0,67
Jordan,4,HUSAM ABUDAHAB,9659.4,3905.8,3948.1,1099.7,459.6,246.3,100.0,42.0,32.4,67
Jordan,5,YAZAN ALARAB,8831.5,3838.0,3791.7,823.2,276.1,102.5,77.0,29.0,30.8,67
Jordan,8,NOOR ALRAWABDEH,12305.2,3277.8,6457.7,1937.4,562.5,69.9,181.0,44.0,30.5,67
Jordan,9,ALI OLWAN,10463.7,3780.0,4868.0,1310.1,332.9,172.6,118.0,27.0,33.4,67
Jordan,11,ODEH FAKHOURY,5567.2,1746.4,2675.3,853.6,198.9,92.9,78.0,22.0,32.9,67
Jordan,20,MOHANNAD ABUTAHA,10526.2,3847.2,4378.4,1431.1,707.5,162.1,130.0,55.0,30.0,67
Jordan,21,NIZAR ALRASHDAN,8913.8,2514.9,4952.9,1059.0,303.5,83.4,97.0,24.0,30.2,67
Jordan,23,EHSAN HADDAD,10630.2,4055.6,4609.2,1386.2,497.5,81.8,123.0,30.0,26.7,67
Jordan,24,ALI AZAIZEH,5804.0,1836.3,2743.8,877.7,302.6,43.5,83.0,24.0,28.1,67
Jordan,6,AMER JAMOUS,2137.0,535.0,962.5,467.5,152.2,19.8,48.0,10.0,27.1,67
Jordan,7,MOHAMMAD ABUZRAIQ,697.4,182.9,311.9,127.2,60.7,14.6,11.0,6.0,26.7,67
Jordan,10,MOUSA ALTAMARI,5270.7,2127.3,1799.1,763.0,375.3,205.9,61.0,29.0,31.6,67
Jordan,13,MAHMOUD ALMARDI,5904.1,1812.6,2524.0,1129.1,366.5,71.9,94.0,27.0,30.1,67
Argentina,23,Emiliano MARTINEZ,4479.9,3785.2,604.8,75.5,14.4,8.0,2.0,22.5,2.0,67
Argentina,3,Nicolas TAGLIAFICO,9697.1,4120.3,3920.5,1192.6,355.9,107.7,108.0,29.0,30.6,67
Argentina,5,Leandro PAREDES,10058.7,3844.9,4752.5,1144.6,261.4,55.3,97.0,20.0,27.9,67
Argentina,9,Julian ALVAREZ,9142.0,2918.0,4371.7,1236.7,461.0,154.7,118.0,37.0,30.2,67
Argentina,11,Giovani LO CELSO,7525.5,2290.5,3532.7,1343.3,288.4,70.6,123.0,23.0,28.9,67
Argentina,14,Exequiel PALACIOS,10029.0,3833.7,4156.3,1320.7,534.1,184.1,113.0,37.0,32.5,67
Argentina,17,Giuliano SIMEONE,8279.4,2950.7,3377.0,1176.5,504.0,271.2,102.0,40.0,35.2,67
Argentina,18,Nico PAZ,7075.5,2459.5,3095.0,1027.6,361.0,132.3,81.0,34.0,31.1,67
Argentina,19,Nicolas OTAMENDI,9558.7,4125.5,3607.6,1377.2,302.3,146.1,111.0,26.0,30.5,67
Argentina,22,Lautaro MARTINEZ,6555.4,2473.9,2867.0,755.7,340.7,118.0,64.0,28.0,29.8,67
Argentina,8,Valentin BARCO,2814.6,982.8,1105.2,477.2,216.7,32.8,41.0,14.0,28.2,67
Argentina,10,Lionel MESSI,2517.2,1520.1,679.9,197.1,116.7,3.4,16.0,9.0,25.7,67
Argentina,16,Thiago ALMADA,3789.6,1292.5,1539.1,561.6,320.3,76.1,51.0,22.0,29.2,67
Argentina,20,Alexis MAC ALLISTER,3505.6,1146.6,1746.0,457.3,148.7,7.0,43.0,10.0,26.4,67
Argentina,21,Jose Manuel LOPEZ,1465.8,428.7,674.2,220.0,124.4,18.5,22.0,11.0,27.6,67
Algeria,2,Aissa MANDI,8931.1,4558.7,3372.6,741.5,221.0,37.4,73.0,19.0,28.4,68
Algeria,7,Riyad MAHREZ,10080.4,4397.2,3839.1,1182.4,486.4,175.3,110.0,40.0,31.5,68
Algeria,8,Houssem AOUAR,10185.4,4047.0,4341.5,1253.9,439.4,103.6,105.0,32.0,28.6,68
Algeria,9,Amine GOUIRI,7572.4,3100.7,2944.3,968.7,445.2,113.6,87.0,34.0,29.5,68
Algeria,10,Fares CHAIBI,11293.9,3845.3,5576.3,1249.6,482.5,140.2,116.0,30.0,31.7,68
Algeria,13,Jaouen HADJAM,7711.6,3171.5,2713.7,1040.4,509.7,276.4,90.0,36.0,32.2,68
Algeria,17,Rafik BELGHALI,7737.2,2914.7,3144.0,1101.3,398.9,178.4,100.0,34.0,30.8,68
Algeria,19,Nabil BENTALEB,9841.6,4472.5,3940.5,1022.5,340.8,65.4,95.0,28.0,28.7,68
Algeria,21,Ramy BENSEBAINI,8372.1,4309.1,3017.6,649.4,332.3,63.7,51.0,26.0,30.1,68
Algeria,22,Ibrahim MAZA,11257.6,4080.5,5544.2,1085.6,411.2,136.1,102.0,30.0,29.9,68
Algeria,5,Zineddine BELAID,2309.4,1225.3,814.6,230.4,39.2,19.0,4.0,24.2,15.0,68
Algeria,25,Fares GHEDJEMIS,300.0,79.1,97.4,45.9,73.2,4.3,5.0,4.0,26.1,68
Algeria,26,Samir CHERGUI,2625.1,1226.6,1061.8,257.3,60.9,18.5,20.0,6.0,27.9,68
Austria,1,Alexander SCHLAGER,5596.8,3782.2,1437.9,226.4,124.2,26.2,22.0,6.0,26.7,68
Austria,4,Xaver SCHLAGER,5676.7,2087.4,2392.1,977.2,197.2,22.9,86.0,14.0,28.6,68
Austria,5,Stefan POSCH,10522.4,4337.1,4287.8,1270.3,427.9,199.3,113.0,35.0,28.6,68
Austria,6,Nicolas SEIWALD,11365.1,3637.6,5837.5,1400.9,374.2,114.9,127.0,26.0,29.5,68
Austria,7,Marko ARNAUTOVIC,4749.1,2085.2,1917.3,400.7,226.9,119.0,35.0,18.0,30.0,68
Austria,8,David ALABA,6802.3,2612.0,3418.1,641.0,131.2,63.0,8.0,23.7,9.0,68
Austria,15,Philipp LIENHART,10213.9,4080.6,4891.3,898.6,284.0,59.3,87.0,25.0,30.4,68
Austria,16,Phillip MWENE,10431.5,3847.6,4749.5,1084.0,493.6,256.9,93.0,35.0,31.7,68
Austria,18,Romano SCHMID,5875.4,1688.0,2710.6,1047.4,390.4,39.0,94.0,27.0,27.4,68
Austria,20,Konrad LAIMER,10888.3,4157.0,4809.5,1257.9,516.9,146.9,120.0,39.0,31.5,68
Austria,3,Kevin DANSO,3326.7,1336.7,1616.2,289.8,72.4,11.6,24.0,4.0,26.4,68
Austria,10,Florian GRILLITSCH,5995.0,2305.7,2729.9,689.0,247.2,23.4,63.0,19.0,26.7,68
Austria,11,Michael GREGORITSCH,5373.6,2026.3,2448.1,667.5,231.8,61.0,20.0,25.0,14.0,68
Austria,24,Paul WANNER,5849.0,1788.6,3234.3,585.5,179.9,60.8,54.0,13.0,27.7,68
Colombia,12,Camilo VARGAS,4341.9,3640.6,660.8,25.9,12.4,2.1,2.0,1.0,25.1,69
Colombia,3,Jhon LUCUMI,7985.5,4002.6,2830.5,698.9,304.0,149.4,64.0,24.0,34.1,69
Colombia,4,Santiago ARIAS,9047.2,3941.6,3184.8,969.9,534.6,416.3,80.0,50.0,32.0,69
Colombia,7,Luis DIAZ,10476.6,4089.5,4374.1,1344.0,478.9,190.1,108.0,38.0,29.0,69
Colombia,9,Jhon CORDOBA,5867.9,2987.1,2009.0,532.5,233.8,105.5,55.0,21.0,32.1,69
Colombia,10,James RODRIGUEZ,7876.7,3551.1,3325.5,832.8,143.3,24.1,80.0,11.0,26.8,69
Colombia,11,Jhon ARIAS,7943.3,3503.2,3001.0,864.3,434.8,140.0,74.0,35.0,30.0,69
Colombia,14,Gustavo PUERTA,11053.6,3905.5,4846.6,1555.7,644.5,101.2,137.0,41.0,30.3,69
Colombia,16,Jefferson LERMA,7245.9,2157.6,3188.9,1398.4,415.9,85.2,119.0,33.0,27.9,69
Colombia,22,Deiver MACHADO,10069.1,4321.7,3424.0,1347.4,698.7,277.3,117.0,56.0,34.0,69
Colombia,23,Davinson SANCHEZ,8652.1,3953.4,3437.3,803.0,312.3,146.2,67.0,24.0,33.8,69
Colombia,2,Daniel MUNOZ,1158.0,309.4,438.1,198.0,146.6,65.9,15.0,13.0,31.6,69
Colombia,5,Kevin CASTANO,2192.8,752.3,935.9,337.0,158.4,9.2,31.0,9.0,25.4,69
Colombia,6,Richard RIOS,3786.7,1533.2,1209.1,699.2,232.6,112.7,55.0,20.0,31.0,69
Colombia,20,Juan QUINTERO,2192.1,946.4,786.3,312.5,83.7,63.1,27.0,5.0,31.0,69
Colombia,25,Luis SUAREZ,3092.9,1555.9,968.6,261.4,167.4,139.7,19.0,15.0,34.4,69
Portugal,1,DIOGO COSTA,4713.5,3901.3,710.6,89.9,11.6,10.0,1.0,23.9,3.0,69
Portugal,7,CRISTIANO RONALDO,8478.7,4230.0,3020.1,759.3,346.0,123.3,75.0,28.0,31.4,69
Portugal,8,BRUNO FERNANDES,10290.9,4189.1,4393.3,1166.1,395.8,146.6,99.0,34.0,30.9,69
Portugal,11,JOAO FELIX,7956.1,2988.4,3595.1,965.5,303.4,103.7,84.0,23.0,32.6,69
Portugal,13,RENATO VEIGA,8943.0,4462.1,3213.1,809.2,375.3,83.2,74.0,23.0,31.5,69
Portugal,18,PEDRO NETO,9617.3,4531.6,2885.7,1104.6,718.6,376.8,85.0,56.0,35.3,69
Portugal,20,JOAO CANCELO,5312.0,2012.0,2148.7,835.5,229.9,85.9,60.0,19.0,30.3,69
Portugal,21,RUBEN NEVES,5933.9,1838.6,2747.3,905.6,342.5,99.9,80.0,24.0,30.2,69
Portugal,23,VITINHA,8183.4,2619.2,4158.5,1048.3,307.1,50.2,83.0,21.0,30.0,69
Portugal,25,NUNO MENDES,8320.8,3647.3,3047.4,927.0,475.0,223.9,80.0,32.0,32.3,69
Portugal,5,DIOGO DALOT,4952.7,2244.2,1666.8,618.2,328.0,95.4,53.0,20.0,31.9,69
Portugal,6,MATHEUS NUNES,432.8,154.6,174.8,81.1,22.3,6.0,2.0,23.3,15.0,69
Portugal,17,RAFAEL LEAO,2331.9,1153.2,678.8,192.4,143.6,163.9,18.0,11.0,34.9,69
Portugal,24,SAMU COSTA,2859.9,1144.9,1174.7,331.2,119.9,89.3,33.0,7.0,30.6,69
Congo DR,1,Lionel MPASI,5107.3,3815.2,1076.5,142.3,66.5,6.7,12.0,5.0,26.7,70
Congo DR,2,Aaron WAN-BISSAKA,10881.2,4255.5,4230.9,1474.2,682.2,238.4,118.0,62.0,33.7,70
Congo DR,4,Axel TUANZEBE,10136.4,4488.3,4063.6,1092.3,379.5,112.6,98.0,35.0,30.3,70
Congo DR,7,Nathanael MBUKU,8529.3,2789.7,3896.2,1252.3,421.5,169.7,104.0,35.0,29.3,70
Congo DR,8,Samuel MOUTOUSSAMY,9198.5,2426.8,4390.2,1813.6,499.1,68.8,151.0,39.0,31.9,70
Congo DR,9,Brian CIPENGA,8454.2,2713.6,3904.1,1115.6,548.3,172.6,94.0,54.0,33.2,70
Congo DR,14,Noah SADIKI,11936.4,3768.8,5812.3,1758.7,474.2,122.4,147.0,43.0,29.5,70
Congo DR,17,Cedric BAKAMBU,5963.7,2700.8,1976.5,900.5,317.0,69.0,78.0,25.0,29.0,70
Congo DR,20,Yoane WISSA,10747.2,4948.0,3958.5,1226.5,510.5,103.7,113.0,36.0,29.8,70
Congo DR,22,Chancel MBEMBA,9529.4,4300.6,3595.9,1129.9,404.2,98.8,91.0,40.0,32.0,70
Congo DR,26,Arthur MASUAKU,8339.4,3712.5,3401.5,887.9,269.4,68.0,80.0,25.0,30.2,70
Congo DR,6,Ngalayel MUKAU,3203.1,997.2,1496.4,633.5,76.0,51.0,9.0,24.8,10.0,70
Congo DR,12,Joris KAYEMBE,1824.8,594.9,764.7,244.9,163.4,56.9,24.0,9.0,28.7,70
Congo DR,13,Meschack ELIA,3143.3,1065.5,1342.6,427.1,223.9,84.2,41.0,23.0,30.6,70
Congo DR,19,Fiston MAYELE,4982.1,1648.3,2145.7,708.4,327.2,152.6,65.0,32.0,32.9,70
Uzbekistan,12,Abduvohid NEMATOV,4748.8,3862.3,805.3,75.8,5.5,9.0,1.0,22.1,2.0,70
Uzbekistan,3,Khojiakbar ALIJONOV,10791.3,4186.6,4054.1,1713.6,639.4,197.6,151.0,58.0,29.9,70
Uzbekistan,5,Rustam ASHURMATOV,10073.1,3886.5,4729.6,1075.2,310.1,71.5,102.0,29.0,31.4,70
Uzbekistan,6,Akmal MOZGOVOY,9646.7,3476.4,4158.7,1501.6,449.5,60.5,122.0,34.0,29.6,70
Uzbekistan,7,Otabek SHUKUROV,7614.1,2476.3,3694.0,1163.3,224.7,55.8,99.0,22.0,29.3,70
Uzbekistan,13,Sherzod NASRULLAEV,11150.4,4192.4,4686.0,1455.3,593.8,222.9,123.0,50.0,31.6,70
Uzbekistan,14,Eldor SHOMURODOV,10420.8,5125.0,3351.0,1020.4,572.0,352.4,87.0,57.0,32.7,70
Uzbekistan,17,Dostonbek KHAMDAMOV,7875.3,2344.4,3739.6,1208.5,498.6,84.3,109.0,38.0,28.4,70
Uzbekistan,22,Abbosbek FAYZULLAEV,8738.0,2829.1,3554.2,1471.0,706.9,176.8,131.0,62.0,32.2,70
Uzbekistan,26,Jakhongir UROZOV,8831.5,3391.0,4047.1,939.7,397.4,56.2,86.0,31.0,28.8,70
Uzbekistan,8,Jamshid ISKANDEROV,2148.9,518.4,1091.1,412.9,106.8,19.8,34.0,8.0,28.4,70
Uzbekistan,9,Odiljon XAMROBEKOV,4597.6,1302.2,2208.8,814.8,209.8,61.9,66.0,17.0,29.5,70
Uzbekistan,11,Oston URUNOV,3034.7,1107.2,1175.8,492.1,195.2,64.5,33.0,16.0,29.2,70
Uzbekistan,19,Azizjon GANIEV,4443.0,1673.1,1746.2,651.9,291.8,80.0,57.0,24.0,27.2,70
Panama,22,Orlando MOSQUERA,5083.1,3855.3,1059.7,113.8,54.3,10.0,5.0,24.3,3.0,71
Panama,4,Fidel ESCOBAR,9537.0,3993.8,3795.1,1097.1,523.6,127.4,106.0,45.0,30.2,71
Panama,6,Cristian MARTINEZ,10868.5,3759.8,5040.0,1287.9,620.6,160.3,107.0,52.0,31.9,71
Panama,7,Jose Luis RODRIGUEZ,7546.6,2854.5,2990.3,1094.7,396.4,210.7,93.0,31.0,30.9,71
Panama,9,Tomas RODRIGUEZ,5524.7,1833.8,2495.5,718.7,344.1,132.6,66.0,29.0,31.4,71
Panama,11,Edgar Yoel BARCENAS,8113.8,2624.2,3833.4,1208.4,288.4,159.4,106.0,21.0,31.4,71
Panama,14,Carlos HARVEY,10151.9,3079.2,4902.2,1447.9,527.2,195.3,124.0,40.0,32.8,71
Panama,16,Andres ANDRADE,10121.8,3782.4,4414.6,1242.1,423.7,259.1,108.0,41.0,33.2,71
Panama,23,Amir MURILLO,10327.9,4046.8,4204.1,1137.2,675.8,264.0,99.0,51.0,32.9,71
Panama,26,Jorge GUTIERREZ,9490.2,3697.7,3724.0,1275.6,600.0,192.9,117.0,43.0,30.2,71
Panama,10,Ismael DIAZ,3175.8,1002.4,1350.9,534.9,211.7,76.0,48.0,18.0,31.8,71
Panama,15,Eric DAVIS,1204.4,284.2,406.4,281.0,188.4,44.4,18.0,14.0,26.9,71
Panama,17,Jose FAJARDO,5571.1,1802.7,2292.1,916.9,416.7,142.8,73.0,33.0,30.1,71
Panama,19,Alberto QUINTERO,1246.3,280.8,546.6,233.2,116.1,69.6,17.0,8.0,29.5,71
Panama,24,Azarias LONDONO,3056.4,978.3,1419.3,408.3,203.9,46.6,34.0,16.0,32.7,71
England,2,Ezri KONSA,10105.5,4403.8,3672.1,1278.2,498.0,253.4,107.0,36.0,32.2,71
England,3,Nico OREILLY,11136.0,4195.3,4265.6,1528.5,827.7,318.8,135.0,66.0,32.9,71
England,6,Marc GUEHI,10384.8,3748.5,4367.9,1416.0,667.6,184.7,133.0,47.0,32.9,71
England,7,Bukayo SAKA,7009.1,2678.0,2609.0,1027.2,447.4,247.5,90.0,38.0,31.5,71
England,8,Elliot ANDERSON,10183.8,3105.1,4618.8,1726.2,610.5,123.2,142.0,43.0,29.9,71
England,9,Harry KANE,10175.7,3410.9,4239.3,1517.0,767.8,240.7,128.0,49.0,29.1,71
England,10,Jude BELLINGHAM,7884.7,3161.2,2469.5,1343.8,689.1,221.2,98.0,51.0,31.5,71
England,11,Marcus RASHFORD,10719.3,3982.4,4436.4,1202.4,628.1,470.1,99.0,55.0,33.5,71
England,17,Morgan ROGERS,11737.8,3754.6,4772.4,1864.9,980.2,365.6,147.0,81.0,33.4,71
England,26,Jarell QUANSAH,6593.2,2433.0,2769.9,777.5,439.5,173.4,78.0,34.0,33.3,71
England,14,Jordan HENDERSON,1790.7,396.4,693.3,579.4,108.2,13.4,35.0,6.0,28.3,71
England,19,Ollie WATKINS,1546.8,473.4,624.0,266.5,87.5,95.5,26.0,9.0,30.8,71
England,20,Noni MADUEKE,3449.0,1354.9,1192.5,360.5,289.9,251.3,30.0,25.0,34.3,71
England,21,Eberechi EZE,3121.8,886.9,1399.1,507.9,270.7,57.1,44.0,16.0,31.9,71
England,25,Djed SPENCE,3514.8,1378.0,1371.6,379.4,232.0,153.7,32.0,20.0,33.6,71
Croatia,1,Dominik LIVAKOVIC,4178.3,3535.2,552.9,54.3,35.9,4.0,1.0,23.2,2.0,72
Croatia,3,Marin PONGRACIC,9642.6,4099.5,4166.1,982.2,298.9,95.8,85.0,24.0,32.4,72
Croatia,6,Josip SUTALO,10069.5,3940.3,4874.6,971.7,255.1,27.9,94.0,22.0,28.7,72
Croatia,8,Mateo KOVACIC,9009.1,2980.5,4351.5,1105.1,375.5,196.4,98.0,31.0,32.2,72
Croatia,10,Luka MODRIC,10415.9,3883.6,4683.7,1379.3,425.5,43.9,121.0,32.0,28.1,72
Croatia,11,Ante BUDIMIR,7885.5,2992.3,3604.1,742.8,432.4,114.0,73.0,34.0,30.1,72
Croatia,13,Nikola VLASIC,9618.7,3702.5,3995.1,1266.4,494.9,159.9,111.0,35.0,31.5,72
Croatia,14,Ivan PERISIC,10110.2,4337.2,4066.6,1073.7,430.2,202.5,107.0,39.0,31.6,72
Croatia,16,Martin BATURINA,9564.6,3608.3,4003.7,1146.4,580.5,225.6,91.0,46.0,32.1,72
Croatia,17,Petar SUCIC,11521.2,3519.7,5695.3,1653.4,526.7,126.0,143.0,38.0,30.1,72
Croatia,4,Josko GVARDIOL,1356.6,388.2,539.3,265.0,106.9,57.2,20.0,7.0,34.1,72
Croatia,15,Mario PASALIC,2380.5,831.4,803.7,438.8,261.5,45.2,36.0,12.0,27.5,72
Croatia,20,Igor MATANOVIC,2970.0,1033.1,1047.0,554.8,246.2,88.8,49.0,20.0,29.3,72
Croatia,24,Marco PASALIC,1402.3,388.1,587.9,268.8,112.3,45.3,22.0,9.0,28.6,72
Ghana,4,Jonas ADJETEY,4907.5,2051.7,2346.0,357.2,121.6,30.9,36.0,10.0,28.7,72
Ghana,5,Thomas PARTEY,10504.1,3646.7,5010.7,1421.4,388.2,37.1,131.0,24.0,27.5,72
Ghana,8,Kwasi SIBO,9803.9,2818.0,4960.6,1515.3,453.8,56.2,137.0,32.0,28.4,72
Ghana,9,Jordan AYEW,8239.0,2765.2,3806.9,1021.9,507.0,138.1,93.0,41.0,30.0,72
Ghana,11,Antoine SEMENYO,9633.9,4523.9,3526.0,762.5,442.2,379.4,61.0,44.0,34.2,72
Ghana,14,Gideon MENSAH,9403.8,4078.3,3943.8,900.1,333.3,148.3,79.0,26.0,32.5,72
Ghana,15,Elisha OWUSU,5597.7,1698.6,2811.1,705.8,303.3,78.8,69.0,22.0,28.9,72
Ghana,22,Kamaldeen SULEMANA,7816.2,3232.8,2897.6,1038.7,498.8,148.3,85.0,44.0,32.5,72
Ghana,23,Derrick LUCKASSEN,9201.0,3979.6,4069.5,821.6,265.2,65.1,71.0,22.0,31.1,72
Ghana,26,Marvin SENAYA,9958.9,3656.1,4406.1,1098.7,577.3,220.6,100.0,59.0,30.2,72
Ghana,3,Caleb YIRENKYI,1635.1,406.7,672.2,327.7,144.2,84.2,27.0,10.0,29.2,72
Ghana,7,Abdul FATAWU,5181.7,2101.4,1842.5,639.5,391.5,206.9,57.0,32.0,32.9,72
Ghana,10,Brandon THOMAS-ASANTE,2652.6,924.5,999.9,464.6,212.4,51.2,36.0,18.0,26.9,72
Ghana,21,Kojo Peprah OPPONG,4761.2,1730.0,2228.6,619.4,136.9,46.4,56.0,13.0,30.6,72
Ghana,24,Ernest NUAMAH,2665.9,1071.4,850.6,445.8,261.2,36.8,39.0,19.0,28.0,72
South Africa,1,Ronwen WILLIAMS,5208.2,3985.3,1084.9,104.1,33.9,12.0,2.0,24.6,4.0,73
South Africa,6,Aubrey MODIBA,9494.2,3713.8,3601.3,1275.6,700.2,203.3,112.0,49.0,29.0,73
South Africa,7,Oswin APPOLLIS,10087.6,3514.8,4062.1,1430.0,798.8,282.0,135.0,67.0,31.2,73
South Africa,10,Relebohile MOFOKENG,6185.6,1453.1,2990.1,1140.8,449.4,152.3,95.0,34.0,32.3,73
South Africa,12,Thapelo MASEKO,9361.1,3240.8,4050.7,1139.7,621.4,308.4,94.0,57.0,35.2,73
South Africa,13,Sphephelo SITHOLE,11132.9,3697.7,4302.9,2280.3,745.6,106.4,191.0,55.0,29.5,73
South Africa,14,Mbekezeli MBOKAZI,8799.9,3590.8,3692.1,888.3,374.6,254.0,80.0,36.0,33.8,73
South Africa,17,Evidence MAKGOPA,9447.2,3542.5,3790.8,1403.2,627.2,83.5,135.0,47.0,30.0,73
South Africa,20,Khuliso MUDAU,9789.3,3605.6,4175.2,1113.9,538.6,356.0,99.0,52.0,34.3,73
South Africa,21,Ime OKON,9866.6,3678.4,4247.6,1301.2,469.2,170.1,106.0,38.0,33.8,73
South Africa,5,Thalente MBATHA,5587.4,1920.2,2210.1,940.0,408.0,109.1,83.0,31.0,29.9,73
South Africa,8,Tshepang MOREMI,1313.2,377.8,513.5,250.6,121.0,50.3,16.0,11.0,32.6,73
South Africa,15,Iqraam RAYNERS,1306.9,433.6,510.8,205.9,86.7,70.0,15.0,7.0,31.2,73
Canada,16,Maxime CREPEAU,5611.1,4010.5,1463.3,131.0,6.3,14.0,1.0,21.6,2.0,73
Canada,7,Stephen EUSTAQUIO,12506.2,3405.4,5126.6,2887.5,988.8,97.9,222.0,56.0,27.3,73
Canada,10,Jonathan DAVID,11930.3,3558.4,5315.7,1930.1,822.9,303.3,172.0,69.0,31.5,73
Canada,11,Liam MILLAR,7737.8,2688.9,2967.0,1184.9,612.5,284.4,106.0,54.0,33.8,73
Canada,12,Tani OLUWASEYI,7864.9,2727.3,2988.9,1239.3,627.9,281.4,108.0,59.0,34.9,73
Canada,13,Derek CORNELIUS,9916.7,3705.3,4357.5,1296.0,467.2,90.7,121.0,32.0,29.1,73
Canada,15,Moise BOMBITO,6125.2,2184.1,2776.6,757.7,271.1,135.8,69.0,24.0,31.7,73
Canada,17,Tajon BUCHANAN,9168.6,2651.7,4052.1,1524.4,718.7,221.6,133.0,52.0,33.5,73
Canada,22,Richie LARYEA,9833.3,3881.4,3708.5,1245.5,689.9,307.9,103.0,57.0,35.0,73
Canada,25,Nathan SALIBA,7773.0,1908.7,3313.2,1758.8,637.8,154.4,139.0,42.0,29.8,73
Canada,4,Luc DE FOUGEROLLES,4393.0,1298.6,2086.0,620.6,319.3,68.4,57.0,24.0,30.2,73
Canada,14,Jacob SHAFFELBURG,3430.7,1135.8,1211.9,571.2,307.1,204.7,43.0,23.0,32.9,73
Canada,19,Alphonso DAVIES,2589.6,839.3,1051.5,398.9,212.0,87.9,37.0,17.0,29.9,73
Canada,23,Niko SIGUR,4885.9,1379.6,2301.5,838.9,279.9,86.1,64.0,19.0,31.0,73
Canada,24,Promise DAVID,2820.4,1226.3,1110.0,289.2,114.9,80.1,20.0,13.0,30.1,73
Brazil,1,ALISSON,5335.2,4508.7,766.7,43.6,16.3,5.0,1.0,22.9,3.0,74
Brazil,4,MARQUINHOS,9851.7,4149.1,3986.6,1052.0,497.5,166.5,98.0,35.0,33.8,74
Brazil,5,CASEMIRO,9753.1,3741.2,4583.2,1046.2,325.4,57.1,88.0,25.0,28.5,74
Brazil,7,VINICIUS JUNIOR,9269.3,4728.3,2688.2,1147.2,478.1,227.5,102.0,44.0,33.2,74
Brazil,8,BRUNO GUIMARAES,12167.1,3870.9,5948.3,1889.1,435.1,23.7,167.0,31.0,28.4,74
Brazil,9,MATHEUS CUNHA,6905.1,3369.7,2305.0,892.1,262.6,75.7,76.0,23.0,29.1,74
Brazil,13,DANILO,9830.3,4087.1,3421.9,1263.8,634.4,423.1,112.0,51.0,31.6,74
Brazil,16,DOUGLAS SANTOS,10961.2,3745.4,4875.1,1544.3,656.4,140.0,142.0,48.0,29.5,74
Brazil,20,LUCAS PAQUETA,5021.5,2074.7,1958.4,641.7,209.5,137.2,65.0,22.0,30.9,74
Brazil,26,RAYAN,10240.9,4413.7,3835.9,1305.0,442.4,243.9,116.0,36.0,31.6,74
Brazil,17,FABINHO,951.0,372.4,293.5,157.4,108.2,19.5,16.0,6.0,26.2,74
Brazil,18,DANILO SANTOS,448.0,145.0,146.0,80.2,68.7,8.1,8.0,6.0,27.9,74
Brazil,19,ENDRICK,5224.7,2515.9,1922.4,449.1,208.9,128.5,35.0,16.0,32.4,74
Brazil,22,GABRIEL MARTINELLI,3518.4,1333.9,1275.2,545.9,214.1,149.3,49.0,20.0,33.0,74
Japan,1,Zion SUZUKI,5086.4,3599.2,1353.4,104.6,29.2,10.0,3.0,23.5,3.0,74
Japan,10,Ritsu DOAN,7609.0,2835.8,3199.1,968.1,453.4,152.7,80.0,34.0,29.1,74
Japan,11,Daizen MAEDA,12044.5,4001.3,4770.9,1916.6,847.0,508.8,154.0,78.0,33.2,74
Japan,13,Keito NAKAMURA,8253.5,2549.7,3543.1,1331.9,576.0,252.8,107.0,43.0,30.1,74
Japan,14,Junya ITO,8640.4,3030.7,3887.3,1137.3,424.9,160.2,91.0,38.0,31.8,74
Japan,15,Daichi KAMADA,9124.1,2946.4,4601.2,1120.5,327.3,128.7,94.0,23.0,30.8,74
Japan,18,Ayase UEDA,11048.1,3918.2,4838.2,1497.3,573.2,221.2,136.0,47.0,33.3,74
Japan,21,Hiroki ITO,9921.8,4238.5,4364.2,919.2,260.9,139.0,79.0,22.0,31.7,74
Japan,22,Takehiro TOMIYASU,9874.4,4012.5,4403.3,1017.5,325.9,115.3,85.0,27.0,30.2,74
Japan,24,Kaishu SANO,11931.4,3827.5,5755.5,1629.9,578.4,140.1,147.0,43.0,29.9,74
Japan,2,Yukinari SUGAWARA,3198.4,1379.0,1253.9,357.2,175.0,33.3,40.0,11.0,28.4,74
Japan,6,Shuto MACHINO,2487.7,903.7,1128.8,290.8,94.5,69.9,27.0,8.0,32.6,74
Japan,7,Ao TANAKA,2165.5,709.0,963.4,346.1,123.4,23.6,31.0,9.0,29.0,74
Japan,19,Koki OGAWA,412.5,128.4,119.2,111.3,44.4,9.2,7.0,3.0,25.3,74
Japan,25,Junnosuke SUZUKI,3307.9,1278.5,1257.8,475.3,219.5,76.8,39.0,16.0,29.2,74
Germany,1,Manuel NEUER,8117.3,5840.2,1808.6,309.7,113.5,45.3,29.0,10.0,28.1,75
Germany,2,Antonio RUEDIGER,11685.7,5421.0,4681.5,1214.0,276.2,93.1,104.0,20.0,32.2,75
Germany,4,Jonathan TAH,13655.9,5116.6,6521.2,1508.8,360.6,148.6,121.0,30.0,31.2,75
Germany,5,Aleksandar PAVLOVIC,10715.7,2583.1,5397.2,2147.5,493.0,94.9,168.0,31.0,31.0,75
Germany,6,Joshua KIMMICH,15679.2,4982.8,7765.6,2134.3,631.9,164.7,187.0,44.0,28.8,75
Germany,7,Kai HAVERTZ,14614.1,5832.9,5873.4,1756.0,787.7,364.2,155.0,55.0,30.0,75
Germany,17,Florian WIRTZ,14066.4,4312.6,6522.4,2036.6,895.0,299.8,189.0,59.0,33.0,75
Germany,18,Nathaniel BROWN,14495.2,5344.2,6614.6,1661.6,574.8,300.0,137.0,42.0,31.8,75
Germany,19,Leroy SANE,9635.9,3841.6,3399.5,1468.0,608.9,317.9,112.0,48.0,33.9,75
Germany,23,Felix NMECHA,5551.1,2011.3,2520.1,748.3,192.9,78.5,65.0,19.0,31.0,75
Germany,26,Deniz UNDAV,6594.5,2686.4,3020.5,673.5,197.9,16.2,66.0,13.0,27.6,75
Germany,3,Waldemar ANTON,5875.6,1962.2,2521.8,870.8,396.3,124.5,79.0,27.0,33.3,75
Germany,8,Leon GORETZKA,8207.6,3770.5,2831.4,1029.7,320.8,255.1,83.0,27.0,33.7,75
Germany,10,Jamal MUSIALA,6888.0,2684.0,2852.5,837.2,356.4,157.9,75.0,25.0,32.3,75
Germany,11,Nick WOLTEMADE,4199.1,1863.5,1643.1,394.0,193.0,105.5,37.0,13.0,31.4,75
Germany,20,Nadiem AMIRI,1158.3,389.0,464.9,166.7,94.2,43.6,15.0,4.0,28.6,75
Germany,24,Malick THIAW,1229.1,392.4,505.7,213.8,68.9,48.4,18.0,5.0,32.2,75
Paraguay,12,Orlando GILL,7633.5,5885.3,1601.2,107.7,39.3,12.0,2.0,24.4,4.0,75
Paraguay,6,Junior ALONSO,12425.0,6022.5,4708.8,1309.8,317.1,66.8,129.0,25.0,27.9,75
Paraguay,10,Miguel ALMIRON,11085.4,3729.0,5005.8,1489.3,616.6,244.6,125.0,46.0,31.7,75
Paraguay,13,Jose CANALE,11691.5,5894.6,4580.0,836.7,268.7,111.4,64.0,23.0,31.7,75
Paraguay,14,Andres CUBAS,13903.5,5021.2,6950.4,1356.0,420.0,155.9,115.0,29.0,31.2,75
Paraguay,15,Gustavo GOMEZ,11744.5,6423.2,4131.5,898.3,255.0,36.4,68.0,21.0,27.8,75
Paraguay,16,Damian BOBADILLA,12621.0,4351.5,5808.8,1686.0,634.4,140.5,157.0,46.0,31.1,75
Paraguay,19,Julio ENCISO,6926.1,2273.5,3004.9,887.7,463.3,296.7,77.0,35.0,33.1,75
Paraguay,21,Gabriel AVALOS,6826.9,2321.9,3226.0,934.4,260.8,83.8,64.0,24.0,31.2,75
Paraguay,23,Matias GALARZA,14187.0,5220.9,6177.1,1596.2,876.1,316.8,150.0,65.0,31.1,75
Paraguay,2,Gustavo VELAZQUEZ,2850.0,1401.9,1122.9,209.3,95.9,20.1,18.0,8.0,29.7,75
Paraguay,5,Fabian BALBUENA,90.0,28.2,22.2,15.3,24.3,2.0,1.0,21.6,9.0,75
Paraguay,11,MAURICIO,7361.9,2690.1,2879.5,1175.6,419.3,197.5,88.0,33.0,32.1,75
Paraguay,20,Braian OJEDA,2756.4,1100.3,1053.9,356.0,200.2,46.2,31.0,13.0,28.0,75
Paraguay,24,Gustavo CABALLERO,8308.6,2738.1,3548.4,1310.7,514.8,196.6,116.0,36.0,31.5,75
Netherlands,1,Bart VERBRUGGEN,6710.4,5540.8,1015.9,122.4,31.4,14.0,2.0,23.4,4.0,76
Netherlands,5,Nathan AKE,6870.4,3067.1,2985.7,563.9,138.2,115.4,49.0,14.0,33.4,76
Netherlands,6,Jan Paul VAN HECKE,13071.2,5716.8,5489.4,1297.7,459.6,107.7,109.0,37.0,31.2,76
Netherlands,8,Ryan GRAVENBERCH,8913.1,3481.1,3738.0,1325.5,306.7,61.9,109.0,27.0,31.1,76
Netherlands,11,Cody GAKPO,12304.2,5211.4,4889.8,1353.9,561.1,288.1,123.0,42.0,33.2,76
Netherlands,15,Micky VAN DE VEN,8278.1,4358.0,2655.3,769.5,281.6,213.7,71.0,26.0,35.8,76
Netherlands,19,Brian BROBBEY,6515.2,3229.8,2171.2,672.1,293.8,148.4,64.0,25.0,32.8,76
Netherlands,21,Frenkie DE JONG,12872.3,4540.0,6019.0,1787.4,459.7,66.3,145.0,34.0,28.8,76
Netherlands,22,Denzel DUMFRIES,12805.2,6009.3,4219.2,1576.9,639.1,360.7,138.0,47.0,34.3,76
Netherlands,24,Crysencio SUMMERVILLE,13013.2,5246.0,5257.6,1445.1,708.2,356.2,125.0,52.0,34.7,76
Netherlands,3,Marten DE ROON,1374.6,395.9,717.7,202.0,59.0,23.0,4.0,24.0,7.0,76
Netherlands,9,Wout WEGHORST,7014.0,2140.9,2905.6,1412.3,424.3,130.8,109.0,30.0,28.6,76
Netherlands,20,Teun KOOPMEINERS,5996.8,2200.5,2954.7,625.4,149.5,66.8,57.0,12.0,27.2,76
Netherlands,25,Jorrel HATO,4437.9,1758.2,1897.7,443.1,190.7,148.2,45.0,17.0,33.2,76
Netherlands,26,Quinten TIMBER,4703.6,1774.1,2070.1,567.2,208.6,83.6,43.0,15.0,31.9,76
Morocco,2,Achraf HAKIMI,12948.9,5875.9,4792.4,1280.8,557.8,442.0,112.0,47.0,35.5,76
Morocco,3,Noussair MAZRAOUI,11110.7,5682.8,4125.6,740.2,355.7,206.4,64.0,28.0,33.9,76
Morocco,6,Ayyoub BOUADDI,8840.5,3040.9,4141.9,1110.9,457.7,89.2,104.0,36.0,28.7,76
Morocco,8,Azzedine OUNAHI,9922.1,3394.8,4281.9,1311.5,717.7,216.3,114.0,56.0,30.5,76
Morocco,10,Brahim DIAZ,8319.1,3483.5,3147.9,1050.5,558.5,78.7,84.0,46.0,28.7,76
Morocco,11,Ismael SAIBARI,14072.1,4736.7,5671.3,2258.0,943.6,462.4,196.0,77.0,33.3,76
Morocco,14,Issa DIOP,11561.1,6159.9,3899.3,1063.1,305.9,132.8,90.0,28.0,31.6,76
Morocco,18,Chadi RIAD,7277.5,3459.9,2783.5,624.9,300.4,108.7,57.0,24.0,29.6,76
Morocco,23,Bilal EL KHANNOUSS,8772.2,4500.1,2815.9,820.4,386.4,249.4,70.0,31.0,34.6,76
Morocco,24,Neil EL AYNAOUI,14370.8,5039.8,6686.6,1799.1,601.4,243.9,148.0,44.0,32.6,76
Morocco,7,Chemsdine TALBI,4919.3,1864.0,1832.7,686.5,354.0,182.0,53.0,29.0,31.3,76
Morocco,9,Soufiane RAHIMI,5338.4,1856.3,2365.0,685.5,225.3,206.2,55.0,18.0,34.6,76
Morocco,15,Samir EL MOURABET,6040.0,1741.5,2823.2,1049.8,294.8,130.8,84.0,26.0,33.1,76
Morocco,16,Gessime YASSINE,5820.1,2296.2,2439.5,784.2,214.5,85.8,60.0,16.0,28.4,76
Morocco,26,Anass SALAH EDDINE,4865.0,2376.4,1754.4,431.2,221.6,81.3,36.0,19.0,32.2,76
Côte d'Ivoire,1,Yahia FOFANA,4443.0,3539.1,831.1,52.0,20.9,5.0,2.0,24.1,3.0,77
Côte d'Ivoire,7,Odilon KOSSOUNOU,9284.1,4060.9,3728.0,1057.7,322.6,114.8,94.0,29.0,32.2,77
Côte d'Ivoire,8,Franck KESSIE,11595.0,3691.4,4964.9,1907.1,862.7,168.8,161.0,57.0,30.5,77
Côte d'Ivoire,9,Ange-Yoan BONNY,6722.8,2587.7,2801.9,845.9,325.2,162.1,73.0,24.0,31.9,77
Côte d'Ivoire,11,Yan DIOMANDE,9468.1,3810.8,3398.6,1223.3,559.0,476.3,111.0,50.0,34.7,77
Côte d'Ivoire,17,Guela DOUE,10032.2,3951.6,4089.8,1382.9,452.2,155.8,122.0,33.0,31.1,77
Côte d'Ivoire,18,Ibrahim SANGARE,10918.7,4284.0,4784.6,1230.8,506.3,113.1,113.0,37.0,31.9,77
Côte d'Ivoire,19,Nicolas PEPE,8572.7,3616.7,2743.8,1012.6,795.4,404.3,84.0,58.0,32.6,77
Côte d'Ivoire,20,Emmanuel AGBADOU,9234.1,4225.6,3866.3,773.0,273.8,95.4,78.0,22.0,34.4,77
Côte d'Ivoire,26,Christ Inao OULAI,6493.2,2209.2,3140.8,806.5,238.4,98.3,71.0,19.0,32.1,77
Côte d'Ivoire,12,Elye WAHI,3663.4,1298.6,1525.4,495.0,157.5,186.9,37.0,14.0,33.2,77
Côte d'Ivoire,14,Oumar DIAKITE,1283.6,358.6,519.2,243.1,148.1,14.6,22.0,11.0,29.7,77
Côte d'Ivoire,15,Amad DIALLO,3790.8,1309.2,1341.2,658.0,275.5,206.8,52.0,18.0,32.8,77
Côte d'Ivoire,22,Evann GUESSAND,444.0,181.0,193.1,62.0,7.9,6.0,1.0,20.4,24.0,77
Norway,1,Orjan NYLAND,5741.3,4569.6,1083.1,82.4,6.2,10.0,1.0,21.5,3.0,77
Norway,5,David MOLLER WOLFE,10187.5,3819.4,4032.6,1304.6,668.1,362.8,116.0,52.0,32.7,77
Norway,6,Patrick BERG,11771.9,3914.5,4571.0,2095.5,886.5,304.3,164.0,57.0,31.3,77
Norway,7,Alexander SORLOTH,8197.4,2732.2,3392.7,1282.5,522.7,267.3,111.0,42.0,33.7,77
Norway,8,Sander BERGE,11729.3,3863.8,5357.6,1747.1,517.1,243.7,146.0,36.0,31.5,77
Norway,9,Erling HAALAND,9699.2,4477.3,3623.0,974.6,371.9,252.4,80.0,31.0,34.1,77
Norway,10,Martin ODEGAARD,12244.0,3727.3,5250.2,2250.8,750.7,264.9,175.0,55.0,32.5,77
Norway,16,Marcus HOLMGREN PEDERSEN,9414.2,3760.5,3541.6,1295.0,517.0,300.0,106.0,44.0,34.9,77
Norway,17,Torbjorn HEGGEM,10377.9,3993.9,4760.7,973.7,476.4,173.3,87.0,32.0,32.1,77
Norway,20,Antonio NUSA,7620.4,2999.1,2765.5,1072.6,569.7,213.4,96.0,47.0,29.8,77
Norway,14,Fredrik AURSNES,1701.0,523.0,700.7,327.4,123.4,26.4,29.0,10.0,27.8,77
Norway,21,Andreas SCHJELDERUP,2850.5,1100.8,1008.8,445.5,178.6,116.7,37.0,13.0,32.8,77
Norway,22,Oscar BOBB,2951.2,986.3,1285.6,367.8,223.4,88.2,30.0,14.0,29.3,77
France,3,Lucas DIGNE,8530.2,4095.2,2938.3,941.0,416.8,138.9,79.0,36.0,31.2,78
France,4,Dayot UPAMECANO,9622.7,4426.7,3949.8,817.6,278.2,150.4,70.0,23.0,35.4,78
France,5,Jules KOUNDE,8335.5,3253.7,3321.3,1034.6,495.5,230.4,86.0,33.0,30.3,78
France,7,Ousmane DEMBELE,8073.5,3287.9,3261.4,1148.5,299.8,75.9,102.0,19.0,28.4,78
France,8,Aurelien TCHOUAMENI,10232.7,4524.6,4015.5,1349.9,289.3,53.4,115.0,20.0,31.4,78
France,10,Kylian MBAPPE,8113.3,3810.9,2983.3,818.5,322.9,177.6,70.0,28.0,30.2,78
France,11,Michael OLISE,10684.7,3301.4,4905.6,1577.6,704.4,195.7,142.0,46.0,33.1,78
France,12,Bradley BARCOLA,9706.9,4435.5,3492.2,911.0,481.1,387.1,72.0,42.0,34.7,78
France,14,Adrien RABIOT,10636.2,4440.7,4253.4,1250.4,603.2,88.5,110.0,42.0,29.8,78
France,17,William SALIBA,9603.7,4352.1,3876.1,837.3,356.1,182.1,69.0,33.0,33.4,78
France,2,Malo GUSTO,2165.1,619.9,1114.4,281.5,117.7,31.6,25.0,10.0,28.6,78
France,19,Theo HERNANDEZ,1880.0,592.0,862.8,274.7,79.7,70.7,22.0,6.0,30.6,78
France,20,Desire DOUE,2287.0,757.6,910.6,307.2,189.8,121.8,25.0,15.0,31.3,78
France,22,Jean-Philippe MATETA,1294.7,381.2,574.9,169.4,112.0,57.1,12.0,8.0,28.7,78
France,24,Rayan CHERKI,1352.1,303.8,528.8,344.9,109.5,65.1,33.0,7.0,29.8,78
Sweden,1,Jacob WIDELL ZETTERSTROM,5145.3,3934.0,1032.0,122.3,46.8,10.3,8.0,4.0,27.7,78
Sweden,2,Gustaf LAGERBIELKE,9507.9,3897.1,4160.6,926.5,352.9,170.7,83.0,29.0,30.3,78
Sweden,3,Victor LINDELOF,9118.2,4113.5,3790.7,771.2,376.1,66.6,66.0,26.0,28.7,78
Sweden,5,Gabriel GUDMUNDSSON,9818.5,4144.4,4138.8,1001.8,412.9,120.6,87.0,27.0,29.2,78
Sweden,7,Lucas BERGVALL,7801.3,3029.5,3559.4,858.6,211.0,142.8,71.0,18.0,31.8,78
Sweden,8,Daniel SVENSSON,9643.1,3120.7,4529.8,1181.3,564.4,246.9,104.0,44.0,31.9,78
Sweden,9,Alexander ISAK,8752.6,3756.2,3566.5,860.4,361.7,207.8,70.0,28.0,31.3,78
Sweden,11,Anthony ELANGA,9495.2,4516.7,3491.8,927.9,398.7,160.1,88.0,35.0,37.2,78
Sweden,17,Viktor GYOKERES,10660.9,4656.7,4393.6,1007.1,412.5,191.0,87.0,33.0,34.8,78
Sweden,18,Yasin AYARI,8839.3,3664.8,3974.7,974.7,200.8,24.4,72.0,16.0,27.3,78
Sweden,24,Elliot STROUD,7776.4,2962.6,3174.4,1049.8,418.0,171.6,102.0,32.0,32.0,78
Sweden,10,Benjamin NYGREN,1687.3,428.7,747.0,280.2,154.0,77.5,24.0,12.0,30.9,78
Sweden,19,Mattias SVANBERG,1603.6,433.6,760.5,271.1,118.1,20.3,24.0,6.0,25.9,78
Sweden,22,Besfort ZENELI,3678.2,891.3,1738.4,601.7,285.5,161.4,54.0,19.0,31.4,78
Sweden,25,Gustaf NILSSON,713.6,179.1,385.6,102.3,46.7,11.0,2.0,24.2,26.0,78
Mexico,1,Raul RANGEL,5488.5,4172.1,1135.8,141.2,39.4,15.0,4.0,22.9,2.0,79
Mexico,3,Cesar MONTES,8991.1,3993.3,3560.6,945.4,373.1,118.6,84.0,32.0,30.5,79
Mexico,5,Johan VASQUEZ,10447.1,4112.3,4367.8,1390.6,461.7,114.8,101.0,36.0,30.7,79
Mexico,6,Erik LIRA,11615.5,4261.0,5002.7,1697.9,523.2,130.8,140.0,41.0,33.0,79
Mexico,7,Luis ROMO,8676.2,2936.3,3253.1,1668.5,586.0,232.4,132.0,44.0,32.2,79
Mexico,9,Raul JIMENEZ,7272.2,3262.8,2530.7,839.0,403.9,235.9,75.0,36.0,33.2,79
Mexico,16,Julian QUINONES,8926.6,3320.9,3475.4,1183.9,599.2,347.3,98.0,47.0,32.2,79
Mexico,19,Gilberto MORA,7283.7,2413.8,3089.7,1188.2,449.4,142.6,112.0,40.0,29.5,79
Mexico,23,Jesus GALLARDO,10347.2,4309.2,4399.4,1206.4,329.6,102.6,104.0,28.0,31.9,79
Mexico,25,Roberto ALVARADO,8758.8,3444.7,3391.8,1170.1,611.1,141.0,100.0,38.0,30.7,79
Mexico,11,Santiago GIMENEZ,2625.4,989.6,1095.8,305.0,150.5,84.5,28.0,12.0,30.7,79
Mexico,15,Israel REYES,2139.4,875.6,836.0,289.8,138.0,27.0,8.0,24.2,17.0,79
Mexico,18,Obed VARGAS,2935.6,891.2,1116.7,575.3,293.9,58.6,51.0,18.0,28.2,79
Mexico,26,Brian GUTIERREZ,4255.9,1663.5,1554.9,633.9,232.5,171.1,53.0,19.0,34.8,79
Ecuador,1,Hernan GALINDEZ,3715.8,2901.3,746.7,61.2,6.6,6.0,1.0,21.5,3.0,79
Ecuador,4,Joel ORDONEZ,4671.3,2049.5,1779.5,538.6,192.3,111.4,46.0,16.0,30.9,79
Ecuador,6,Willian PACHO,8550.0,4324.1,2856.8,838.0,347.8,183.2,64.0,29.0,32.9,79
Ecuador,9,John YEBOAH,7491.2,3038.4,2871.9,971.7,401.8,207.3,89.0,33.0,30.5,79
Ecuador,13,Enner VALENCIA,6016.2,2510.8,2414.4,619.0,313.3,158.7,57.0,27.0,32.7,79
Ecuador,15,Pedro VITE,10731.6,3791.3,4261.4,1869.7,754.0,55.1,154.0,50.0,30.9,79
Ecuador,19,Gonzalo PLATA,10948.7,4099.5,4513.4,1543.1,678.7,114.0,121.0,46.0,29.6,79
Ecuador,20,Nilson ANGULO,8206.3,3639.4,2682.1,995.8,506.0,383.0,81.0,48.0,33.8,79
Ecuador,21,Alan FRANCO,4892.5,2161.9,1696.9,602.1,327.7,103.9,55.0,23.0,31.3,79
Ecuador,23,Moises CAICEDO,10431.8,4093.3,4206.8,1512.8,451.9,167.0,127.0,33.0,34.5,79
Ecuador,10,Kendry PAEZ,2319.6,855.6,822.6,420.9,150.0,70.5,33.0,15.0,29.6,79
Ecuador,11,Kevin RODRIGUEZ,4045.1,1614.6,1487.7,605.4,235.0,102.2,50.0,26.0,28.9,79
Ecuador,16,Jordy CAICEDO,1917.8,882.6,697.9,211.9,85.2,40.2,16.0,10.0,29.1,79
Ecuador,17,Angelo PRECIADO,5350.7,2112.8,2166.5,588.9,242.5,240.0,45.0,22.0,32.3,79
Ecuador,26,Yaimar MEDINA,5486.2,2215.7,2031.7,697.7,341.0,200.1,58.0,28.0,30.5,79
England,1,Jordan PICKFORD,5852.6,4038.4,1561.3,192.4,44.4,16.0,17.0,6.0,26.9,80
England,2,Ezri KONSA,10004.8,4547.4,3964.9,1001.2,360.3,131.0,91.0,27.0,32.2,80
England,3,Nico OREILLY,11105.8,4185.1,4636.9,1377.9,602.6,303.3,119.0,45.0,34.2,80
England,4,Declan RICE,11227.1,3833.1,4871.0,1678.1,610.8,234.1,124.0,45.0,32.6,80
England,6,Marc GUEHI,10400.3,3743.3,4848.6,1244.7,413.0,150.8,108.0,31.0,29.8,80
England,8,Elliot ANDERSON,11565.4,3783.1,5515.6,1635.2,534.5,96.9,135.0,40.0,28.0,80
England,9,Harry KANE,11493.0,4159.7,4893.0,1674.0,620.4,145.9,135.0,42.0,32.4,80
England,10,Jude BELLINGHAM,11426.1,4544.7,3991.3,1897.0,746.1,246.9,167.0,59.0,31.1,80
England,11,Marcus RASHFORD,7368.7,2616.1,3261.3,802.7,401.3,287.2,68.0,33.0,35.2,80
England,20,Noni MADUEKE,6731.9,2976.5,2202.6,937.2,429.3,186.3,81.0,34.0,33.7,80
England,25,Djed SPENCE,7558.4,3171.0,2848.4,796.3,421.4,321.2,68.0,41.0,35.0,80
England,5,John STONES,480.9,221.4,152.5,46.0,42.1,18.9,5.0,3.0,27.7,80
England,7,Bukayo SAKA,3788.5,1465.8,1492.0,495.0,269.4,66.3,47.0,20.0,28.9,80
England,18,Anthony GORDON,3724.6,1682.9,1068.4,583.7,316.9,72.7,52.0,21.0,28.6,80
England,21,Eberechi EZE,2771.8,1040.8,1146.8,411.3,121.3,51.6,33.0,12.0,30.0,80
Congo DR,2,Aaron WAN-BISSAKA,10265.0,3902.1,4140.2,1398.5,595.1,229.1,122.0,46.0,33.3,80
Congo DR,4,Axel TUANZEBE,9780.4,4151.9,4204.2,846.0,449.9,128.4,81.0,36.0,31.4,80
Congo DR,6,Ngalayel MUKAU,9685.0,2827.6,4740.3,1462.4,492.9,161.8,131.0,35.0,34.4,80
Congo DR,7,Nathanael MBUKU,8465.6,2402.4,4170.4,1235.6,517.1,140.2,117.0,31.0,31.7,80
Congo DR,8,Samuel MOUTOUSSAMY,11493.6,3030.7,5485.0,2152.3,638.6,187.0,155.0,47.0,31.0,80
Congo DR,9,Brian CIPENGA,9309.1,2877.5,4226.0,1298.4,689.5,217.6,116.0,58.0,30.9,80
Congo DR,14,Noah SADIKI,11922.5,3625.4,5613.6,1734.9,746.0,202.7,144.0,51.0,31.6,80
Congo DR,20,Yoane WISSA,10107.7,4975.8,3525.7,1040.8,391.4,174.1,83.0,25.0,33.3,80
Congo DR,22,Chancel MBEMBA,9323.6,4342.4,3571.1,898.2,346.4,165.5,82.0,29.0,32.1,80
Congo DR,26,Arthur MASUAKU,9074.6,3903.9,3833.8,930.6,299.1,107.2,80.0,28.0,33.3,80
Congo DR,10,Theo BONGONDA,2383.0,854.2,1144.1,210.7,138.6,35.3,17.0,8.0,32.0,80
Congo DR,12,Joris KAYEMBE,754.4,277.4,345.9,76.5,40.9,13.7,7.0,2.0,26.1,80
Congo DR,13,Meschack ELIA,3387.5,1211.7,1295.4,445.1,216.7,218.6,45.0,18.0,34.3,80
Congo DR,19,Fiston MAYELE,795.7,266.3,375.8,119.2,34.4,7.0,3.0,24.6,25.0,80
Belgium,1,Thibaut COURTOIS,6716.8,5504.7,1026.5,115.8,47.2,22.6,13.0,3.0,26.6,81
Belgium,3,Arthur THEATE,14085.8,5376.0,6234.8,1667.6,544.8,262.6,133.0,44.0,31.6,81
Belgium,4,Brandon MECHELE,14806.2,4944.2,7017.9,1947.4,626.8,269.9,163.0,54.0,30.5,81
Belgium,5,Maxim DE CUYPER,9032.3,2947.2,3849.5,1316.5,681.9,237.2,112.0,47.0,30.4,81
Belgium,7,Kevin DE BRUYNE,7120.0,2353.6,3164.4,1100.4,359.8,141.7,89.0,28.0,30.9,81
Belgium,8,Youri TIELEMANS,16208.6,5177.8,7522.5,2558.8,877.6,71.9,235.0,61.0,27.9,81
Belgium,10,Leandro TROSSARD,13775.0,4312.3,6214.2,2267.4,693.5,287.6,184.0,56.0,30.4,81
Belgium,11,Jeremy DOKU,6626.5,2638.1,2269.8,1182.3,395.4,140.9,90.0,35.0,31.8,81
Belgium,17,Charles DE KETELAERE,5420.0,1940.1,2488.5,632.8,260.0,98.6,51.0,23.0,30.4,81
Belgium,20,Hans VANAKEN,7933.1,2509.8,3664.0,1265.7,423.2,70.4,113.0,25.0,27.0,81
Belgium,21,Timothy CASTAGNE,16290.4,5306.3,7109.7,2585.6,877.4,411.3,195.0,72.0,31.9,81
Belgium,9,Romelu LUKAKU,7818.9,3532.9,2714.3,1112.5,438.0,21.2,95.0,32.0,26.3,81
Belgium,14,Dodi LUKEBAKIO,8099.0,3169.6,3274.3,972.1,400.4,282.6,85.0,36.0,32.8,81
Belgium,15,Thomas MEUNIER,7236.6,2211.1,3027.9,1211.5,578.1,208.0,98.0,44.0,30.6,81
Belgium,19,Diego MOREIRA,8031.5,2457.6,3227.1,1279.7,709.1,358.1,109.0,55.0,32.5,81
Belgium,23,Nicolas RASKIN,9302.0,2886.6,4465.9,1359.8,476.8,112.9,101.0,28.0,29.4,81
Belgium,24,Amadou ONANA,1986.3,869.5,812.9,180.9,92.7,30.3,14.0,5.0,26.2,81
Senegal,23,Mory DIAW,6234.7,5031.6,1133.9,56.7,12.5,4.0,2.0,22.5,5.0,81
Senegal,6,Pathe CISS,12711.6,6198.1,4947.1,1070.9,399.8,95.7,93.0,34.0,30.1,81
Senegal,10,Sadio MANE,10928.2,4162.4,4529.9,1350.7,663.3,221.9,106.0,53.0,31.8,81
Senegal,13,Iliman NDIAYE,8065.6,2848.2,3455.3,1134.3,424.1,203.8,101.0,42.0,30.1,81
Senegal,14,Ismail JAKOBS,12178.4,3677.8,5767.2,1752.6,603.2,377.7,152.0,49.0,34.7,81
Senegal,15,Krepin DIATTA,14131.8,5489.8,6435.0,1557.4,521.0,128.6,135.0,41.0,31.4,81
Senegal,18,Ismaila SARR,15922.2,5635.8,6981.2,2050.0,866.4,388.8,188.0,67.0,32.9,81
Senegal,19,Moussa NIAKHATE,13107.7,5134.6,6102.4,1388.5,388.2,94.0,114.0,31.0,29.1,81
Senegal,21,Habib DIARRA,8602.1,2887.2,3745.3,1240.8,562.3,166.5,111.0,44.0,30.3,81
Senegal,26,Pape GUEYE,8151.7,2524.5,3925.7,1195.7,483.7,22.0,93.0,31.0,27.4,81
Senegal,8,Lamine CAMARA,7286.7,2104.0,3516.2,1024.4,436.8,205.4,102.0,37.0,32.6,81
Senegal,11,Nicolas JACKSON,3784.6,1438.2,1536.4,476.8,209.7,123.5,38.0,22.0,31.9,81
Senegal,17,Pape Matar SARR,7113.5,2271.7,2918.4,1400.3,476.9,46.3,114.0,30.0,28.9,81
Senegal,20,Ibrahim MBAYE,6160.6,2294.6,2388.5,707.5,412.0,358.0,63.0,40.0,33.3,81
Senegal,22,Bara Sapoko NDIAYE,3984.9,1186.7,1999.1,616.6,154.1,28.3,56.0,15.0,27.0,81
Senegal,25,El Hadji Malick DIOUF,3700.2,1450.5,1570.6,400.9,173.6,104.6,39.0,15.0,30.5,81
USA,24,Matt FREESE,5932.5,4604.5,1266.3,49.4,8.1,4.2,5.0,1.0,25.5,82
USA,2,Sergino DEST,10157.0,3254.5,4618.3,1358.3,613.3,312.5,129.0,52.0,33.3,82
USA,3,Chris RICHARDS,10838.0,3729.6,5297.2,1445.8,329.5,35.9,125.0,23.0,30.7,82
USA,4,Tyler ADAMS,11427.8,3740.3,4687.8,2143.4,665.8,190.6,168.0,49.0,31.4,82
USA,5,Antonee ROBINSON,11678.7,3918.5,5001.0,1688.9,647.5,422.9,142.0,63.0,33.8,82
USA,8,Weston McKENNIE,11979.1,3820.0,5229.0,2134.1,557.7,238.2,163.0,45.0,30.7,82
USA,10,Christian PULISIC,10707.9,3714.4,4571.2,1458.3,632.1,332.0,137.0,53.0,33.7,82
USA,13,Tim REAM,9794.3,4366.0,3733.4,1260.8,384.0,50.1,103.0,28.0,29.9,82
USA,16,Alex FREEMAN,11231.3,4121.5,5134.7,1459.5,459.8,55.7,121.0,36.0,29.6,82
USA,17,Malik TILLMAN,11387.1,4000.1,4672.5,1733.1,719.5,261.9,149.0,60.0,32.9,82
USA,20,Folarin BALOGUN,7698.6,2362.7,3567.3,1078.3,517.0,173.4,84.0,44.0,32.5,82
USA,7,Giovanni REYNA,707.1,216.2,283.2,139.1,48.6,20.0,12.0,4.0,26.0,82
USA,9,Ricardo PEPI,1747.2,429.2,807.5,278.0,180.9,51.6,20.0,13.0,27.6,82
USA,14,Sebastian BERHALTER,1750.8,517.1,751.5,318.9,113.8,49.5,29.0,9.0,30.4,82
Bosnia and Herzegovina,1,Nikola VASILJ,6000.5,4593.2,1275.6,87.1,36.0,8.6,9.0,3.0,27.4,82
Bosnia and Herzegovina,4,Tarik MUHAREMOVIC,10221.4,4140.4,4518.6,1022.4,417.3,122.8,91.0,31.0,30.8,82
Bosnia and Herzegovina,5,Sead KOLASINAC,8253.7,3454.1,3349.6,883.3,431.6,135.1,84.0,35.0,31.7,82
Bosnia and Herzegovina,7,Amar DEDIC,10800.1,3957.8,4688.3,1363.5,601.3,189.2,126.0,53.0,31.5,82
Bosnia and Herzegovina,8,Armin GIGOVIC,6902.6,2194.9,2880.1,1188.6,488.4,150.7,97.0,40.0,30.7,82
Bosnia and Herzegovina,10,Ermedin DEMIROVIC,10379.1,4511.8,4009.5,1121.2,445.0,291.7,93.0,42.0,32.7,82
Bosnia and Herzegovina,11,Edin DZEKO,6003.9,2672.7,2337.3,689.5,281.1,23.3,66.0,15.0,26.9,82
Bosnia and Herzegovina,14,Ivan SUNJIC,6867.9,2034.9,2967.0,1205.4,580.0,80.6,111.0,37.0,29.3,82
Bosnia and Herzegovina,18,Nikola KATIC,8595.2,3198.7,3603.5,1182.0,519.5,91.5,120.0,38.0,31.5,82
Bosnia and Herzegovina,19,Kerim ALAJBEGOVIC,11287.8,4647.9,4539.1,1377.6,505.6,217.6,123.0,47.0,31.4,82
Bosnia and Herzegovina,21,Stjepan RADELJIC,10209.2,4426.4,4296.3,938.0,449.4,99.1,79.0,36.0,29.1,82
Bosnia and Herzegovina,6,Benjamin TAHIROVIC,5345.7,1847.4,2256.1,920.2,251.8,70.2,74.0,18.0,28.3,82
Bosnia and Herzegovina,15,Amar MEMIC,2733.0,963.8,1073.8,415.6,201.5,78.3,32.0,15.0,32.0,82
Bosnia and Herzegovina,20,Esmir BAJRAKTAREVIC,5424.2,1643.2,2504.2,743.7,367.1,166.1,68.0,31.0,30.9,82
Bosnia and Herzegovina,23,Haris TABAKOVIC,2264.9,1233.7,814.2,157.2,29.4,30.4,12.0,3.0,29.0,82
Bosnia and Herzegovina,26,Ermin MAHMIC,5839.3,1925.6,2403.4,996.9,324.0,189.4,86.0,29.0,31.3,82
Spain,23,Unai SIMON,5747.0,4527.5,1031.3,152.8,35.4,17.0,2.0,24.7,10.0,83
Spain,12,Pedro PORRO,10274.0,4150.6,3787.2,1440.5,588.3,307.4,126.0,52.0,32.7,83
Spain,14,Aymeric LAPORTE,9798.4,4250.5,3992.0,1047.3,393.3,115.3,87.0,28.0,31.3,83
Spain,15,Alex BAENA,7544.2,2938.8,3043.1,1023.9,404.5,133.9,82.0,28.0,31.9,83
Spain,16,RODRI,12272.3,3690.4,5492.9,2277.3,670.6,141.2,190.0,47.0,30.9,83
Spain,19,Lamine YAMAL,7598.9,3856.6,2406.7,611.9,449.5,274.1,58.0,36.0,32.8,83
Spain,20,PEDRI,11665.6,3342.1,5239.4,2021.3,784.7,278.1,167.0,55.0,30.0,83
Spain,21,Mikel OYARZABAL,9737.1,3990.8,3454.6,1239.3,800.8,251.5,105.0,56.0,29.3,83
Spain,22,Pau CUBARSI,10307.0,4338.9,4059.1,1215.4,514.6,178.9,114.0,38.0,31.7,83
Spain,24,Marc CUCURELLA,10702.1,4042.0,4210.1,1489.3,665.2,295.4,126.0,47.0,30.6,83
Spain,2,Marc PUBILL,455.7,159.6,188.5,65.3,36.8,5.5,6.0,3.0,26.2,83
Spain,6,Mikel MERINO,3489.8,877.5,1533.5,762.2,247.3,69.2,63.0,18.0,29.7,83
Spain,7,Ferran TORRES,3076.3,1207.9,1103.6,404.0,260.9,99.9,35.0,23.0,32.4,83
Spain,9,GAVI,1479.0,358.0,659.3,250.0,125.5,86.2,17.0,10.0,29.9,83
Austria,1,Alexander SCHLAGER,5487.8,3680.3,1583.7,175.1,48.7,17.0,3.0,23.3,3.0,83
Austria,4,Xaver SCHLAGER,5477.3,1757.4,2330.3,1013.5,279.6,96.4,77.0,22.0,31.4,83
Austria,5,Stefan POSCH,9468.7,3287.1,4088.5,1358.7,483.6,250.9,112.0,37.0,30.1,83
Austria,6,Nicolas SEIWALD,5761.7,1595.5,2701.2,973.2,328.6,163.2,85.0,27.0,30.6,83
Austria,8,David ALABA,9413.5,3439.8,4279.9,1292.6,305.0,96.2,100.0,24.0,29.3,83
Austria,9,Marcel SABITZER,10270.8,4117.9,3554.6,1575.2,675.5,347.5,129.0,60.0,33.1,83
Austria,11,Michael GREGORITSCH,6572.5,2320.8,2899.4,820.3,412.1,119.9,67.0,33.0,30.1,83
Austria,18,Romano SCHMID,7365.0,2325.6,3031.5,1252.3,543.5,212.0,102.0,42.0,34.0,83
Austria,20,Konrad LAIMER,9791.9,3814.1,3902.7,1178.3,600.1,296.7,98.0,47.0,32.6,83
Austria,24,Paul WANNER,11625.7,3362.9,5336.3,1913.8,772.0,240.8,167.0,56.0,30.0,83
Austria,7,Marko ARNAUTOVIC,3142.7,1358.3,1201.1,407.1,129.4,46.8,32.0,11.0,31.8,83
Austria,10,Florian GRILLITSCH,5804.4,2113.5,2326.2,973.2,280.2,111.2,79.0,22.0,29.9,83
Austria,14,Sasa KALAJDZIC,3842.2,1277.8,1516.9,651.9,310.0,85.8,57.0,29.0,29.7,83
Austria,17,Carney CHUKWUEMEKA,5585.7,1880.3,2368.1,801.4,363.1,172.6,72.0,30.0,30.5,83
Austria,22,Alexander PRASS,1443.5,294.4,642.3,257.2,153.9,95.6,24.0,13.0,30.1,83
Portugal,1,DIOGO COSTA,4749.5,3872.6,746.6,111.8,18.5,7.0,1.0,23.5,3.0,84
Portugal,7,CRISTIANO RONALDO,7170.4,3445.0,2724.8,627.1,302.2,71.3,59.0,26.0,26.9,84
Portugal,8,BRUNO FERNANDES,7235.5,2547.9,3140.8,945.8,473.5,127.4,83.0,36.0,29.7,84
Portugal,13,RENATO VEIGA,10625.9,4885.0,4051.7,1147.1,416.9,125.2,103.0,33.0,29.8,84
Portugal,15,JOAO NEVES,12441.0,4074.7,5675.5,1821.4,716.4,153.0,158.0,47.0,27.5,84
Portugal,17,RAFAEL LEAO,9846.1,4943.6,3200.4,1000.3,431.6,270.3,95.0,39.0,34.4,84
Portugal,18,PEDRO NETO,6578.3,2829.3,2218.3,771.8,465.4,293.5,62.0,42.0,34.2,84
Portugal,20,JOAO CANCELO,7079.5,2753.2,2798.0,937.3,418.2,172.8,76.0,32.0,32.9,84
Portugal,23,VITINHA,7431.4,2390.5,3627.2,970.4,380.9,62.4,87.0,26.0,29.3,84
Portugal,25,NUNO MENDES,9511.0,3987.7,3663.2,1086.3,482.2,291.5,94.0,36.0,35.2,84
Portugal,2,NELSON SEMEDO,4246.7,1717.6,1591.5,505.6,269.1,162.9,44.0,22.0,35.9,84
Portugal,9,GONCALO RAMOS,4802.5,1612.3,1891.8,843.0,335.7,119.7,74.0,26.0,30.6,84
Portugal,10,BERNARDO SILVA,5182.4,1663.1,2160.0,1025.9,309.8,23.6,84.0,21.0,26.6,84
Portugal,21,RUBEN NEVES,3307.4,1187.2,1375.6,501.5,207.9,35.2,43.0,12.0,28.4,84
Portugal,26,FRANCISCO CONCEICAO,4929.0,1847.3,1664.2,967.4,316.2,133.8,70.0,22.0,32.2,84
Croatia,2,Josip STANISIC,11037.7,4589.4,4442.9,1155.9,565.7,283.8,101.0,47.0,32.0,84
Croatia,3,Marin PONGRACIC,10216.9,4303.3,4093.5,1214.3,478.0,127.8,101.0,37.0,31.9,84
Croatia,6,Josip SUTALO,10361.0,4161.6,4583.5,1214.4,329.0,72.5,107.0,26.0,29.0,84
Croatia,8,Mateo KOVACIC,10470.4,3854.7,4708.8,1301.9,429.2,175.9,93.0,31.0,29.9,84
Croatia,10,Luka MODRIC,11158.2,4356.2,4840.6,1421.2,419.8,120.3,115.0,37.0,32.1,84
Croatia,11,Ante BUDIMIR,5361.7,1945.3,2414.1,565.7,339.6,97.0,52.0,27.0,32.1,84
Croatia,13,Nikola VLASIC,9988.2,3867.5,3909.8,1381.9,619.9,209.1,126.0,46.0,32.6,84
Croatia,14,Ivan PERISIC,11066.1,4937.0,3852.4,1357.3,604.9,314.5,118.0,45.0,33.5,84
Croatia,16,Martin BATURINA,7834.5,2609.5,3383.8,1207.2,507.1,126.8,110.0,38.0,31.1,84
Croatia,17,Petar SUCIC,12865.8,3888.2,6083.2,1923.1,742.9,228.5,176.0,46.0,31.8,84
Croatia,4,Josko GVARDIOL,1933.8,714.1,559.1,466.0,168.9,25.8,35.0,10.0,26.9,84
Croatia,9,Andrej KRAMARIC,1352.1,537.1,440.6,221.3,135.3,17.8,22.0,6.0,28.1,84
Croatia,15,Mario PASALIC,3892.5,1590.5,1482.0,495.1,269.0,55.8,51.0,17.0,29.1,84
Croatia,20,Igor MATANOVIC,6268.9,2300.1,2664.2,841.2,396.9,66.6,70.0,33.0,29.0,84
Switzerland,1,Gregor KOBEL,6077.3,4557.1,1393.3,101.5,22.0,3.4,11.0,2.0,25.3,85
Switzerland,4,Nico ELVEDI,10250.4,3613.9,4871.8,1318.2,319.3,127.2,121.0,27.0,32.5,85
Switzerland,5,Manuel AKANJI,10135.4,3695.7,4730.3,1227.4,356.9,125.2,101.0,28.0,30.4,85
Switzerland,6,Denis ZAKARIA,9474.5,3606.2,3717.9,1310.8,544.9,294.6,106.0,43.0,33.3,85
Switzerland,7,Breel EMBOLO,8797.8,3763.5,3138.1,1124.2,524.8,247.3,97.0,39.0,34.0,85
Switzerland,8,Remo FREULER,12282.0,3889.6,5963.5,1905.2,454.8,69.0,184.0,38.0,28.6,85
Switzerland,9,Johan MANZAMBI,8369.3,2755.9,3702.8,1316.2,395.4,199.1,125.0,36.0,31.1,85
Switzerland,10,Granit XHAKA,11552.3,3531.1,5141.5,2261.1,565.5,53.1,188.0,39.0,26.6,85
Switzerland,11,Dan NDOYE,9622.7,3600.5,3658.6,1338.5,749.9,275.3,122.0,57.0,32.9,85
Switzerland,13,Ricardo RODRIGUEZ,10157.4,4160.8,4324.6,1158.6,397.9,115.7,93.0,33.0,28.1,85
Switzerland,17,Ruben VARGAS,7869.3,3444.7,2524.7,1142.7,528.0,229.2,105.0,41.0,30.7,85
Switzerland,3,Silvan WIDMER,1305.4,412.6,456.8,227.2,178.9,29.9,19.0,10.0,27.6,85
Switzerland,19,Noah OKAFOR,2914.4,994.1,1242.8,488.9,111.7,76.9,38.0,11.0,32.9,85
Switzerland,20,Michel AEBISCHER,1184.8,472.4,431.4,129.1,101.3,50.5,13.0,7.0,28.2,85
Switzerland,22,Fabian RIEDER,3546.6,945.4,1521.7,701.8,255.7,122.0,53.0,21.0,31.3,85
Switzerland,23,Zeki AMDOUNI,1858.7,486.6,864.8,313.9,111.5,81.8,22.0,9.0,29.3,85
Algeria,23,Luca ZIDANE,4698.3,3515.6,968.8,172.7,31.7,9.5,16.0,3.0,27.0,85
Algeria,2,Aissa MANDI,9739.4,4419.4,4084.3,972.5,213.0,50.2,88.0,15.0,28.1,85
Algeria,6,Ramiz ZERROUKI,7742.4,2204.5,3617.1,1257.6,543.2,120.0,116.0,33.0,30.3,85
Algeria,7,Riyad MAHREZ,8131.3,3113.8,3271.5,1151.6,492.2,102.3,97.0,37.0,30.5,85
Algeria,8,Houssem AOUAR,7130.6,2331.5,3096.9,1171.4,457.5,73.3,98.0,35.0,28.9,85
Algeria,10,Fares CHAIBI,11656.9,3706.4,5366.2,1822.8,580.7,181.0,152.0,45.0,31.2,85
Algeria,15,Rayan AIT-NOURI,10388.6,4244.4,3917.5,1438.4,543.5,244.6,117.0,45.0,32.4,85
Algeria,17,Rafik BELGHALI,8713.8,3300.2,3554.9,1191.7,411.2,255.8,102.0,40.0,32.3,85
Algeria,19,Nabil BENTALEB,8336.6,2683.5,3890.8,1116.8,535.1,110.3,110.0,35.0,31.0,85
Algeria,21,Ramy BENSEBAINI,9098.1,3923.5,3695.4,962.0,421.4,95.8,93.0,36.0,31.8,85
Algeria,22,Ibrahim MAZA,11580.8,3740.2,5397.6,1803.0,567.8,72.1,147.0,47.0,28.3,85
Algeria,9,Amine GOUIRI,3938.9,1664.7,1236.3,636.1,339.2,62.7,57.0,24.0,26.8,85
Algeria,11,Anis HADJ MOUSSA,2700.5,1097.4,1088.3,346.6,142.7,25.4,28.0,13.0,26.1,85
Algeria,13,Jaouen HADJAM,4352.4,1541.3,1512.2,746.8,349.9,202.3,48.0,28.0,32.6,85
Algeria,14,Hicham BOUDAOUI,3242.6,843.0,1545.0,596.9,205.1,52.6,48.0,15.0,27.8,85
Algeria,20,Adil BOULBINA,1704.3,567.2,596.1,293.0,177.1,70.8,25.0,12.0,28.2,85
Australia,18,Patrick BEACH,5567.4,4475.4,928.6,114.9,48.5,10.0,1.0,23.0,3.0,86
Australia,5,Jordan BOS,5192.1,1744.0,2126.8,664.0,362.9,294.5,58.0,34.0,33.2,86
Australia,8,Connor METCALFE,10340.0,3579.1,4465.1,1569.7,564.2,162.0,142.0,45.0,28.8,86
Australia,13,Aiden ONEILL,11399.5,3435.1,5573.5,1739.0,570.4,81.5,146.0,47.0,28.8,86
Australia,16,Aziz BEHICH,14062.4,4855.5,6150.8,1992.8,740.2,323.2,160.0,54.0,32.9,86
Australia,17,Nestory IRANKUNDA,7411.3,2841.3,2831.4,1046.6,407.1,284.9,79.0,40.0,34.8,86
Australia,19,Harry SOUTTAR,13181.4,5201.9,6453.3,1143.9,272.2,110.1,104.0,25.0,30.2,86
Australia,20,Cristian VOLPATO,8795.3,3107.9,3642.7,1499.5,473.3,71.9,132.0,35.0,29.8,86
Australia,22,Jackson IRVINE,16159.6,4698.0,7571.3,2986.1,765.7,138.4,252.0,53.0,29.5,86
Australia,25,Lucas HERRINGTON,13261.4,4630.3,7001.3,1257.6,291.4,80.8,114.0,22.0,32.7,86
Australia,9,Mohamed TOURE,5938.2,2221.8,2461.2,809.9,280.6,164.6,65.0,28.0,33.5,86
Australia,10,Ajdin HRUSTIC,6787.2,1881.5,3102.5,1250.7,430.7,121.9,101.0,29.0,30.2,86
Australia,11,Awer MABIL,3742.9,1069.2,1718.0,625.0,208.2,122.5,55.0,20.0,31.1,86
Australia,15,Kai TREWIN,8815.9,2966.8,4083.9,1106.5,484.9,173.9,98.0,41.0,29.7,86
Australia,24,Paul OKON-ENGSTLER,3944.3,1015.7,2003.9,579.7,224.1,120.8,51.0,17.0,31.9,86
Egypt,23,MOSTAFA SHOUBIR,6742.3,5620.2,1002.6,77.6,41.9,7.0,4.0,23.5,2.0,86
Egypt,3,MOHAMED HANY,12418.0,5233.2,5036.0,1460.9,539.9,148.1,126.0,39.0,31.2,86
Egypt,5,RAMY RABIA,12418.7,4944.9,5491.0,1465.9,416.2,100.6,133.0,36.0,29.8,86
Egypt,8,EMAM ASHOUR,13880.9,5067.2,6132.1,1766.4,655.2,260.0,155.0,48.0,32.5,86
Egypt,10,MOHAMED SALAH,13083.7,5302.7,5790.3,1379.3,466.7,144.7,123.0,36.0,31.3,86
Egypt,11,MOSTAFA ZICO,9385.0,2252.6,4717.6,1827.1,476.4,111.3,146.0,41.0,30.9,86
Egypt,14,HAMDY FATHY,7855.4,2521.9,3709.8,1260.1,309.1,54.5,105.0,25.0,29.7,86
Egypt,15,KARIM HAFEZ,8506.5,3056.1,3778.8,997.6,500.7,173.3,96.0,35.0,29.2,86
Egypt,19,MARAWAN ATTIA,14639.0,4986.4,6567.5,2242.3,628.1,214.7,190.0,54.0,32.5,86
Egypt,22,OMAR MARMOUSH,11398.3,4821.1,4657.6,1240.6,499.0,179.9,111.0,48.0,35.2,86
Egypt,4,HOSSAM ABDELMAGUID,5703.8,2425.9,2330.5,609.7,235.3,102.5,53.0,18.0,29.1,86
Egypt,7,TREZEGUET,5520.5,1935.9,2119.0,903.7,448.2,113.7,71.0,34.0,30.1,86
Egypt,9,HAMZA ABDELKARIM,1719.2,587.2,694.1,264.7,118.3,54.8,25.0,9.0,31.7,86
Egypt,12,HAISSEM HASSAN,6544.5,2653.5,2507.8,952.8,348.2,82.1,79.0,27.0,29.3,86
Egypt,21,MAHMOUD SABER,142.6,58.6,49.8,9.8,19.6,4.8,1.0,1.0,25.3,86
Argentina,23,Emiliano MARTINEZ,6040.7,5082.1,829.8,104.3,18.0,6.5,12.0,1.0,25.4,87
Argentina,6,Lisandro MARTINEZ,11996.5,6315.5,4075.6,1075.3,418.2,111.9,87.0,31.0,31.3,87
Argentina,7,Rodrigo DE PAUL,8706.6,3867.8,3181.2,948.6,598.3,110.6,80.0,42.0,29.3,87
Argentina,10,Lionel MESSI,10364.9,7031.2,2074.8,886.1,316.1,56.6,80.0,27.0,29.2,87
Argentina,13,Cristian ROMERO,11619.6,6580.3,3834.5,900.5,265.8,38.5,78.0,19.0,27.6,87
Argentina,16,Thiago ALMADA,8349.6,2483.4,4188.9,1184.4,389.8,103.0,97.0,31.0,29.0,87
Argentina,20,Alexis MAC ALLISTER,14031.8,5339.2,6636.8,1554.9,418.7,82.1,143.0,34.0,27.9,87
Argentina,22,Lautaro MARTINEZ,7236.0,2784.7,3077.3,890.2,376.8,106.9,77.0,33.0,31.5,87
Argentina,24,Enzo FERNANDEZ,14741.7,5431.9,6390.8,2043.3,760.3,115.4,185.0,57.0,28.7,87
Argentina,25,Facundo MEDINA,9280.9,3567.8,3763.4,1166.7,533.5,249.5,102.0,43.0,31.9,87
Argentina,26,Nahuel MOLINA,11434.9,4738.8,4618.8,1349.9,518.0,209.4,113.0,41.0,32.4,87
Argentina,3,Nicolas TAGLIAFICO,5172.1,2015.1,2128.9,679.3,267.2,81.6,61.0,21.0,31.1,87
Argentina,4,Gonzalo MONTIEL,2560.9,918.2,992.2,449.9,155.6,45.0,33.0,12.0,28.3,87
Argentina,5,Leandro PAREDES,5226.6,1992.2,2302.3,707.1,205.3,19.7,54.0,12.0,26.5,87
Argentina,9,Julian ALVAREZ,7128.2,2507.1,3132.2,886.0,433.9,169.0,70.0,32.0,32.6,87
Argentina,15,Nico GONZALEZ,6731.6,2749.8,2487.1,780.6,481.5,232.6,58.0,38.0,33.5,87
Cabo Verde,1,VOZINHA,6089.6,5274.9,681.1,83.8,47.3,2.4,7.0,5.0,25.4,87
Cabo Verde,3,DINEY BORGES,12588.2,6087.2,4867.7,1148.0,349.5,135.8,102.0,31.0,30.2,87
Cabo Verde,4,PICO LOPES,12276.4,5646.7,5122.5,1084.7,207.5,215.1,95.0,21.0,33.0,87
Cabo Verde,6,KEVIN PINA,10621.1,3970.4,5126.9,1122.5,348.4,52.9,98.0,28.0,28.7,87
Cabo Verde,7,JOVANE CABRAL,7764.4,3669.8,2624.6,985.4,403.7,81.0,95.0,30.0,28.8,87
Cabo Verde,13,SIDNY LOPES CABRAL,12808.8,5085.0,5643.6,1191.2,655.3,233.8,99.0,47.0,30.7,87
Cabo Verde,14,DEROY DUARTE,10876.0,4471.9,5149.7,1011.5,183.1,59.8,96.0,16.0,30.4,87
Cabo Verde,15,LAROS DUARTE,7800.9,2677.6,3898.8,899.6,257.0,67.8,87.0,24.0,30.4,87
Cabo Verde,20,RYAN MENDES,8469.7,3492.3,3229.3,1118.0,460.5,169.6,96.0,38.0,32.8,87
Cabo Verde,21,NUNO DA COSTA,7336.1,2678.1,3224.6,862.0,464.9,106.6,84.0,41.0,31.3,87
Cabo Verde,22,STEVEN MOREIRA,13193.6,5693.6,5360.1,1365.6,596.2,178.1,117.0,48.0,32.3,87
Cabo Verde,9,GILSON BENCHIMOL,3014.0,913.2,1143.5,434.2,293.7,229.3,46.0,27.0,33.4,87
Cabo Verde,10,JAMIRO MONTEIRO,6397.2,2467.0,2658.9,837.9,340.7,92.7,70.0,26.0,30.8,87
Cabo Verde,16,YANNICK SEMEDO,3068.1,1001.3,1208.0,537.3,217.9,103.6,39.0,16.0,29.6,87
Cabo Verde,17,WILLY SEMEDO,6105.1,2070.8,2650.7,1004.5,305.8,73.3,78.0,24.0,28.0,87
Cabo Verde,19,DAILON LIVRAMENTO,7061.0,2526.8,3187.7,933.5,279.5,133.4,79.0,27.0,33.6,87
Cabo Verde,26,HELIO VARELA,5767.7,2013.4,2473.3,792.0,280.8,208.2,71.0,25.0,32.3,87
Colombia,12,Camilo VARGAS,4503.9,3793.0,653.4,44.7,12.8,4.0,1.0,22.9,2.0,88
Colombia,3,Jhon LUCUMI,8196.7,4143.0,3027.2,758.5,206.6,61.5,70.0,21.0,30.9,88
Colombia,7,Luis DIAZ,9875.1,4223.3,3420.7,1228.3,641.1,361.7,108.0,56.0,33.1,88
Colombia,9,Jhon CORDOBA,583.9,293.1,189.5,63.7,26.0,11.7,7.0,2.0,26.7,88
Colombia,10,James RODRIGUEZ,4986.8,2196.1,2091.4,608.2,91.1,51.0,8.0,23.5,11.0,88
Colombia,14,Gustavo PUERTA,11629.4,4091.1,5156.3,1672.2,582.2,127.6,151.0,41.0,31.3,88
Colombia,16,Jefferson LERMA,11225.1,3717.8,5266.0,1691.7,483.6,66.0,154.0,35.0,31.7,88
Colombia,17,Johan MOJICA,10145.5,4832.7,3333.5,1160.1,627.7,191.7,108.0,51.0,31.0,88
Colombia,23,Davinson SANCHEZ,9021.4,4094.9,3735.3,863.3,260.5,67.4,81.0,20.0,30.4,88
Colombia,6,Richard RIOS,5880.1,2328.6,2118.8,893.8,408.7,130.2,74.0,33.0,31.3,88
Colombia,20,Juan QUINTERO,3114.8,1088.1,1354.1,481.6,169.6,21.4,42.0,12.0,26.5,88
Colombia,21,Jaminton CAMPAZ,995.9,247.4,395.1,206.3,136.8,10.2,17.0,8.0,26.2,88
Colombia,25,Luis SUAREZ,8553.3,4532.0,2487.7,722.4,484.0,327.1,61.0,40.0,33.9,88
Ghana,3,Caleb YIRENKYI,9150.0,3110.8,4167.9,1257.2,422.4,191.6,124.0,28.0,31.8,88
Ghana,5,Thomas PARTEY,10451.7,4147.5,4698.5,1140.4,416.0,49.3,105.0,27.0,28.5,88
Ghana,8,Kwasi SIBO,7495.7,2436.6,3401.4,1227.0,315.9,114.8,104.0,25.0,29.3,88
Ghana,9,Jordan AYEW,8565.6,3413.4,3431.2,1039.8,547.4,133.7,96.0,43.0,31.0,88
Ghana,11,Antoine SEMENYO,9921.1,5057.8,2868.5,994.5,615.2,385.0,78.0,48.0,33.7,88
Ghana,14,Gideon MENSAH,9957.3,4219.2,3645.8,1162.4,674.2,255.7,96.0,54.0,31.7,88
Ghana,18,Jerome OPOKU,9244.0,4410.9,3478.3,926.9,322.4,105.7,81.0,25.0,32.7,88
Ghana,19,Inaki WILLIAMS,5871.4,2851.9,1936.0,572.2,362.5,148.8,54.0,31.0,32.2,88
Ghana,23,Derrick LUCKASSEN,8858.8,4503.8,3197.6,834.1,234.7,88.6,76.0,17.0,31.8,88
Ghana,26,Marvin SENAYA,1053.9,381.8,425.6,100.9,73.0,72.7,6.0,6.0,28.9,88
Ghana,2,Alidu SEIDU,8379.0,3831.6,3118.7,858.8,380.8,189.1,73.0,34.0,33.8,88
Ghana,7,Abdul FATAWU,3681.0,1402.5,1268.0,631.3,272.8,106.3,49.0,21.0,31.9,88
Ghana,15,Elisha OWUSU,3955.8,1290.6,1448.2,821.7,308.9,86.5,63.0,20.0,29.2,88
Ghana,24,Ernest NUAMAH,2323.0,853.5,905.8,431.9,95.0,36.8,28.0,9.0,30.2,88
Ghana,25,Prince ADU,1903.9,758.0,703.1,257.8,158.0,27.1,21.0,9.0,32.7,88
Paraguay,2,Gustavo VELAZQUEZ,8434.8,4257.0,3118.1,649.9,252.2,157.6,59.0,18.0,31.9,89
Paraguay,3,Omar ALDERETE,5372.1,3109.7,1635.3,413.8,185.7,27.6,40.0,11.0,27.9,89
Paraguay,4,Juan Jose CACERES,9719.8,4422.8,3685.0,943.4,496.4,172.2,82.0,40.0,33.9,89
Paraguay,6,Junior ALONSO,9191.2,4761.3,3110.4,945.5,255.5,118.5,76.0,18.0,31.1,89
Paraguay,8,Diego GOMEZ,7940.4,2897.5,3136.2,1280.7,527.4,98.6,95.0,30.0,28.7,89
Paraguay,10,Miguel ALMIRON,7290.3,2915.3,3098.9,782.6,233.1,260.3,64.0,22.0,33.3,89
Paraguay,14,Andres CUBAS,10868.0,3902.9,4934.0,1446.3,470.6,114.2,129.0,33.0,28.1,89
Paraguay,15,Gustavo GOMEZ,8643.1,4843.8,2805.6,630.6,243.6,119.6,53.0,15.0,31.8,89
Paraguay,19,Julio ENCISO,6697.6,2361.7,2697.4,871.7,439.1,327.7,68.0,36.0,33.5,89
Paraguay,23,Matias GALARZA,11032.3,4100.7,4423.5,1503.2,782.6,222.2,116.0,42.0,29.0,89
Paraguay,11,MAURICIO,3230.6,1043.9,1347.8,524.8,233.7,80.3,43.0,18.0,29.7,89
Paraguay,13,Jose CANALE,3452.6,1538.0,1438.3,323.6,121.1,31.7,29.0,10.0,27.4,89
Paraguay,21,Gabriel AVALOS,3068.2,1225.7,1232.6,477.5,113.9,18.5,28.0,9.0,26.6,89
Paraguay,24,Gustavo CABALLERO,4104.8,1556.2,1557.0,555.7,250.0,186.0,53.0,21.0,34.7,89
France,16,Mike MAIGNAN,5546.3,3850.1,1446.6,224.7,12.4,12.4,23.0,2.0,29.6,89
France,3,Lucas DIGNE,10384.1,4821.3,3454.4,1457.3,493.8,157.3,128.0,40.0,30.2,89
France,4,Dayot UPAMECANO,9737.2,4237.0,4069.5,929.8,340.0,160.9,88.0,24.0,32.8,89
France,5,Jules KOUNDE,10294.3,4153.7,3967.7,1333.0,636.1,203.9,107.0,47.0,31.7,89
France,6,Manu KONE,9937.8,3999.5,4275.3,1241.0,320.2,101.7,96.0,19.0,29.8,89
France,7,Ousmane DEMBELE,8009.6,3871.0,2873.5,888.5,326.9,49.7,73.0,22.0,26.5,89
France,10,Kylian MBAPPE,8290.1,4515.4,2691.3,682.6,226.4,174.4,58.0,23.0,36.5,89
France,11,Michael OLISE,11621.5,3973.1,5165.8,1716.2,649.4,117.1,122.0,39.0,30.5,89
France,12,Bradley BARCOLA,6146.2,2755.7,2465.4,679.8,165.4,79.9,44.0,16.0,31.8,89
France,14,Adrien RABIOT,10499.0,4524.8,4040.5,1404.4,479.4,49.9,109.0,31.0,30.8,89
France,17,William SALIBA,8903.6,4360.9,3149.6,859.4,359.4,174.4,80.0,31.0,34.1,89
France,20,Desire DOUE,3631.1,1429.2,1431.2,414.7,171.5,184.6,36.0,15.0,33.5,89
France,24,Rayan CHERKI,1832.7,665.8,701.6,251.3,131.5,82.4,22.0,10.0,30.1,89
Canada,16,Maxime CREPEAU,5939.5,4046.7,1515.6,275.3,99.5,2.4,25.0,5.0,25.4,90
Canada,2,Alistair JOHNSTON,10555.4,4048.7,3931.5,1590.1,574.2,410.9,133.0,47.0,32.4,90
Canada,4,Luc DE FOUGEROLLES,11204.6,3382.7,5432.7,1475.4,585.4,328.4,124.0,41.0,30.9,90
Canada,7,Stephen EUSTAQUIO,11950.3,3686.3,4606.4,2907.9,703.8,45.9,205.0,41.0,27.8,90
Canada,10,Jonathan DAVID,11395.0,4168.1,4512.2,1588.3,832.4,294.0,136.0,69.0,32.3,90
Canada,12,Tani OLUWASEYI,6848.7,2562.0,2633.4,1010.7,377.0,265.6,84.0,34.0,33.4,90
Canada,15,Moise BOMBITO,10206.1,3678.8,4603.0,1225.3,460.3,238.8,98.0,36.0,32.5,90
Canada,17,Tajon BUCHANAN,10139.5,3514.3,4099.0,1477.4,703.4,345.4,118.0,54.0,34.2,90
Canada,20,Ali AHMED,9017.3,3339.0,3458.3,1263.0,672.6,284.4,116.0,58.0,33.0,90
Canada,22,Richie LARYEA,7988.9,3141.5,2976.0,967.2,572.1,332.2,80.0,49.0,32.9,90
Canada,23,Niko SIGUR,10786.3,3365.2,4598.9,1973.0,625.4,223.7,169.0,45.0,32.1,90
Canada,9,Cyle LARIN,3093.7,1372.4,1110.3,383.3,166.1,61.6,36.0,11.0,30.8,90
Canada,14,Jacob SHAFFELBURG,2571.1,816.6,975.4,423.6,258.5,97.0,33.0,17.0,34.2,90
Canada,21,Jonathan OSORIO,1392.5,463.7,486.8,272.6,89.3,80.0,19.0,7.0,30.7,90
Canada,24,Promise DAVID,1682.0,861.4,547.6,128.7,129.1,15.2,12.0,9.0,26.7,90
Canada,26,Jayden NELSON,1462.3,535.7,581.7,232.1,69.2,43.6,19.0,5.0,29.0,90
Morocco,1,Yassine BOUNOU,4579.3,3563.7,925.9,78.6,11.1,8.0,2.0,22.3,2.0,90
Morocco,3,Noussair MAZRAOUI,9228.7,4124.4,3605.6,992.7,389.0,117.0,94.0,32.0,29.6,90
Morocco,6,Ayyoub BOUADDI,7440.1,2322.5,3457.0,1163.2,336.9,160.5,97.0,27.0,31.5,90
Morocco,8,Azzedine OUNAHI,9904.1,3289.9,4139.3,1560.3,678.3,236.4,121.0,45.0,30.0,90
Morocco,10,Brahim DIAZ,10177.6,4317.2,3611.4,1239.2,681.7,328.1,102.0,56.0,32.6,90
Morocco,11,Ismael SAIBARI,2381.5,653.9,1063.7,327.6,223.3,113.1,28.0,18.0,31.5,90
Morocco,14,Issa DIOP,7873.0,3916.6,2969.1,799.4,147.7,40.1,69.0,11.0,32.7,90
Morocco,23,Bilal EL KHANNOUSS,6710.2,3088.6,2332.8,756.0,363.5,169.2,71.0,27.0,32.6,90
Morocco,24,Neil EL AYNAOUI,11041.0,3782.8,4585.5,1911.9,489.4,271.4,141.0,43.0,32.1,90
Morocco,25,Redouane HALHAL,9469.4,4088.9,4048.6,850.9,317.4,163.6,69.0,30.0,32.6,90
Morocco,4,Sofyan AMRABAT,3904.2,1320.4,1753.5,604.9,202.8,22.7,48.0,17.0,27.4,90
Morocco,5,Marwane SAADANE,1188.3,560.2,452.3,140.8,35.0,10.0,2.0,21.6,7.0,90
Morocco,9,Soufiane RAHIMI,9629.3,3391.7,3489.3,1448.8,847.0,452.5,115.0,58.0,33.3,90
Morocco,15,Samir EL MOURABET,1558.8,465.5,636.6,220.4,194.7,41.5,21.0,15.0,27.6,90
Brazil,1,ALISSON,5219.7,4353.5,771.8,82.5,11.9,6.0,1.0,22.4,3.0,91
Brazil,4,MARQUINHOS,10273.5,4215.2,4104.0,1215.2,516.8,222.2,96.0,40.0,32.6,91
Brazil,5,CASEMIRO,10875.2,4004.7,5087.3,1371.6,337.6,74.0,118.0,23.0,28.1,91
Brazil,7,VINICIUS JUNIOR,9924.7,4734.3,3193.4,1207.2,564.2,225.5,93.0,45.0,33.3,91
Brazil,8,BRUNO GUIMARAES,10223.9,3171.5,4635.3,1766.9,568.9,81.5,142.0,36.0,28.9,91
Brazil,9,MATHEUS CUNHA,6911.7,2780.8,2710.3,930.2,319.7,170.7,79.0,25.0,31.4,91
Brazil,13,DANILO,9829.6,4260.8,3401.0,1177.1,723.5,267.2,93.0,44.0,33.3,91
Brazil,16,DOUGLAS SANTOS,11077.9,4083.1,4665.6,1486.6,698.5,144.1,129.0,50.0,31.7,91
Brazil,22,GABRIEL MARTINELLI,8180.7,3115.1,3244.6,1167.8,452.0,201.2,90.0,38.0,30.1,91
Brazil,26,RAYAN,7569.0,3033.2,2995.0,1123.5,344.8,72.5,103.0,23.0,29.2,91
Brazil,2,EDERSON SILVA,2418.7,850.2,960.8,309.7,202.4,95.6,29.0,16.0,32.8,91
Brazil,10,NEYMAR JR,3415.4,1178.9,1613.8,488.4,109.9,24.4,38.0,10.0,27.3,91
Brazil,18,DANILO SANTOS,3573.8,1163.1,1620.4,468.2,245.5,76.6,33.0,17.0,27.5,91
Brazil,19,ENDRICK,3927.7,1883.4,1384.5,400.2,181.9,77.8,31.0,16.0,32.7,91
Norway,1,Orjan NYLAND,6732.6,5265.2,1354.0,78.7,34.7,8.0,3.0,22.7,3.0,91
Norway,5,David MOLLER WOLFE,10583.2,3688.9,4843.3,1168.8,559.2,322.9,102.0,48.0,30.2,91
Norway,6,Patrick BERG,12215.7,4467.6,4847.0,1694.4,913.1,293.6,147.0,62.0,32.2,91
Norway,7,Alexander SORLOTH,5448.0,2189.5,1984.6,825.2,308.0,140.6,64.0,26.0,32.3,91
Norway,8,Sander BERGE,12018.0,4291.8,5947.5,1244.1,396.5,138.1,114.0,29.0,33.1,91
Norway,9,Erling HAALAND,9926.7,4978.5,3392.9,964.9,409.6,180.8,74.0,35.0,32.8,91
Norway,10,Martin ODEGAARD,12662.1,4178.6,5375.5,2180.5,600.9,326.7,180.0,49.0,30.8,91
Norway,17,Torbjorn HEGGEM,11296.0,4217.5,5425.9,1251.2,275.0,126.3,106.0,21.0,33.1,91
Norway,20,Antonio NUSA,4890.0,2212.5,1564.7,595.5,361.4,156.0,50.0,25.0,31.6,91
Norway,26,Julian RYERSON,7762.0,2965.5,3293.9,1034.4,386.5,81.7,86.0,28.0,28.9,91
Norway,4,Leo OSTIGARD,498.8,293.3,129.4,67.4,8.6,6.0,1.0,21.6,14.0,91
Norway,21,Andreas SCHJELDERUP,5815.2,2342.0,2134.3,820.0,361.1,157.8,69.0,29.0,32.1,91
Norway,22,Oscar BOBB,5834.4,2217.0,2286.5,784.3,416.7,129.9,66.0,30.0,30.9,91
Mexico,1,Raul RANGEL,5288.7,4062.9,1019.4,142.1,54.7,9.5,11.0,4.0,25.8,92
Mexico,2,Jorge SANCHEZ,8504.2,3212.1,3532.2,1073.0,407.5,279.4,74.0,39.0,31.7,92
Mexico,3,Cesar MONTES,4333.0,1958.3,1875.9,395.7,87.7,15.4,30.0,6.0,28.3,92
Mexico,5,Johan VASQUEZ,10716.5,4110.3,4882.3,1292.1,395.9,36.0,113.0,32.0,26.4,92
Mexico,6,Erik LIRA,11141.6,4318.7,4982.5,1319.9,431.2,89.3,114.0,34.0,29.3,92
Mexico,7,Luis ROMO,7283.9,2570.2,2995.6,1202.4,355.1,160.5,98.0,25.0,29.7,92
Mexico,9,Raul JIMENEZ,9180.6,4597.9,3051.3,1011.6,409.5,110.2,75.0,37.0,29.6,92
Mexico,16,Julian QUINONES,8224.9,3208.4,3288.1,1026.1,524.0,178.2,95.0,46.0,33.0,92
Mexico,19,Gilberto MORA,6912.2,2579.4,2974.4,955.8,337.9,64.7,92.0,31.0,28.0,92
Mexico,23,Jesus GALLARDO,10607.9,4321.3,4518.0,1128.3,429.6,210.8,87.0,36.0,33.8,92
Mexico,25,Roberto ALVARADO,11387.1,3946.8,5454.6,1439.1,516.5,30.1,115.0,29.0,26.4,92
Mexico,4,Edson ALVAREZ,5550.4,2140.7,2386.7,750.3,208.2,64.4,54.0,17.0,29.1,92
Mexico,8,Alvaro FIDALGO,3153.9,1031.9,1227.7,593.7,172.6,128.0,43.0,16.0,31.4,92
Mexico,11,Santiago GIMENEZ,3129.9,1568.2,1121.5,316.8,87.1,36.3,29.0,6.0,32.1,92
Mexico,22,Guillermo MARTINEZ,2227.0,923.4,1014.3,152.3,80.6,56.5,13.0,9.0,29.5,92
Mexico,26,Brian GUTIERREZ,4403.8,1563.9,1906.4,679.3,199.7,54.6,60.0,18.0,28.7,92
England,1,Jordan PICKFORD,5826.3,4384.3,1274.5,117.8,41.8,8.0,11.0,4.0,27.3,92
England,2,Ezri KONSA,9694.1,4527.9,3911.7,1011.5,198.3,44.7,91.0,22.0,30.3,92
England,3,Nico OREILLY,7338.5,3056.6,2948.9,888.1,339.1,105.8,82.0,20.0,31.3,92
England,4,Declan RICE,11169.4,3858.5,5524.5,1297.4,345.9,143.1,114.0,31.0,31.6,92
England,6,Marc GUEHI,9123.9,3842.3,4232.6,863.8,176.1,9.0,70.0,17.0,26.8,92
England,7,Bukayo SAKA,6452.5,2570.7,2386.8,898.8,375.2,221.0,79.0,31.0,32.3,92
England,8,Elliot ANDERSON,8245.8,3045.6,3718.9,1193.7,248.8,38.8,97.0,21.0,28.3,92
England,9,Harry KANE,9641.6,3843.7,4285.1,1064.1,385.2,63.5,86.0,24.0,29.4,92
England,10,Jude BELLINGHAM,11142.8,4512.4,4097.7,1681.3,641.0,210.3,144.0,50.0,30.7,92
England,18,Anthony GORDON,10592.8,4932.3,3500.9,1335.3,517.8,306.6,113.0,40.0,35.8,92
England,26,Jarell QUANSAH,5849.6,2378.7,2440.1,691.8,264.6,74.4,69.0,22.0,30.5,92
England,5,John STONES,3877.4,1756.3,1731.1,292.8,90.2,7.0,23.0,5.0,27.5,92
England,15,Dan BURN,2844.3,1084.4,1480.2,211.0,54.6,14.1,21.0,5.0,27.5,92
England,17,Morgan ROGERS,1909.0,405.2,862.9,442.2,128.8,69.9,33.0,9.0,31.4,92
England,25,Djed SPENCE,3033.8,1124.0,1467.5,342.3,56.5,43.5,32.0,4.0,33.4,92
Portugal,1,DIOGO COSTA,5224.9,4093.3,956.0,134.2,28.0,13.4,12.0,3.0,26.7,93
Portugal,3,RUBEN DIAS,11311.7,4225.5,5273.3,1354.3,351.4,107.2,116.0,27.0,31.1,93
Portugal,7,CRISTIANO RONALDO,9059.4,4245.3,3548.4,764.4,342.3,159.1,74.0,30.0,29.4,93
Portugal,8,BRUNO FERNANDES,11577.0,4117.5,4906.7,1612.6,683.7,256.5,139.0,51.0,32.0,93
Portugal,11,JOAO FELIX,8253.1,2960.0,3394.2,1186.6,513.0,199.3,106.0,37.0,32.7,93
Portugal,13,RENATO VEIGA,9905.6,4339.4,4007.2,1133.8,365.9,59.3,100.0,34.0,28.6,93
Portugal,15,JOAO NEVES,11853.0,3618.7,5871.1,1652.1,538.3,172.7,142.0,42.0,30.6,93
Portugal,18,PEDRO NETO,8681.8,3750.2,3104.8,1073.7,427.5,325.5,82.0,36.0,34.8,93
Portugal,20,JOAO CANCELO,8150.6,3347.2,3401.9,822.9,401.6,177.0,68.0,33.0,30.7,93
Portugal,23,VITINHA,10255.5,3075.5,4735.4,1686.0,627.5,131.1,147.0,47.0,29.3,93
Portugal,25,NUNO MENDES,5341.9,2236.0,2217.6,552.4,167.1,168.8,48.0,19.0,32.6,93
Portugal,2,NELSON SEMEDO,3937.0,1693.7,1591.5,366.3,192.6,92.9,34.0,13.0,33.1,93
Portugal,5,DIOGO DALOT,2928.5,1135.6,1042.3,425.6,268.6,56.3,33.0,19.0,32.4,93
Portugal,10,BERNARDO SILVA,1986.8,558.3,807.3,459.8,153.4,8.0,34.0,13.0,26.2,93
Portugal,17,RAFAEL LEAO,2524.0,1287.4,759.3,299.9,81.6,95.9,23.0,7.0,34.6,93
Portugal,26,FRANCISCO CONCEICAO,1832.8,601.3,771.0,259.2,176.7,24.5,24.0,12.0,27.0,93
Spain,23,Unai SIMON,5970.3,4828.4,979.4,137.0,25.4,13.0,3.0,24.6,10.0,93
Spain,12,Pedro PORRO,10367.8,4453.4,3804.2,1166.3,607.1,336.7,108.0,52.0,32.7,93
Spain,14,Aymeric LAPORTE,9951.5,4308.7,4269.1,979.8,353.7,40.1,88.0,29.0,27.0,93
Spain,15,Alex BAENA,8317.8,3237.8,3213.0,1128.0,496.2,242.9,94.0,41.0,32.3,93
Spain,16,RODRI,12341.4,3968.9,5620.2,2003.5,572.6,176.2,160.0,39.0,31.5,93
Spain,19,Lamine YAMAL,9559.6,4669.5,3247.5,945.5,440.1,256.9,88.0,38.0,31.3,93
Spain,20,PEDRI,10814.0,3099.7,4991.0,1880.3,659.7,183.3,157.0,50.0,30.5,93
Spain,21,Mikel OYARZABAL,10229.7,4110.6,3745.2,1417.1,709.1,247.8,112.0,52.0,32.2,93
Spain,22,Pau CUBARSI,10632.5,4502.5,4307.9,1130.9,547.0,144.3,100.0,42.0,28.0,93
Spain,24,Marc CUCURELLA,10695.7,4292.6,4232.6,1298.2,656.5,215.7,110.0,45.0,32.2,93
Spain,6,Mikel MERINO,1880.7,477.0,811.8,516.7,75.2,46.0,6.0,23.9,7.0,93
Spain,8,Fabian RUIZ,1637.4,591.0,619.8,370.4,56.1,22.0,5.0,23.8,26.0,93
USA,24,Matt FREESE,6161.7,4614.9,1439.8,97.8,9.2,9.0,1.0,22.4,2.0,94
USA,3,Chris RICHARDS,10879.8,3393.8,5511.5,1495.4,396.7,82.4,125.0,27.0,28.1,94
USA,4,Tyler ADAMS,8645.2,2631.6,3924.9,1525.4,442.3,121.0,126.0,35.0,32.2,94
USA,5,Antonee ROBINSON,11017.0,3619.5,4827.9,1633.6,659.7,276.3,141.0,49.0,33.0,94
USA,8,Weston McKENNIE,12169.8,3941.7,5165.4,2321.1,632.4,109.2,174.0,41.0,31.5,94
USA,10,Christian PULISIC,7866.2,2425.4,3674.2,1236.1,464.8,65.8,103.0,32.0,30.4,94
USA,13,Tim REAM,9821.9,3956.1,3955.0,1387.9,378.6,144.3,124.0,31.0,32.3,94
USA,16,Alex FREEMAN,11470.8,3789.2,5221.4,1635.6,646.8,177.8,135.0,52.0,34.6,94
USA,17,Malik TILLMAN,11364.2,3638.2,4749.4,2067.7,681.1,227.9,162.0,53.0,31.2,94
USA,20,Folarin BALOGUN,10200.7,3691.5,4513.8,1119.7,505.8,369.9,86.0,51.0,35.6,94
USA,7,Giovanni REYNA,6041.0,1650.9,2889.6,1209.9,289.5,1.1,102.0,17.0,25.1,94
USA,9,Ricardo PEPI,2709.2,821.5,1101.2,503.1,248.4,35.0,47.0,19.0,31.2,94
USA,14,Sebastian BERHALTER,4559.5,1366.5,2043.1,931.6,133.5,84.7,71.0,13.0,29.1,94
USA,18,Max ARFSTEN,232.0,92.9,61.5,22.8,20.9,33.8,1.0,2.0,27.4,94
USA,19,Haji WRIGHT,196.3,60.4,108.4,7.9,9.7,9.9,1.0,1.0,26.5,94
Belgium,1,Thibaut COURTOIS,5137.2,4107.9,911.5,93.8,24.0,9.0,2.0,24.3,4.0,94
Belgium,5,Maxim DE CUYPER,11145.3,3762.5,4990.5,1544.4,646.9,200.9,134.0,46.0,32.0,94
Belgium,8,Youri TIELEMANS,11970.5,3631.6,5565.3,2089.8,599.9,83.8,170.0,45.0,28.0,94
Belgium,10,Leandro TROSSARD,10686.0,3565.3,4678.3,1588.6,614.7,239.2,134.0,52.0,32.8,94
Belgium,14,Dodi LUKEBAKIO,7944.9,2840.5,3238.6,1095.7,480.3,289.9,97.0,38.0,33.7,94
Belgium,17,Charles DE KETELAERE,7928.5,3144.2,3136.5,942.4,475.9,229.6,76.0,41.0,33.3,94
Belgium,21,Timothy CASTAGNE,12142.6,3733.6,5377.0,1909.8,923.1,199.2,164.0,65.0,29.5,94
Belgium,23,Nicolas RASKIN,11066.5,3365.1,5824.5,1368.6,413.4,94.8,122.0,32.0,30.1,94
Belgium,24,Amadou ONANA,2125.2,643.4,1034.4,354.6,80.5,12.4,23.0,8.0,25.8,94
Belgium,25,Nathan NGOY,10098.5,4203.6,4372.5,999.3,305.8,217.2,78.0,26.0,33.6,94
Belgium,6,Axel WITSEL,810.0,160.7,326.8,251.0,71.5,17.0,6.0,24.6,9.0,94
Belgium,11,Jeremy DOKU,2991.1,1297.9,891.3,456.1,236.5,109.4,39.0,20.0,29.1,94
Belgium,20,Hans VANAKEN,9759.1,3015.8,4484.2,1715.9,474.4,68.7,136.0,37.0,27.1,94
Belgium,22,Alexis SAELEMAEKERS,820.6,206.4,315.0,140.1,106.5,52.5,11.0,6.0,26.8,94
Argentina,23,Emiliano MARTINEZ,5050.6,4195.7,601.3,145.3,85.8,22.6,14.0,5.0,27.6,95
Argentina,3,Nicolas TAGLIAFICO,7619.4,2834.8,3025.5,1117.8,472.7,168.5,92.0,35.0,29.5,95
Argentina,5,Leandro PAREDES,10459.3,4401.9,4435.2,1217.1,309.3,95.8,110.0,22.0,30.2,95
Argentina,6,Lisandro MARTINEZ,9659.2,4863.1,3272.9,918.2,477.1,128.0,76.0,38.0,30.4,95
Argentina,7,Rodrigo DE PAUL,7585.9,3046.4,2768.7,1004.7,584.5,181.5,81.0,48.0,31.2,95
Argentina,9,Julian ALVAREZ,10730.7,3416.7,4850.5,1562.6,685.4,215.5,146.0,55.0,30.5,95
Argentina,10,Lionel MESSI,8275.4,5283.6,1821.6,727.3,379.4,63.5,67.0,28.0,30.0,95
Argentina,13,Cristian ROMERO,8500.2,4688.5,2710.4,780.4,248.0,72.9,63.0,23.0,31.5,95
Argentina,20,Alexis MAC ALLISTER,11227.7,4130.6,5065.6,1352.2,461.1,218.2,121.0,37.0,30.2,95
Argentina,24,Enzo FERNANDEZ,11915.2,4153.6,5365.8,1547.2,562.3,286.3,128.0,47.0,32.6,95
Argentina,26,Nahuel MOLINA,7912.4,3139.4,3015.4,1066.9,482.5,208.2,80.0,42.0,30.7,95
Argentina,4,Gonzalo MONTIEL,3367.2,1206.6,1331.8,539.9,252.5,36.5,52.0,15.0,29.2,95
Argentina,15,Nico GONZALEZ,3529.5,1356.3,1292.2,456.8,276.8,147.4,34.0,19.0,33.4,95
Argentina,22,Lautaro MARTINEZ,3494.1,1211.3,1515.8,470.9,200.3,95.8,34.0,17.0,29.0,95
Argentina,25,Facundo MEDINA,561.7,233.5,289.7,16.6,16.4,5.4,2.0,1.0,25.7,95
Egypt,23,MOSTAFA SHOUBIR,5837.6,4396.3,1192.1,175.9,67.4,5.9,15.0,4.0,26.2,95
Egypt,2,YASSER IBRAHIM,10044.4,4114.6,4442.2,1021.9,358.8,106.8,80.0,28.0,28.1,95
Egypt,3,MOHAMED HANY,9964.5,4027.5,4277.2,1015.4,499.0,145.4,93.0,43.0,29.9,95
Egypt,5,RAMY RABIA,9354.4,3949.4,3917.1,1013.8,324.7,149.4,94.0,25.0,31.4,95
Egypt,8,EMAM ASHOUR,5195.5,1959.5,2221.7,707.0,247.0,60.3,61.0,19.0,29.0,95
Egypt,10,MOHAMED SALAH,11086.5,4007.7,4961.8,1270.6,642.8,203.6,106.0,54.0,32.1,95
Egypt,11,MOSTAFA ZICO,10417.0,2938.4,4758.8,1894.3,580.1,245.5,159.0,41.0,30.9,95
Egypt,12,HAISSEM HASSAN,8852.3,3424.1,3349.3,1354.9,519.6,204.4,105.0,35.0,32.9,95
Egypt,15,KARIM HAFEZ,10898.4,4073.4,4739.7,1511.3,497.7,76.3,143.0,34.0,28.6,95
Egypt,17,MOHANAD LASHIN,10543.6,3954.1,4536.2,1491.4,496.5,65.4,126.0,36.0,30.8,95
Egypt,19,MARAWAN ATTIA,11889.6,3859.2,5012.4,2012.5,713.0,292.5,171.0,55.0,32.6,95
Egypt,7,TREZEGUET,3225.5,1127.1,1198.9,496.8,303.0,99.6,45.0,21.0,29.2,95
Egypt,14,HAMDY FATHY,5840.2,2136.1,2581.9,810.2,224.6,87.4,73.0,18.0,29.1,95
Egypt,22,OMAR MARMOUSH,2025.3,842.2,755.2,189.8,137.4,100.6,14.0,12.0,33.4,95
Egypt,25,ZIZO,763.1,162.1,338.0,141.5,72.6,48.9,11.0,4.0,29.1,95
Switzerland,1,Gregor KOBEL,7365.3,5536.9,1639.2,180.3,8.9,21.0,1.0,23.2,4.0,96
Switzerland,5,Manuel AKANJI,11862.9,5068.9,4830.5,1384.4,402.3,176.8,114.0,35.0,33.5,96
Switzerland,6,Denis ZAKARIA,8747.4,3884.7,3279.8,894.0,504.3,184.7,90.0,41.0,31.1,96
Switzerland,7,Breel EMBOLO,7896.1,3788.1,2829.8,747.0,357.4,173.8,60.0,36.0,34.7,96
Switzerland,8,Remo FREULER,14264.2,5748.9,6023.4,1902.7,517.3,71.8,182.0,42.0,29.4,96
Switzerland,10,Granit XHAKA,13965.1,4848.6,6121.7,2433.7,522.0,39.0,199.0,36.0,26.7,96
Switzerland,11,Dan NDOYE,9395.1,3978.2,3313.8,1104.1,682.8,316.1,105.0,51.0,32.9,96
Switzerland,13,Ricardo RODRIGUEZ,6990.5,3055.2,2708.2,782.7,354.0,90.5,71.0,24.0,30.0,96
Switzerland,14,Ardon JASHARI,5887.0,1780.1,2768.2,925.7,324.6,88.5,88.0,29.0,30.8,96
Switzerland,22,Fabian RIEDER,12621.4,4460.4,5482.6,1806.2,682.1,189.9,170.0,52.0,30.6,96
Switzerland,2,Miro MUHEIM,5931.7,2389.8,2304.8,855.0,327.2,54.9,84.0,24.0,28.4,96
Switzerland,3,Silvan WIDMER,4155.9,1791.1,1509.1,574.5,212.4,68.7,55.0,16.0,30.3,96
Switzerland,15,Djibril SOW,9196.5,3090.9,4146.6,1218.8,544.5,195.7,110.0,37.0,31.5,96
Switzerland,17,Ruben VARGAS,3734.9,1622.7,1229.3,507.3,295.8,79.9,43.0,24.0,32.4,96
Switzerland,23,Zeki AMDOUNI,2261.9,874.9,915.0,310.1,125.5,36.5,24.0,11.0,28.4,96
Switzerland,26,Cedric ITTEN,4762.4,1721.1,2153.2,665.5,173.8,48.7,53.0,15.0,28.0,96
Colombia,12,Camilo VARGAS,5384.0,4495.8,852.9,29.8,5.6,2.0,1.0,21.5,2.0,96
Colombia,3,Jhon LUCUMI,10730.4,5143.3,4118.1,1011.5,343.9,113.6,87.0,29.0,32.3,96
Colombia,7,Luis DIAZ,13390.2,5648.5,4943.1,1634.0,790.5,374.1,130.0,69.0,35.1,96
Colombia,10,James RODRIGUEZ,6907.1,2966.1,2859.7,919.1,162.1,87.0,14.0,23.1,11.0,96
Colombia,14,Gustavo PUERTA,13991.2,5127.0,6291.9,2106.9,420.4,45.0,183.0,34.0,28.2,96
Colombia,16,Jefferson LERMA,9214.6,3059.4,4061.3,1411.0,533.5,149.4,126.0,36.0,32.5,96
Colombia,17,Johan MOJICA,12809.0,5915.1,4222.7,1619.1,680.9,371.2,147.0,59.0,31.6,96
Colombia,23,Davinson SANCHEZ,12094.5,5184.3,4934.9,1382.8,421.9,170.6,118.0,41.0,31.5,96
Colombia,25,Luis SUAREZ,7775.1,3776.8,2453.3,831.7,407.7,305.8,73.0,43.0,35.1,96
Colombia,6,Richard RIOS,5416.3,1741.1,2142.2,1062.3,394.6,76.2,95.0,30.0,31.8,96
Colombia,13,Yerry MINA,384.5,92.6,140.2,107.3,37.8,6.6,7.0,3.0,26.0,96
Colombia,19,Cucho HERNANDEZ,5168.7,2068.9,1828.4,839.0,289.0,143.5,71.0,24.0,31.8,96
Colombia,20,Juan QUINTERO,6553.5,2701.9,2878.5,780.4,157.2,35.5,71.0,15.0,27.7,96
Colombia,21,Jaminton CAMPAZ,6497.0,2411.7,2394.9,992.6,507.1,190.7,87.0,42.0,29.8,96
France,16,Mike MAIGNAN,5411.6,4073.7,1153.7,136.1,44.7,3.4,14.0,3.0,25.6,97
France,3,Lucas DIGNE,10002.9,4935.9,3517.5,1039.5,380.5,129.4,89.0,34.0,28.5,97
France,4,Dayot UPAMECANO,9873.8,4417.0,4055.3,850.1,337.3,214.0,64.0,26.0,34.7,97
France,5,Jules KOUNDE,9302.2,3636.4,3610.8,1214.5,620.8,219.6,107.0,38.0,30.3,97
France,6,Manu KONE,7862.4,2787.8,3384.7,1345.4,243.9,100.6,97.0,14.0,30.2,97
France,7,Ousmane DEMBELE,10686.9,4170.1,3989.5,1568.1,804.4,154.9,133.0,44.0,29.3,97
France,10,Kylian MBAPPE,6991.6,3680.2,2178.3,662.7,267.3,203.0,60.0,23.0,35.1,97
France,11,Michael OLISE,11785.0,3854.2,4991.9,1767.0,859.6,312.3,156.0,58.0,30.2,97
France,14,Adrien RABIOT,10766.5,4501.0,4429.5,1181.8,488.9,165.3,110.0,30.0,28.7,97
France,17,William SALIBA,8822.7,4446.2,3265.7,684.0,313.0,113.9,61.0,19.0,30.3,97
France,20,Desire DOUE,8249.4,3413.0,3129.6,1026.6,467.2,213.1,86.0,39.0,30.3,97
France,2,Malo GUSTO,1271.7,401.1,602.3,148.7,110.6,9.1,16.0,6.0,26.0,97
France,12,Bradley BARCOLA,2147.4,841.5,868.0,213.3,87.0,137.6,19.0,7.0,35.5,97
France,18,Warren ZAIRE-EMERY,3061.8,863.9,1450.8,516.1,152.5,78.4,40.0,13.0,33.0,97
France,22,Jean-Philippe MATETA,2338.0,727.8,1099.3,286.3,120.3,104.3,22.0,9.0,30.3,97
Morocco,1,Yassine BOUNOU,4558.9,3669.3,782.1,82.7,24.9,10.0,2.0,24.5,2.0,97
Morocco,3,Noussair MAZRAOUI,8672.1,3897.7,3819.3,671.5,228.4,55.1,65.0,18.0,28.7,97
Morocco,6,Ayyoub BOUADDI,7592.6,2341.6,3768.1,1077.2,291.4,114.2,95.0,25.0,29.4,97
Morocco,7,Chemsdine TALBI,9283.4,3585.5,3569.5,1211.7,508.9,407.9,93.0,41.0,35.3,97
Morocco,8,Azzedine OUNAHI,11111.6,3949.9,4940.8,1497.7,604.0,119.3,137.0,42.0,27.5,97
Morocco,10,Brahim DIAZ,7525.5,3418.2,2734.5,919.0,360.1,93.7,70.0,25.0,31.5,97
Morocco,14,Issa DIOP,9017.0,4590.5,3296.0,801.4,229.2,99.9,67.0,22.0,29.2,97
Morocco,23,Bilal EL KHANNOUSS,7353.4,3102.9,2930.4,855.7,350.9,113.5,85.0,27.0,31.6,97
Morocco,24,Neil EL AYNAOUI,10699.0,3739.1,4672.1,1457.9,564.2,265.6,123.0,37.0,31.3,97
Morocco,26,Anass SALAH EDDINE,7142.5,3231.2,2914.1,625.2,283.2,88.7,59.0,18.0,31.4,97
Morocco,4,Sofyan AMRABAT,3907.7,1295.8,1631.7,632.8,275.4,72.0,51.0,16.0,30.3,97
Morocco,9,Soufiane RAHIMI,4021.5,1403.1,1709.4,673.0,158.3,77.6,47.0,14.0,29.3,97
Morocco,13,Zakaria EL OUAHDI,2847.1,917.7,1048.1,451.3,286.6,143.5,36.0,15.0,29.3,97
Morocco,16,Gessime YASSINE,2849.5,929.2,1094.0,588.0,172.1,66.3,38.0,12.0,28.6,97
Morocco,17,Amine SBAI,1755.0,423.1,604.5,445.3,230.5,51.6,33.0,15.0,28.5,97
Spain,23,Unai SIMON,5656.2,4371.8,1070.9,166.1,47.4,15.0,6.0,24.2,8.0,98
Spain,10,Dani OLMO,9749.1,3046.7,4316.1,1704.2,589.5,92.6,142.0,43.0,30.7,98
Spain,12,Pedro PORRO,10337.4,4577.0,3940.8,1115.4,502.5,201.7,104.0,44.0,33.2,98
Spain,14,Aymeric LAPORTE,9815.9,4583.3,3916.9,962.7,264.4,88.6,86.0,21.0,30.9,98
Spain,15,Alex BAENA,6645.1,2508.9,2704.4,854.1,407.0,170.7,67.0,30.0,34.0,98
Spain,16,RODRI,12094.6,3881.5,5512.9,1870.5,619.9,209.9,155.0,45.0,30.8,98
Spain,19,Lamine YAMAL,9809.8,4456.4,3948.7,860.5,380.2,164.0,78.0,34.0,31.8,98
Spain,21,Mikel OYARZABAL,8435.0,3438.3,3335.9,958.2,475.5,227.1,90.0,32.0,29.9,98
Spain,22,Pau CUBARSI,9971.8,4544.1,3917.3,1055.8,336.9,117.7,92.0,26.0,30.0,98
Spain,24,Marc CUCURELLA,10996.2,4391.7,4438.1,1321.0,556.4,289.0,117.0,42.0,33.3,98
Spain,6,Mikel MERINO,1668.5,389.3,731.9,382.3,157.3,7.8,33.0,10.0,25.8,98
Spain,7,Ferran TORRES,4600.0,1947.9,1715.6,563.0,256.7,116.8,49.0,26.0,30.9,98
Spain,17,Nico WILLIAMS,2167.6,720.1,905.0,308.8,167.4,66.3,28.0,16.0,33.9,98
Spain,20,PEDRI,5204.4,1331.4,2599.2,899.6,298.0,76.2,70.0,19.0,29.4,98
Belgium,1,Thibaut COURTOIS,3979.3,3248.3,664.8,57.4,8.7,5.0,1.0,20.8,4.0,98
Belgium,5,Maxim DE CUYPER,6722.9,2565.1,2979.2,827.0,267.4,84.3,76.0,21.0,30.5,98
Belgium,7,Kevin DE BRUYNE,10368.1,3720.5,4471.7,1345.8,646.5,183.6,117.0,49.0,32.2,98
Belgium,10,Leandro TROSSARD,7581.1,2463.4,3465.5,1036.0,452.9,163.4,89.0,30.0,30.4,98
Belgium,11,Jeremy DOKU,10555.3,4678.7,3698.5,1307.7,645.7,224.8,129.0,57.0,32.7,98
Belgium,17,Charles DE KETELAERE,10463.6,4286.3,4136.8,1218.6,662.6,159.3,109.0,57.0,32.2,98
Belgium,20,Hans VANAKEN,7547.7,2620.5,3353.9,1072.9,383.9,116.5,95.0,29.0,30.6,98
Belgium,21,Timothy CASTAGNE,11727.5,3776.7,5483.3,1652.1,690.8,124.5,139.0,53.0,31.2,98
Belgium,23,Nicolas RASKIN,11690.7,3610.9,6020.3,1558.8,396.4,104.2,146.0,27.0,30.7,98
Belgium,25,Nathan NGOY,10415.8,3994.2,4673.9,1332.6,316.5,98.6,110.0,31.0,31.6,98
Belgium,12,Senne LAMMENS,1607.4,1255.8,281.7,44.0,14.7,11.2,4.0,1.0,26.9,98
Belgium,6,Axel WITSEL,4318.4,1240.7,2051.4,803.1,205.9,17.2,67.0,15.0,26.4,98
Belgium,9,Romelu LUKAKU,3226.1,1549.5,1155.2,295.8,138.2,87.5,24.0,14.0,31.7,98
Belgium,18,Joaquin SEYS,3681.4,1357.2,1738.0,409.7,150.2,26.3,34.0,13.0,29.6,98
Belgium,22,Alexis SAELEMAEKERS,1515.6,412.5,544.1,355.2,133.0,70.7,29.0,13.0,31.7,98
Norway,1,Orjan NYLAND,7983.3,6423.0,1407.1,132.3,20.9,15.0,1.0,24.8,3.0,99
Norway,5,David MOLLER WOLFE,8845.1,3573.8,3782.6,998.0,335.6,155.1,92.0,31.0,32.0,99
Norway,6,Patrick BERG,15342.3,5506.7,6418.5,2463.3,793.6,160.3,199.0,57.0,29.3,99
Norway,7,Alexander SORLOTH,7277.3,2821.1,2974.4,875.9,400.0,205.8,74.0,36.0,31.1,99
Norway,8,Sander BERGE,15376.8,5346.5,7126.2,2036.8,747.3,120.0,186.0,48.0,32.8,99
Norway,9,Erling HAALAND,10026.8,5584.0,3312.1,633.5,299.0,198.2,61.0,25.0,34.4,99
Norway,10,Martin ODEGAARD,15386.9,5586.3,6443.2,2266.9,907.6,183.0,193.0,73.0,29.9,99
Norway,17,Torbjorn HEGGEM,9898.1,3996.4,4666.0,908.4,262.1,65.3,77.0,21.0,28.7,99
Norway,21,Andreas SCHJELDERUP,7460.5,3020.5,2944.4,1017.0,368.6,110.0,91.0,26.0,30.8,99
Norway,26,Julian RYERSON,6394.1,2903.4,2503.9,678.3,281.2,27.2,59.0,20.0,26.5,99
Norway,4,Leo OSTIGARD,3598.6,1436.4,1678.4,355.5,102.2,26.0,32.0,8.0,28.6,99
Norway,11,Jorgen STRAND LARSEN,1891.6,749.4,773.0,209.6,103.3,56.4,19.0,6.0,31.1,99
Norway,14,Fredrik AURSNES,8096.8,2964.6,3504.2,1086.6,415.5,125.8,100.0,33.0,29.7,99
Norway,16,Marcus HOLMGREN PEDERSEN,4953.4,2144.1,1848.2,618.3,232.4,110.5,54.0,19.0,30.7,99
Norway,20,Antonio NUSA,6568.9,2835.4,2578.8,742.2,279.7,132.7,61.0,19.0,34.3,99
Norway,22,Oscar BOBB,6675.7,2569.7,2938.6,753.3,318.7,95.4,70.0,31.0,29.8,99
England,1,Jordan PICKFORD,6636.8,5220.4,1199.8,154.6,43.9,18.1,12.0,4.0,30.2,99
England,2,Ezri KONSA,8124.7,4236.3,2791.1,728.8,285.3,83.2,61.0,19.0,31.7,99
England,3,Nico OREILLY,8795.1,3729.0,3611.8,845.3,418.0,191.0,71.0,35.0,31.7,99
England,4,Declan RICE,5183.1,2135.5,2318.4,578.3,105.5,45.4,50.0,8.0,30.0,99
England,5,John STONES,11841.9,5831.2,4628.0,1070.0,252.2,60.5,98.0,22.0,30.0,99
England,6,Marc GUEHI,11643.7,5469.2,4961.1,883.7,248.2,81.6,81.0,20.0,30.3,99
England,8,Elliot ANDERSON,14805.2,5355.9,6819.3,1850.9,637.7,141.4,162.0,44.0,29.7,99
England,9,Harry KANE,14760.9,5978.8,5938.2,2016.8,679.6,147.5,164.0,41.0,30.1,99
England,10,Jude BELLINGHAM,12800.9,5488.0,4495.1,1927.3,715.6,174.8,151.0,59.0,30.3,99
England,18,Anthony GORDON,6856.8,3332.3,2158.9,799.0,327.7,238.8,60.0,33.0,35.2,99
England,20,Noni MADUEKE,4538.9,2252.1,1389.0,468.7,261.1,168.0,33.0,23.0,32.7,99
England,7,Bukayo SAKA,8674.8,3581.6,3201.9,1282.8,442.8,165.7,108.0,43.0,30.6,99
England,15,Dan BURN,1093.8,496.1,449.8,123.3,24.5,10.0,3.0,23.2,17.0,99
England,21,Eberechi EZE,8724.6,3312.2,3657.7,1193.0,459.1,102.6,110.0,36.0,28.0,99
England,24,Reece JAMES,6471.3,2887.1,2722.9,618.6,177.3,65.5,52.0,17.0,29.4,99
England,25,Djed SPENCE,4571.7,2153.7,1621.9,442.8,185.3,167.9,36.0,16.0,33.5,99
Argentina,23,Emiliano MARTINEZ,6455.4,5399.5,924.3,100.4,31.1,7.0,2.0,23.3,3.0,100
Argentina,5,Leandro PAREDES,11256.5,5137.5,4494.8,1191.6,332.8,99.9,109.0,32.0,29.3,100
Argentina,6,Lisandro MARTINEZ,11939.2,6032.0,4392.7,1014.3,321.6,178.6,93.0,25.0,30.7,100
Argentina,7,Rodrigo DE PAUL,8659.4,3758.3,2938.6,1161.8,559.7,241.1,101.0,45.0,32.2,100
Argentina,9,Julian ALVAREZ,13653.3,5292.3,6016.1,1339.9,676.1,329.0,112.0,56.0,35.0,100
Argentina,10,Lionel MESSI,10269.4,6655.4,2283.0,853.8,413.4,63.8,81.0,32.0,29.0,100
Argentina,13,Cristian ROMERO,9294.5,5478.4,2961.3,667.6,136.5,50.6,48.0,12.0,30.9,100
Argentina,20,Alexis MAC ALLISTER,14236.5,5478.5,6111.3,1832.8,633.5,180.3,168.0,45.0,30.1,100
Argentina,24,Enzo FERNANDEZ,11162.1,4080.6,4496.4,1703.3,567.3,314.5,134.0,45.0,32.3,100
Argentina,26,Nahuel MOLINA,8538.2,3744.9,3026.4,994.4,443.4,329.2,89.0,37.0,33.5,100
Argentina,4,Gonzalo MONTIEL,5492.5,1909.7,2284.6,961.8,273.5,63.0,79.0,20.0,29.0,100
Argentina,15,Nico GONZALEZ,5830.9,2201.3,2557.8,817.2,141.1,113.5,54.0,15.0,31.2,100
Argentina,16,Thiago ALMADA,4018.2,1372.5,1910.3,422.9,131.5,181.0,37.0,10.0,33.3,100
Argentina,19,Nicolas OTAMENDI,1897.2,777.2,653.1,388.5,78.4,33.0,6.0,24.9,21.0,100
Argentina,22,Lautaro MARTINEZ,4906.7,2034.5,2112.7,475.5,227.4,56.6,37.0,14.0,30.0,100
Switzerland,1,Gregor KOBEL,7764.2,5784.4,1685.9,208.8,68.7,16.4,22.0,7.0,28.8,100
Switzerland,4,Nico ELVEDI,12199.6,5023.8,5638.8,1003.5,367.5,165.9,73.0,33.0,32.0,100
Switzerland,5,Manuel AKANJI,12206.5,5694.7,4764.3,1163.8,444.8,139.0,101.0,38.0,32.0,100
Switzerland,6,Denis ZAKARIA,10636.6,4705.0,4314.0,943.6,468.3,205.7,84.0,36.0,31.4,100
Switzerland,7,Breel EMBOLO,7011.9,3288.2,2577.4,622.6,331.8,191.9,58.0,27.0,31.1,100
Switzerland,8,Remo FREULER,13412.5,5235.6,6128.7,1623.3,401.7,23.2,153.0,27.0,26.9,100
Switzerland,10,Granit XHAKA,14137.6,5204.7,6273.2,2081.4,516.7,61.8,160.0,36.0,28.1,100
Switzerland,11,Dan NDOYE,8270.8,3472.4,2924.8,1025.5,498.8,349.2,90.0,47.0,33.6,100
Switzerland,13,Ricardo RODRIGUEZ,9130.7,4278.8,3444.4,992.7,318.9,96.0,81.0,28.0,29.2,100
Switzerland,15,Djibril SOW,9546.2,3184.9,4482.8,1264.4,516.7,97.4,107.0,37.0,28.7,100
Switzerland,22,Fabian RIEDER,9602.3,3362.4,4037.4,1499.9,559.8,142.9,135.0,39.0,32.8,100
Switzerland,2,Miro MUHEIM,5098.2,1951.9,2327.3,527.1,153.5,138.3,48.0,13.0,31.9,100
Switzerland,3,Silvan WIDMER,5161.8,1924.5,2137.0,752.7,217.6,130.1,50.0,14.0,32.5,100
Switzerland,14,Ardon JASHARI,3381.1,1098.1,1412.6,562.3,207.3,100.9,51.0,21.0,32.2,100
Switzerland,17,Ruben VARGAS,1173.1,301.5,463.7,283.5,79.1,45.4,23.0,8.0,28.4,100
Switzerland,18,Eray COEMERT,3959.8,1659.8,1672.3,359.0,163.8,104.8,32.0,11.0,32.6,100
Switzerland,23,Zeki AMDOUNI,5342.9,1965.4,2478.0,607.2,172.9,119.4,53.0,12.0,31.7,100
France,16,Mike MAIGNAN,6102.6,4279.2,1589.9,201.0,32.5,22.0,4.0,25.0,3.0,101
France,4,Dayot UPAMECANO,10579.3,4196.2,4706.2,1103.0,414.0,160.0,89.0,34.0,30.4,101
France,5,Jules KOUNDE,10876.4,3887.1,4647.9,1526.5,696.0,119.0,137.0,59.0,30.7,101
France,7,Ousmane DEMBELE,11375.2,4156.5,4376.9,1787.0,910.7,144.1,140.0,57.0,29.9,101
France,8,Aurelien TCHOUAMENI,11522.4,3765.9,5006.0,2092.2,571.1,87.2,175.0,41.0,28.8,101
France,10,Kylian MBAPPE,8738.3,4438.9,2827.7,772.4,397.8,301.6,63.0,40.0,35.3,101
France,11,Michael OLISE,8741.0,2725.4,3743.7,1527.2,605.4,139.3,129.0,39.0,28.4,101
France,12,Bradley BARCOLA,6120.8,2669.1,2273.4,644.7,325.5,208.2,52.0,29.0,33.9,101
France,14,Adrien RABIOT,5258.3,2206.9,1908.5,779.4,285.0,78.4,67.0,26.0,29.3,101
France,17,William SALIBA,2403.6,1051.5,897.4,377.5,72.2,4.9,31.0,7.0,26.3,101
France,6,Manu KONE,6041.4,1777.1,2662.7,1339.2,235.5,27.0,107.0,14.0,30.3,101
France,19,Theo HERNANDEZ,2701.5,1039.1,992.3,351.7,201.1,117.2,27.0,16.0,33.0,101
France,20,Desire DOUE,4449.1,1476.4,1802.2,814.5,294.7,61.3,59.0,24.0,27.9,101
France,24,Rayan CHERKI,3263.7,986.0,1325.2,606.1,289.5,56.8,51.0,21.0,27.2,101
France,26,Maxence LACROIX,7949.8,3003.1,3434.2,1047.6,381.0,83.9,96.0,27.0,31.7,101
Spain,23,Unai SIMON,6030.0,4768.2,1063.5,112.2,56.4,29.7,10.0,6.0,26.9,101
Spain,8,Fabian RUIZ,9223.8,3203.3,4384.3,1293.6,299.8,42.9,106.0,25.0,27.2,101
Spain,10,Dani OLMO,9269.8,2821.1,4100.1,1667.6,567.3,113.8,148.0,36.0,28.7,101
Spain,12,Pedro PORRO,8650.3,3714.0,3442.5,902.9,405.1,185.8,84.0,39.0,32.3,101
Spain,14,Aymeric LAPORTE,9960.5,4240.7,4332.6,936.1,337.7,113.3,88.0,29.0,30.9,101
Spain,15,Alex BAENA,9554.1,3642.1,3639.1,1381.0,680.3,211.6,112.0,59.0,31.1,101
Spain,16,RODRI,12628.2,3787.9,5819.0,2146.4,719.2,155.8,188.0,50.0,30.6,101
Spain,19,Lamine YAMAL,9543.8,4557.4,3208.0,1016.7,459.2,302.5,94.0,45.0,32.9,101
Spain,21,Mikel OYARZABAL,8314.3,2955.0,3340.3,1285.3,520.5,213.2,108.0,44.0,29.5,101
Spain,22,Pau CUBARSI,10219.9,4628.6,3978.0,1007.6,374.4,231.2,94.0,35.0,32.4,101
Spain,24,Marc CUCURELLA,10073.8,4437.4,3823.5,1062.8,610.1,140.1,96.0,43.0,30.2,101
Spain,5,Marcos LLORENTE,1662.7,571.4,716.5,270.1,103.3,1.4,22.0,11.0,25.2,101
Spain,6,Mikel MERINO,2724.2,701.0,1337.9,524.7,157.6,3.0,44.0,13.0,25.2,101
Spain,7,Ferran TORRES,2743.2,1086.8,1017.8,400.6,173.6,64.5,30.0,17.0,30.6,101
Spain,17,Nico WILLIAMS,1704.2,520.7,677.8,300.2,150.7,54.7,26.0,16.0,31.4,101
Spain,20,PEDRI,2711.3,741.8,1126.9,470.7,308.7,63.1,45.0,20.0,27.8,101
England,1,Jordan PICKFORD,5626.3,4109.5,1342.2,169.3,5.3,13.0,1.0,20.8,4.0,102
England,5,John STONES,8556.0,3688.2,3385.1,1055.4,358.7,68.6,98.0,28.0,27.8,102
England,6,Marc GUEHI,9221.7,3992.3,3847.6,929.2,257.2,195.4,79.0,25.0,32.7,102
England,8,Elliot ANDERSON,10826.6,3889.0,4985.4,1402.8,490.4,58.8,128.0,35.0,27.7,102
England,9,Harry KANE,10718.4,4507.4,4407.0,1236.4,402.2,165.3,95.0,27.0,30.0,102
England,10,Jude BELLINGHAM,10526.4,4294.5,3619.9,1660.5,684.4,267.1,141.0,58.0,32.2,102
England,17,Morgan ROGERS,10995.0,4131.9,4283.7,1768.3,555.3,255.7,147.0,50.0,31.2,102
England,18,Anthony GORDON,7363.2,3301.8,2227.6,995.0,481.1,357.7,90.0,43.0,35.0,102
England,24,Reece JAMES,8161.7,3375.3,3164.4,1130.3,391.3,100.5,80.0,27.0,32.9,102
England,25,Djed SPENCE,8545.9,4148.8,2951.3,846.3,347.4,252.1,74.0,38.0,36.2,102
England,2,Ezri KONSA,2786.0,1176.7,1110.3,375.6,100.5,22.9,36.0,10.0,31.0,102
England,3,Nico OREILLY,2032.3,732.5,675.6,465.1,134.3,24.9,35.0,11.0,33.0,102
England,11,Marcus RASHFORD,777.6,271.3,287.0,134.0,48.3,37.0,12.0,3.0,30.4,102
England,15,Dan BURN,1827.1,833.8,696.8,194.0,53.8,48.7,17.0,6.0,30.8,102
England,22,Ivan TONEY,854.0,253.3,310.7,175.7,112.0,2.3,14.0,6.0,25.3,102
Argentina,23,Emiliano MARTINEZ,4845.0,4037.3,629.9,116.0,61.8,12.0,4.0,24.3,3.0,102
Argentina,5,Leandro PAREDES,6641.1,2731.5,2855.7,720.2,263.2,70.5,63.0,22.0,28.3,102
Argentina,6,Lisandro MARTINEZ,6688.6,3258.1,2294.7,652.6,367.5,115.6,57.0,27.0,30.5,102
Argentina,9,Julian ALVAREZ,10693.8,3641.6,4864.1,1414.9,594.2,179.0,121.0,48.0,30.8,102
Argentina,10,Lionel MESSI,8133.8,5124.2,1866.5,797.3,268.8,77.0,70.0,20.0,29.7,102
Argentina,13,Cristian ROMERO,8931.2,4930.0,2740.7,886.1,304.0,70.3,74.0,21.0,32.3,102
Argentina,17,Giuliano SIMEONE,7700.1,3074.9,2882.0,1057.3,441.7,244.2,89.0,41.0,32.6,102
Argentina,20,Alexis MAC ALLISTER,10832.1,4133.8,4605.0,1450.8,514.4,128.2,114.0,42.0,29.7,102
Argentina,24,Enzo FERNANDEZ,11116.2,4097.5,4586.4,1624.0,655.8,152.7,128.0,46.0,29.1,102
Argentina,26,Nahuel MOLINA,7160.4,3180.1,2307.2,1010.7,482.5,179.9,86.0,43.0,33.0,102
Argentina,4,Gonzalo MONTIEL,3422.0,1201.2,1382.6,551.8,198.2,88.1,47.0,15.0,32.1,102
Argentina,7,Rodrigo DE PAUL,3329.0,1359.4,1241.8,451.7,216.1,60.1,41.0,14.0,30.0,102
Argentina,15,Nico GONZALEZ,3770.7,1456.7,1532.7,499.5,195.8,86.0,44.0,16.0,32.7,102
Argentina,19,Nicolas OTAMENDI,3217.4,1342.6,1076.6,426.0,229.6,142.6,35.0,15.0,30.0,102
Argentina,22,Lautaro MARTINEZ,1984.1,714.5,862.5,199.2,152.8,55.1,19.0,10.0,29.9,102
France,16,Mike MAIGNAN,4962.4,3790.7,1010.1,136.3,25.3,13.0,2.0,23.9,2.0,103
France,10,Kylian MBAPPE,8287.4,4398.7,2444.1,908.4,344.9,191.4,70.0,27.0,36.0,103
France,11,Michael OLISE,11452.4,3892.0,4900.4,1620.5,636.3,403.2,137.0,50.0,33.0,103
France,14,Adrien RABIOT,10634.2,4382.7,4295.3,1433.4,471.8,51.1,120.0,34.0,27.3,103
France,15,Ibrahima KONATE,4496.1,2151.2,1446.8,487.0,267.0,144.1,39.0,20.0,30.6,103
France,18,Warren ZAIRE-EMERY,10979.5,3933.9,4506.6,1771.4,627.7,139.9,142.0,50.0,28.9,103
France,19,Theo HERNANDEZ,4654.0,2112.3,1394.9,518.7,335.6,292.6,40.0,26.0,36.2,103
France,20,Desire DOUE,5863.9,2126.0,2072.4,977.8,502.7,185.1,83.0,41.0,32.3,103
France,24,Rayan CHERKI,5747.6,1937.6,2543.0,879.4,296.8,90.8,70.0,22.0,29.2,103
France,26,Maxence LACROIX,9192.4,4104.8,3248.7,1094.2,443.5,301.1,94.0,40.0,33.7,103
France,3,Lucas DIGNE,5248.3,2347.6,1601.0,910.2,303.3,86.1,79.0,24.0,29.7,103
France,4,Dayot UPAMECANO,5090.2,2222.0,1780.8,604.1,279.6,203.7,49.0,20.0,33.4,103
France,5,Jules KOUNDE,1008.9,270.1,293.1,166.6,160.1,118.9,15.0,10.0,28.5,103
France,7,Ousmane DEMBELE,5203.9,1991.2,1826.4,834.1,389.3,162.8,67.0,26.0,30.5,103
France,12,Bradley BARCOLA,4946.2,1916.1,1938.2,639.1,313.2,139.7,50.0,21.0,34.7,103
England,13,Dean HENDERSON,5504.6,4381.9,992.6,119.8,10.3,7.0,1.0,22.7,2.0,103
England,4,Declan RICE,10513.3,4346.9,4618.1,950.7,405.4,192.2,82.0,26.0,33.1,103
England,6,Marc GUEHI,9137.8,3838.5,3820.5,872.9,445.5,160.4,77.0,34.0,31.0,103
England,7,Bukayo SAKA,10069.1,4169.2,3430.3,1411.2,772.3,286.2,119.0,54.0,33.0,103
England,11,Marcus RASHFORD,5367.9,2139.6,2147.2,464.3,323.3,293.4,41.0,27.0,34.1,103
England,17,Morgan ROGERS,11118.8,4347.1,4349.6,1482.9,705.5,233.6,131.0,44.0,32.7,103
England,21,Eberechi EZE,8687.0,3108.0,3540.8,1479.9,426.4,131.9,119.0,33.0,32.3,103
England,22,Ivan TONEY,8275.8,3632.3,3188.0,926.2,430.8,98.4,80.0,34.0,28.3,103
England,25,Djed SPENCE,9267.1,4380.9,2896.6,1021.6,525.1,442.9,88.0,49.0,35.0,103
England,26,Jarell QUANSAH,8229.6,3649.8,3151.1,958.2,390.6,79.9,73.0,30.0,34.1,103
England,8,Elliot ANDERSON,2056.9,677.9,849.9,318.4,147.5,63.2,27.0,7.0,29.7,103
England,10,Jude BELLINGHAM,2245.4,993.9,495.0,371.8,284.5,100.2,28.0,17.0,32.4,103
England,12,Trevoh CHALOBAH,626.5,274.1,214.8,112.7,18.8,6.2,11.0,2.0,26.2,103
England,19,Ollie WATKINS,5531.9,2165.9,1911.5,712.3,420.8,321.5,57.0,30.0,34.2,103
England,24,Reece JAMES,1656.2,739.2,598.1,160.3,122.7,36.0,14.0,8.0,26.7,103
Spain,23,Unai SIMON,7723.5,6316.0,1175.8,194.5,27.9,9.3,22.0,3.0,26.9,104
Spain,8,Fabian RUIZ,7477.7,2361.9,3859.9,1036.3,174.2,45.4,85.0,13.0,30.2,104
Spain,10,Dani OLMO,8248.0,2553.4,3878.8,1313.3,402.1,100.4,124.0,31.0,32.2,104
Spain,12,Pedro PORRO,12946.9,5868.1,5028.3,1317.5,593.2,139.8,114.0,43.0,31.6,104
Spain,14,Aymeric LAPORTE,10193.6,4594.4,4124.0,1069.8,310.5,95.0,85.0,21.0,32.6,104
Spain,15,Alex BAENA,7955.3,3219.3,3242.1,953.0,404.0,136.9,82.0,34.0,29.8,104
Spain,16,RODRI,12431.4,4108.0,5917.8,1718.7,537.3,149.6,161.0,40.0,30.3,104
Spain,19,Lamine YAMAL,12764.1,6263.0,4485.3,1198.3,577.7,239.9,108.0,50.0,31.3,104
Spain,21,Mikel OYARZABAL,6628.1,2468.3,2707.4,987.4,411.4,53.7,86.0,34.0,27.8,104
Spain,22,Pau CUBARSI,13086.7,6136.5,5050.8,1382.0,387.1,130.2,118.0,33.0,31.0,104
Spain,24,Marc CUCURELLA,13298.3,5866.5,5083.5,1450.9,697.3,200.0,133.0,59.0,30.4,104
Spain,4,Eric GARCIA,2696.9,1214.0,1184.8,211.4,86.7,23.0,6.0,25.1,6.0,104
Spain,7,Ferran TORRES,7238.1,3745.5,2130.8,650.5,449.4,261.9,56.0,42.0,31.4,104
Spain,17,Nico WILLIAMS,5987.6,2682.6,2050.1,666.9,377.7,210.3,58.0,36.0,32.4,104
Spain,18,Martin ZUBIMENDI,3570.6,1035.8,1989.5,411.0,117.5,16.7,36.0,7.0,26.4,104
Spain,20,PEDRI,8523.7,2562.2,3723.9,1655.6,522.5,59.6,129.0,37.0,27.4,104
Argentina,23,Emiliano MARTINEZ,6809.1,5569.5,1065.3,148.7,21.6,4.0,10.0,2.0,25.7,104
Argentina,3,Nicolas TAGLIAFICO,12922.1,5869.4,5180.1,1281.8,400.2,190.6,109.0,36.0,30.8,104
Argentina,4,Gonzalo MONTIEL,6499.0,2767.3,2518.2,691.4,352.5,169.6,65.0,30.0,33.2,104
Argentina,6,Lisandro MARTINEZ,4267.0,1817.6,1670.8,578.3,177.0,23.4,48.0,13.0,26.2,104
Argentina,7,Rodrigo DE PAUL,7856.3,3158.8,2816.2,1177.6,590.1,113.7,102.0,53.0,30.5,104
Argentina,9,Julian ALVAREZ,11961.1,4247.1,5440.0,1296.4,625.3,352.2,118.0,56.0,31.8,104
Argentina,10,Lionel MESSI,10145.6,6595.2,2226.6,866.3,387.8,69.7,78.0,28.0,30.8,104
Argentina,13,Cristian ROMERO,6892.1,3055.9,2661.4,994.6,160.3,19.9,78.0,15.0,27.5,104
Argentina,15,Nico GONZALEZ,5387.0,1979.6,2285.6,663.2,375.7,82.9,53.0,34.0,29.7,104
Argentina,20,Alexis MAC ALLISTER,14987.7,5038.2,6779.4,2322.9,725.9,121.4,181.0,59.0,28.9,104
Argentina,24,Enzo FERNANDEZ,11409.2,3688.6,5266.0,1918.9,480.4,55.3,173.0,38.0,27.9,104
Argentina,2,Marcos SENESI,2913.7,875.9,1533.2,383.0,86.7,35.0,32.0,8.0,29.1,104
Argentina,5,Leandro PAREDES,8576.2,3501.1,3484.5,1129.6,372.2,88.8,98.0,31.0,29.8,104
Argentina,17,Giuliano SIMEONE,7646.1,2540.6,3035.9,1381.6,406.9,281.2,105.0,33.0,33.7,104
Argentina,19,Nicolas OTAMENDI,9258.8,3689.8,3955.4,1121.5,342.0,150.2,96.0,28.0,30.6,104
Argentina,25,Facundo MEDINA,7135.2,2449.6,3341.0,947.7,284.9,111.9,79.0,17.0,30.0,104
Argentina,26,Nahuel MOLINA,7366.5,3161.5,2548.7,917.1,502.8,236.3,87.0,35.0,31.9,104
