team,seq,minute,player,outcome,body_part,delivery_type,is_goal,period,match_id
Mexico,0,3,Brian GUTIERREZ,Incomplete - Blocked,Right Foot,Freekick,False,1,1
Mexico,1,4,Raul JIMENEZ,On Target - Saved,Left Foot,Cross,False,1,1
Mexico,2,8,Julian QUINONES,On Target - Goal,Right Foot,Loose Ball,True,1,1
Mexico,3,12,Raul JIMENEZ,Off Target - Saved,Head,Corner,False,1,1
Mexico,4,19,Julian QUINONES,Off Target,Right Foot,Pass,False,1,1
Mexico,5,29,Brian GUTIERREZ,Incomplete - Blocked,Right Foot,Pass,False,1,1
Mexico,6,41,Julian QUINONES,Deflected Off Target - Defensive Event,Right Foot,Other,False,1,1
Mexico,7,41,Julian QUINONES,Off Target,Right Foot,Pass,False,1,1
Mexico,8,46,Jesus GALLARDO,Deflected Off Target - Defensive Event,Left Foot,Pass,False,1,1
Mexico,9,48,Brian GUTIERREZ,Off Target,Right Foot,Pass,False,1,1
Mexico,10,45,Brian GUTIERREZ,Off Target,Right Foot,Loose Ball,False,2,1
Mexico,11,47,Julian QUINONES,On Target - Saved,Right Foot,Ball Progression,False,2,1
Mexico,12,51,Raul JIMENEZ,Incomplete - Blocked,Right Foot,Freekick,False,2,1
Mexico,13,51,Jesus GALLARDO,Off Target,Left Foot,Pass,False,2,1
Mexico,14,57,Israel REYES,Incomplete - Player On Ball Error,Head,Freekick,False,2,1
Mexico,15,66,Raul JIMENEZ,On Target - Goal,Head,Cross,True,2,1
South Africa,0,37,Lyle FOSTER,Off Target,Head,Pass,False,1,1
South Africa,1,44,Mbekezeli MBOKAZI,On Target - Saved,Left Foot,Loose Ball,False,1,1
South Africa,2,55,Aubrey MODIBA,On Target - Saved,Left Foot,Pass,False,1,1
South Korea,0,11,SON Heungmin,Deflected Off Target - Defensive Event,Left Foot,Pass,False,1,2
South Korea,1,11,LEE Hanbeom,Off Target,Head,Cross,False,1,2
South Korea,2,13,LEE Kangin,On Target - Saved,Left Foot,Pass,False,1,2
South Korea,3,13,SON Heungmin,Incomplete - Blocked,Right Foot,Cross,False,1,2
South Korea,4,37,SON Heungmin,Off Target,Right Foot,Pass,False,1,2
South Korea,5,38,SON Heungmin,Off Target,Left Foot,Pass,False,1,2
South Korea,6,46,SON Heungmin,Incomplete - Defensive Event,Right Foot,Cross,False,1,2
South Korea,7,47,HWANG Inbeom,Off Target,Right Foot,Pass,False,1,2
South Korea,8,48,HWANG Inbeom,On Target - Saved,Right Foot,Pass,False,1,2
South Korea,9,48,LEE Jaesung,On Target - Saved,Left Foot,Other,False,1,2
South Korea,10,55,SON Heungmin,On Target - Saved,Left Foot,Pass,False,1,2
South Korea,11,60,LEE Jaesung,Off Target - Saved,Head,Cross,False,1,2
South Korea,12,66,HWANG Inbeom,On Target - Goal,Right Foot,Pass,True,1,2
South Korea,13,79,OH Hyeongyu,On Target - Goal,Left Foot,Cross,True,1,2
South Korea,14,93,KIM Jingyu,Incomplete - Blocked,Left Foot,Pass,False,1,2
Czechia,0,21,Tomas SOUCEK,Off Target,Left Foot,Corner,False,1,2
Czechia,1,31,Pavel SULC,Off Target,Right Foot,Loose Ball,False,1,2
Czechia,2,58,Ladislav KREJCI,On Target - Goal,Head,Other,True,1,2
Czechia,3,81,Adam HLOZEK,On Target - Saved,Left Foot,Loose Ball,False,1,2
Czechia,4,87,Michal SADILEK,On Target - Saved,Head,Interception,False,1,2
Czechia,5,92,Michal SADILEK,On Target - Saved,Right Foot,Pass,False,1,2
Czechia,6,93,Adam HLOZEK,Incomplete - Player On Ball Error,Upper Body,Cross,False,1,2
Canada,0,16,Jonathan DAVID,On Target - Saved,Left Foot,Loose Ball,False,1,3
Canada,1,27,Jonathan DAVID,Incomplete - Blocked,Left Foot,Pass,False,1,3
Canada,2,29,Ismael KONE,Incomplete - Blocked,Right Foot,Freekick,False,1,3
Canada,3,31,Tani OLUWASEYI,Off Target,Left Foot,Pass,False,1,3
Canada,4,37,Jonathan DAVID,Deflected Off Target - Defensive Event,Right Foot,Loose Ball,False,1,3
Canada,5,48,Alistair JOHNSTON,Deflected Off Target - Defensive Event,Right Foot,Other,False,1,3
Canada,6,48,Derek CORNELIUS,Off Target,Head,Corner,False,1,3
Canada,7,52,Richie LARYEA,On Target - Saved,Right Foot,Pass,False,1,3
Canada,8,64,Stephen EUSTAQUIO,Off Target,Right Foot,Pass,False,1,3
Canada,9,65,Tani OLUWASEYI,On Target - Goal Prevented,Head,Cross,False,1,3
Canada,10,78,Cyle LARIN,Deflected On Target - Goal,Right Foot,Pass,True,1,3
Canada,11,80,Promise DAVID,Off Target,Right Foot,Loose Ball,False,1,3
Canada,12,95,Cyle LARIN,Incomplete - Blocked,Left Foot,Pass,False,1,3
Bosnia and Herzegovina,0,2,Amar MEMIC,Off Target,Right Foot,Loose Ball,False,1,3
Bosnia and Herzegovina,1,4,Jovo LUKIC,Off Target,Head,Cross,False,1,3
Bosnia and Herzegovina,2,12,Jovo LUKIC,On Target - Saved,Head,Freekick,False,1,3
Bosnia and Herzegovina,3,20,Jovo LUKIC,On Target - Goal,Head,Pass,True,1,3
Bosnia and Herzegovina,4,43,Benjamin TAHIROVIC,Off Target,Right Foot,Loose Ball,False,1,3
Bosnia and Herzegovina,5,45,Ermedin DEMIROVIC,On Target - Saved,Right Foot,Pass,False,1,3
Bosnia and Herzegovina,6,58,Tarik MUHAREMOVIC,Off Target,Head,Corner,False,1,3
Bosnia and Herzegovina,7,84,Dzenis BURNIC,Incomplete - Player On Ball Error,Right Foot,Loose Ball,False,1,3
USA,0,2,Folarin BALOGUN,Deflected On Target - Saved,Right Foot,Pass,False,1,4
USA,1,30,Folarin BALOGUN,On Target - Goal,Right Foot,Pass,True,1,4
USA,2,34,Folarin BALOGUN,Incomplete - Player On Ball Error,Head,Cross,False,1,4
USA,3,36,Malik TILLMAN,Deflected Off Target - Defensive Event,Left Foot,Loose Ball,False,1,4
USA,4,37,Chris RICHARDS,Off Target,Head,Corner,False,1,4
USA,5,42,Malik TILLMAN,On Target - Saved,Right Foot,Loose Ball,False,1,4
USA,6,49,Folarin BALOGUN,On Target - Goal,Left Foot,Ball Progression,True,1,4
USA,7,46,Folarin BALOGUN,Incomplete - Blocked,Right Foot,Other,False,2,4
USA,8,56,Malik TILLMAN,Incomplete - Blocked,Right Foot,Pass,False,2,4
USA,9,60,Malik TILLMAN,Off Target,Right Foot,Loose Ball,False,2,4
USA,10,74,Malik TILLMAN,On Target - Saved,Right Foot,Pass,False,2,4
USA,11,76,Timothy WEAH,Off Target,Right Foot,Pass,False,2,4
USA,12,88,Ricardo PEPI,Off Target,Left Foot,Pass,False,2,4
USA,13,89,Sebastian BERHALTER,Off Target,Right Foot,Other,False,2,4
USA,14,96,Timothy WEAH,Incomplete - Blocked,Right Foot,Pass,False,2,4
USA,15,97,Giovanni REYNA,On Target - Goal,Right Foot,Ball Progression,True,2,4
Paraguay,0,1,Diego GOMEZ,Off Target - Saved,Left Foot,Pass,False,1,4
Paraguay,1,13,Julio ENCISO,Off Target,Right Foot,Ball Progression,False,1,4
Paraguay,2,47,Miguel ALMIRON,Incomplete,Left Foot,Interception,False,1,4
Paraguay,3,48,Diego GOMEZ,Deflected Off Target - Defensive Event,Right Foot,Ball Progression,False,1,4
Paraguay,4,49,Diego GOMEZ,Incomplete,Right Foot,Ball Progression,False,1,4
Paraguay,5,64,Julio ENCISO,Incomplete - Blocked,Right Foot,Ball Progression,False,1,4
Paraguay,6,64,Diego GOMEZ,Off Target,Right Foot,Pass,False,1,4
Paraguay,7,70,Miguel ALMIRON,Incomplete - Blocked,Left Foot,Other,False,1,4
Paraguay,8,72,MAURICIO,On Target - Goal,Left Foot,Pass,True,1,4
Qatar,0,1,EDMILSON JUNIOR,On Target - Saved,Right Foot,Loose Ball,False,1,5
Qatar,1,29,ISSA LAYE,Off Target,Head,Cross,False,1,5
Qatar,2,42,EDMILSON JUNIOR,On Target - Saved,Right Foot,Loose Ball,False,1,5
Qatar,3,43,HOMAM AHMED,Incomplete - Player On Ball Error,Left Foot,Loose Ball,False,1,5
Qatar,4,74,KARIM BOUDIAF,Off Target,Right Foot,Pass,False,1,5
Qatar,5,89,AHMED ALAAELDIN,On Target - Saved,Right Foot,Pass,False,1,5
Switzerland,0,5,Dan NDOYE,On Target - Saved,Right Foot,Pass,False,1,5
Switzerland,1,9,Dan NDOYE,Off Target,Left Foot,Cross,False,2,5
Switzerland,2,11,Manuel AKANJI,On Target - Saved,Left Foot,Freekick,False,2,5
Switzerland,3,16,Breel EMBOLO,On Target - Goal,Right Foot,Penalty,True,2,5
Switzerland,4,20,Denis ZAKARIA,On Target - Saved,Right Foot,Pass,False,2,5
Switzerland,5,20,Ruben VARGAS,Incomplete - Blocked,Right Foot,Pass,False,2,5
Switzerland,6,33,Dan NDOYE,Incomplete - Blocked,Left Foot,Pass,False,2,5
Switzerland,7,34,Dan NDOYE,Off Target,Right Foot,Pass,False,2,5
Switzerland,8,41,Breel EMBOLO,Incomplete - Blocked,Right Foot,Corner,False,2,5
Switzerland,9,45,Dan NDOYE,On Target - Saved,Left Foot,Pass,False,2,5
Switzerland,10,47,Ruben VARGAS,Off Target - Saved,Right Foot,Pass,False,2,5
Switzerland,11,48,Denis ZAKARIA,Incomplete,Right Foot,Pass,False,2,5
Switzerland,12,50,Michel AEBISCHER,On Target - Goal Prevented,Right Foot,Pass,False,2,5
Switzerland,13,47,Nico ELVEDI,Deflected Off Target - Defensive Event,Head,Freekick,False,2,5
Switzerland,14,48,Granit XHAKA,Off Target,Left Foot,Pass,False,2,5
Switzerland,15,50,Dan NDOYE,Off Target,Right Foot,Cross,False,2,5
Switzerland,0,62,Nico ELVEDI,Incomplete - Blocked,Left Foot,Pass,False,1,5
Switzerland,1,66,Granit XHAKA,Off Target,Left Foot,Pass,False,2,5
Switzerland,2,71,Fabian RIEDER,Incomplete - Blocked,Right Foot,Pass,False,2,5
Switzerland,3,74,Ruben VARGAS,On Target - Saved,Right Foot,Pass,False,2,5
Switzerland,4,75,Breel EMBOLO,Off Target,Right Foot,Pass,False,2,5
Switzerland,5,80,Johan MANZAMBI,Off Target,Right Foot,Other,False,2,5
Switzerland,6,85,Johan MANZAMBI,Incomplete - Blocked,Left Foot,Pass,False,2,5
Switzerland,7,91,Zeki AMDOUNI,Incomplete - Blocked,Right Foot,Pass,False,2,5
Switzerland,8,96,Ardon JASHARI,Off Target,Left Foot,Loose Ball,False,2,5
Brazil,0,8,RAPHINHA,Incomplete - Blocked,Left Foot,Pass,False,1,6
Brazil,1,13,IGOR THIAGO,Incomplete - Player On Ball Error,Head,Cross,False,1,6
Brazil,2,19,LUCAS PAQUETA,Incomplete - Blocked,Right Foot,Pass,False,1,6
Brazil,3,31,VINICIUS JUNIOR,On Target - Goal,Right Foot,Ball Progression,True,1,6
Brazil,4,46,LUCAS PAQUETA,On Target - Saved,Left Foot,Cross,False,1,6
Brazil,5,47,MARQUINHOS,Off Target,Head,Corner,False,1,6
Brazil,6,45,BRUNO GUIMARAES,Incomplete - Player On Ball Error,Right Foot,Loose Ball,False,2,6
Brazil,7,47,MARQUINHOS,Deflected Off Target - Defensive Event,Right Foot,Corner,False,2,6
Brazil,8,51,IGOR THIAGO,On Target - Saved,Left Foot,Other,False,2,6
Brazil,9,77,RAPHINHA,On Target - Saved,Left Foot,Cross,False,2,6
Brazil,10,90,DANILO SANTOS,Incomplete - Player On Ball Error,Head,Cross,False,2,6
Brazil,11,92,DANILO SANTOS,On Target - Saved,Left Foot,Pass,False,2,6
Morocco,0,5,Brahim DIAZ,Incomplete - Blocked,Right Foot,Pass,False,1,6
Morocco,1,5,Neil EL AYNAOUI,Incomplete - Defensive Event,Right Foot,Loose Ball,False,1,6
Morocco,2,6,Bilal EL KHANNOUSS,Incomplete - Blocked,Right Foot,Pass,False,1,6
Morocco,3,6,Achraf HAKIMI,Off Target,Right Foot,Pass,False,1,6
Morocco,4,8,Brahim DIAZ,Incomplete - Blocked,Right Foot,Pass,False,1,6
Morocco,5,10,Ismael SAIBARI,Incomplete - Blocked,Left Foot,Pass,False,1,6
Morocco,6,20,Ismael SAIBARI,On Target - Goal,Right Foot,Pass,True,1,6
Morocco,7,26,Achraf HAKIMI,Off Target,Right Foot,Pass,False,1,6
Morocco,8,28,Neil EL AYNAOUI,Incomplete - Player On Ball Error,Head,Freekick,False,1,6
Morocco,9,29,Ismael SAIBARI,Incomplete - Blocked,Right Foot,Pass,False,1,6
Morocco,10,29,Brahim DIAZ,Deflected On Target - Saved,Right Foot,Interception,False,1,6
Morocco,11,30,Achraf HAKIMI,Off Target,Right Foot,Loose Ball,False,1,6
Morocco,12,98,Neil EL AYNAOUI,Off Target - Saved,Right Foot,Loose Ball,False,1,6
Morocco,13,98,Ayoube AMAIMOUNI,On Target - Saved,Right Foot,Other,False,1,6
Haiti,0,4,Louicius DEEDSON,Off Target,Left Foot,Ball Progression,False,1,7
Haiti,1,10,Jean-Ricner BELLEGARDE,Off Target,Left Foot,Pass,False,1,7
Haiti,2,12,Wilson ISIDOR,Incomplete - Blocked,Right Foot,Pass,False,1,7
Haiti,3,33,Ricardo ADE,Incomplete - Player On Ball Error,Head,Freekick,False,1,7
Haiti,4,33,Ruben PROVIDENCE,On Target - Saved,Right Foot,Pass,False,1,7
Haiti,5,33,Frantzdy PIERROT,Incomplete - Blocked,Left Foot,Other,False,1,7
Haiti,6,35,Wilson ISIDOR,Off Target,Head,Freekick,False,1,7
Haiti,7,41,Jean-Ricner BELLEGARDE,Off Target,Right Foot,Pass,False,1,7
Haiti,8,72,Ruben PROVIDENCE,Off Target,Right Foot,Loose Ball,False,1,7
Haiti,9,77,Jean-Ricner BELLEGARDE,Incomplete - Blocked,Right Foot,Pass,False,1,7
Haiti,10,78,Ruben PROVIDENCE,Deflected Off Target - Defensive Event,Right Foot,Loose Ball,False,1,7
Haiti,11,78,Josue CASIMIR,Deflected Off Target,Right Foot,Pass,False,1,7
Haiti,12,84,Frantzdy PIERROT,Off Target,Head,Cross,False,1,7
Haiti,13,93,Frantzdy PIERROT,On Target - Saved,Right Foot,Pass,False,1,7
Haiti,14,96,Martin EXPERIENCE,Off Target,Right Foot,Pass,False,1,7
Scotland,0,2,Ben GANNON-DOAK,Off Target - Saved,Left Foot,Ball Progression,False,1,7
Scotland,1,3,Lawrence SHANKLAND,Incomplete - Blocked,Right Foot,Pass,False,1,7
Scotland,2,6,Scott McTOMINAY,Off Target,Head,Cross,False,1,7
Scotland,3,16,Scott McTOMINAY,Off Target,Right Foot,Pass,False,1,7
Scotland,4,27,Che ADAMS,On Target - Saved,Right Foot,Cross,False,1,7
Scotland,5,27,John McGINN,Deflected On Target - Goal,Left Foot,Other,True,1,7
Scotland,6,31,Lawrence SHANKLAND,Off Target,Head,Cross,False,1,7
Scotland,7,54,Ben GANNON-DOAK,Deflected Off Target - Defensive Event,Right Foot,Cross,False,1,7
Scotland,8,72,John McGINN,Off Target,Left Foot,Pass,False,1,7
Australia,0,16,Alessandro CIRCATI,Off Target,Head,Corner,False,1,8
Australia,1,26,Nestory IRANKUNDA,On Target - Goal,Right Foot,Ball Progression,True,1,8
Australia,2,38,Jordan BOS,Off Target,Left Foot,Other,False,1,8
Australia,3,44,Nestory IRANKUNDA,On Target - Saved,Right Foot,Ball Progression,False,1,8
Australia,4,47,Jordan BOS,Deflected Off Target - Defensive Event,Right Foot,Pass,False,1,8
Australia,5,48,Jacob ITALIANO,Off Target,Right Foot,Pass,False,1,8
Australia,6,53,Harry SOUTTAR,On Target - Saved,Head,Corner,False,1,8
Australia,7,53,Mohamed TOURE,Incomplete - Blocked,Lower Body,Cross,False,1,8
Australia,8,74,Connor METCALFE,On Target - Goal,Left Foot,Loose Ball,True,1,8
Türkiye,0,2,Hakan CALHANOGLU,Deflected Off Target - Defensive Event,Right Foot,Pass,False,1,8
Türkiye,1,3,Ismail YUKSEK,Deflected Off Target - Defensive Event,Head,Corner,False,2,8
Türkiye,2,6,Arda GULER,Off Target,Left Foot,Pass,False,2,8
Türkiye,3,18,Ferdi KADIOGLU,Off Target,Right Foot,Pass,False,2,8
Türkiye,4,26,Arda GULER,On Target - Saved,Right Foot,Loose Ball,False,2,8
Türkiye,5,29,Abdulkerim BARDAKCI,Off Target,Left Foot,Loose Ball,False,2,8
Türkiye,6,29,Hakan CALHANOGLU,Off Target,Right Foot,Pass,False,2,8
Türkiye,7,35,Orkun KOKCU,Off Target,Right Foot,Pass,False,2,8
Türkiye,8,41,Arda GULER,Off Target,Left Foot,Pass,False,2,8
Türkiye,9,48,Kerem AKTURKOGLU,Incomplete - Blocked,Left Foot,Ball Progression,False,2,8
Türkiye,10,45,Hakan CALHANOGLU,On Target - Saved,Right Foot,Pass,False,2,8
Türkiye,11,49,Hakan CALHANOGLU,Incomplete - Blocked,Right Foot,Loose Ball,False,2,8
Türkiye,12,49,Ismail YUKSEK,Deflected Off Target - Defensive Event,Left Foot,Ball Progression,False,2,8
Türkiye,13,50,Kerem AKTURKOGLU,Incomplete - Defensive Event,Right Foot,Loose Ball,False,2,8
Türkiye,14,56,Arda GULER,On Target - Saved,Left Foot,Freekick,False,2,8
Türkiye,15,56,Ismail YUKSEK,Off Target,Right Foot,Pass,False,2,8
Türkiye,16,59,Kenan YILDIZ,Incomplete - Blocked,Right Foot,Ball Progression,False,2,8
Türkiye,0,62,Kenan YILDIZ,Incomplete - Blocked,Right Foot,Pass,False,1,8
Türkiye,1,64,Arda GULER,Incomplete - Blocked,Left Foot,Pass,False,2,8
Türkiye,2,65,Kenan YILDIZ,Incomplete - Blocked,Right Foot,Pass,False,2,8
Türkiye,3,65,Kenan YILDIZ,Incomplete - Blocked,Right Foot,Loose Ball,False,2,8
Türkiye,4,71,Zeki CELIK,On Target - Saved,Right Foot,Pass,False,2,8
Türkiye,5,73,Arda GULER,Off Target,Left Foot,Pass,False,2,8
Türkiye,6,76,Kenan YILDIZ,Incomplete - Blocked,Right Foot,Pass,False,2,8
Türkiye,7,76,Kerem AKTURKOGLU,On Target - Saved,Right Foot,Pass,False,2,8
Türkiye,8,81,Arda GULER,Off Target,Left Foot,Pass,False,2,8
Türkiye,9,85,Hakan CALHANOGLU,On Target - Saved,Right Foot,Freekick,False,2,8
Türkiye,10,88,Arda GULER,On Target - Saved,Left Foot,Pass,False,2,8
Türkiye,11,89,Merih DEMIRAL,Off Target,Head,Pass,False,2,8
Türkiye,12,94,Kenan YILDIZ,Deflected Off Target - Defensive Event,Right Foot,Loose Ball,False,2,8
Germany,0,5,Jamal MUSIALA,Incomplete - Blocked,Right Foot,Pass,False,1,9
Germany,1,5,Felix NMECHA,On Target - Goal,Right Foot,Pass,True,2,9
Germany,2,6,Jamal MUSIALA,Incomplete - Blocked,Right Foot,Ball Progression,False,2,9
Germany,3,8,Felix NMECHA,Off Target,Right Foot,Pass,False,2,9
Germany,4,9,Florian WIRTZ,Incomplete - Blocked,Right Foot,Ball Progression,False,2,9
Germany,5,10,Leroy SANE,Off Target,Left Foot,Ball Progression,False,2,9
Germany,6,11,Felix NMECHA,On Target - Saved,Right Foot,Pass,False,2,9
Germany,7,13,Florian WIRTZ,Off Target,Right Foot,Pass,False,2,9
Germany,8,27,Nico SCHLOTTERBECK,On Target - Saved,Head,Freekick,False,2,9
Germany,9,29,Aleksandar PAVLOVIC,Deflected Off Target - Defensive Event,Left Foot,Pass,False,2,9
Germany,10,31,Leroy SANE,Incomplete - Blocked,Left Foot,Pass,False,2,9
Germany,11,37,Nico SCHLOTTERBECK,On Target - Goal,Head,Corner,True,2,9
Germany,12,44,Nathaniel BROWN,Incomplete - Blocked,Right Foot,Loose Ball,False,2,9
Germany,13,44,Aleksandar PAVLOVIC,On Target - Goal Prevented,Right Foot,Pass,False,2,9
Germany,14,44,Kai HAVERTZ,Incomplete - Player On Ball Error,Head,Loose Ball,False,2,9
Germany,15,49,Kai HAVERTZ,On Target - Goal,Left Foot,Penalty,True,2,9
Germany,16,46,Jamal MUSIALA,On Target - Goal,Right Foot,Pass,True,2,9
Germany,0,49,Felix NMECHA,On Target - Saved,Right Foot,Freekick,False,1,9
Germany,1,52,Florian WIRTZ,Deflected Off Target - Defensive Event,Right Foot,Cross,False,2,9
Germany,2,53,Kai HAVERTZ,Incomplete - Blocked,Left Foot,Other,False,2,9
Germany,3,53,Aleksandar PAVLOVIC,Off Target,Right Foot,Pass,False,2,9
Germany,4,62,Leroy SANE,Off Target,Left Foot,Pass,False,2,9
Germany,5,67,Nathaniel BROWN,On Target - Goal,Right Foot,Pass,True,2,9
Germany,6,77,Deniz UNDAV,On Target - Goal,Right Foot,Pass,True,2,9
Germany,7,85,David RAUM,Deflected On Target - Saved,Left Foot,Pass,False,2,9
Germany,8,87,Kai HAVERTZ,Deflected On Target - Goal,Left Foot,Pass,True,2,9
Curaçao,0,18,Leandro BACUNA,Off Target,Left Foot,Other,False,1,9
Curaçao,1,20,Livano COMENENCIA,Deflected On Target - Goal,Left Foot,Loose Ball,True,1,9
Curaçao,2,35,Juninho BACUNA,Off Target,Right Foot,Pass,False,1,9
Curaçao,3,46,Sontje HANSEN,On Target - Saved,Right Foot,Pass,False,1,9
Curaçao,4,61,Leandro BACUNA,Off Target,Head,Freekick,False,1,9
Curaçao,5,66,Livano COMENENCIA,Incomplete - Referee Event,Right Foot,Loose Ball,False,1,9
Curaçao,6,74,Tahith CHONG,Off Target,Left Foot,Ball Progression,False,1,9
Curaçao,7,75,Jearl MARGARITHA,Off Target,Right Foot,Pass,False,1,9
Netherlands,0,2,Donyell MALEN,On Target - Saved,Right Foot,Ball Progression,False,1,10
Netherlands,1,33,Donyell MALEN,On Target - Saved,Head,Corner,False,1,10
Netherlands,2,33,Micky VAN DE VEN,Off Target,Head,Cross,False,1,10
Netherlands,3,35,Cody GAKPO,Off Target,Right Foot,Loose Ball,False,1,10
Netherlands,4,50,Virgil VAN DIJK,On Target - Goal,Head,Cross,True,1,10
Netherlands,5,63,Crysencio SUMMERVILLE,On Target - Goal,Left Foot,Pass,True,1,10
Netherlands,6,72,Cody GAKPO,On Target - Saved,Right Foot,Pass,False,1,10
Netherlands,7,72,Jan Paul VAN HECKE,On Target - Saved,Head,Corner,False,1,10
Netherlands,8,75,Teun KOOPMEINERS,Deflected Off Target - Saved,Left Foot,Pass,False,1,10
Netherlands,9,92,Teun KOOPMEINERS,Off Target,Head,Cross,False,1,10
Japan,0,27,Hiroki ITO,Off Target,Left Foot,Pass,False,1,10
Japan,1,42,Keito NAKAMURA,Off Target,Right Foot,Cross,False,1,10
Japan,2,44,Ayase UEDA,Off Target,Right Foot,Pass,False,1,10
Japan,3,56,Keito NAKAMURA,Deflected On Target - Goal,Right Foot,Pass,True,1,10
Japan,4,66,Takefusa KUBO,Off Target,Left Foot,Loose Ball,False,1,10
Japan,5,74,Keito NAKAMURA,Off Target,Right Foot,Corner,False,1,10
Japan,6,77,Koki OGAWA,Incomplete,Head,Cross,False,1,10
Japan,7,79,Yukinari SUGAWARA,On Target - Saved,Right Foot,Cross,False,1,10
Japan,8,88,Koki OGAWA,Incomplete - Assist,Head,Corner,False,1,10
Côte d'Ivoire,0,15,Seko FOFANA,Incomplete,Right Foot,Pass,False,1,11
Côte d'Ivoire,1,17,Elye WAHI,On Target - Saved,Right Foot,Pass,False,1,11
Côte d'Ivoire,2,32,Seko FOFANA,Off Target,Right Foot,Pass,False,1,11
Côte d'Ivoire,3,34,Nicolas PEPE,Incomplete - Blocked,Left Foot,Pass,False,1,11
Côte d'Ivoire,4,46,Wilfried SINGO,Off Target,Right Foot,Cross,False,1,11
Côte d'Ivoire,5,47,Nicolas PEPE,Incomplete,Left Foot,Ball Progression,False,1,11
Côte d'Ivoire,6,49,Yan DIOMANDE,Off Target,Left Foot,Pass,False,1,11
Côte d'Ivoire,7,51,Elye WAHI,Off Target,Right Foot,Cross,False,1,11
Côte d'Ivoire,8,52,Seko FOFANA,Off Target,Left Foot,Pass,False,1,11
Côte d'Ivoire,9,57,Yan DIOMANDE,Off Target,Right Foot,Tackle,False,1,11
Côte d'Ivoire,10,60,Seko FOFANA,Deflected On Target - Saved,Right Foot,Corner,False,1,11
Côte d'Ivoire,11,82,Ghislain KONAN,Off Target,Right Foot,Loose Ball,False,1,11
Côte d'Ivoire,12,89,Amad DIALLO,On Target - Goal,Left Foot,Pass,True,1,11
Côte d'Ivoire,13,93,Amad DIALLO,On Target - Saved,Left Foot,Pass,False,1,11
Côte d'Ivoire,14,96,Christ Inao OULAI,Off Target,Right Foot,Pass,False,1,11
Ecuador,0,1,Moises CAICEDO,Off Target,Right Foot,Pass,False,1,11
Ecuador,1,13,John YEBOAH,Off Target,Left Foot,Loose Ball,False,1,11
Ecuador,2,22,John YEBOAH,Off Target,Left Foot,Tackle,False,1,11
Ecuador,3,23,Alan MINDA,Off Target,Right Foot,Loose Ball,False,1,11
Ecuador,4,29,Alan MINDA,Off Target,Right Foot,Pass,False,1,11
Ecuador,5,29,John YEBOAH,Off Target,Left Foot,Pass,False,1,11
Ecuador,6,45,Enner VALENCIA,Off Target,Left Foot,Pass,False,1,11
Ecuador,7,55,Pedro VITE,Off Target,Left Foot,Pass,False,1,11
Ecuador,8,67,Gonzalo PLATA,On Target - Saved,Left Foot,Pass,False,1,11
Ecuador,9,86,Joel ORDONEZ,Deflected Off Target - Defensive Event,Head,Freekick,False,1,11
Ecuador,10,87,Joel ORDONEZ,Incomplete - Blocked,Right Foot,Corner,False,1,11
Ecuador,11,98,Piero HINCAPIE,Deflected Off Target - Defensive Event,Head,Corner,False,1,11
Sweden,0,4,Viktor GYOKERES,Off Target,Right Foot,Pass,False,1,12
Sweden,1,6,Viktor GYOKERES,On Target - Defensive Event,Left Foot,Loose Ball,False,1,12
Sweden,2,6,Yasin AYARI,On Target - Goal,Right Foot,Loose Ball,True,1,12
Sweden,3,29,Alexander ISAK,On Target - Goal,Right Foot,Ball Progression,True,1,12
Sweden,4,32,Victor LINDELOF,Off Target,Head,Corner,False,1,12
Sweden,5,52,Viktor GYOKERES,Incomplete - Blocked,Right Foot,Loose Ball,False,1,12
Sweden,6,58,Viktor GYOKERES,On Target - Goal,Right Foot,Pass,True,1,12
Sweden,7,65,Viktor GYOKERES,Off Target,Right Foot,Pass,False,1,12
Sweden,8,67,Alexander ISAK,Incomplete - Blocked,Right Foot,Pass,False,1,12
Sweden,9,83,Mattias SVANBERG,On Target - Goal,Right Foot,Pass,True,1,12
Sweden,10,87,Alexander ISAK,On Target - Saved,Right Foot,Pass,False,1,12
Sweden,11,89,Lucas BERGVALL,Deflected Off Target - Defensive Event,Right Foot,Pass,False,1,12
Sweden,12,95,Yasin AYARI,On Target - Goal,Right Foot,Pass,True,1,12
Tunisia,0,17,Elias SAAD,Off Target,Right Foot,Pass,False,1,12
Tunisia,1,30,Rani KHEDIRA,Incomplete - Referee Event,Right Foot,Pass,False,1,12
Tunisia,2,42,Omar REKIK,On Target - Goal,Head,Cross,True,1,12
Tunisia,3,51,Hannibal MEJBRI,Off Target,Right Foot,Freekick,False,1,12
Tunisia,4,54,Montassar TALBI,Incomplete - Player On Ball Error,Head,Corner,False,1,12
Tunisia,5,92,Elias ACHOURI,On Target - Saved,Right Foot,Loose Ball,False,1,12
Spain,0,14,PEDRI,On Target - Saved,Right Foot,Loose Ball,False,1,13
Spain,1,18,Fabian RUIZ,Incomplete - Player On Ball Error,Left Foot,Loose Ball,False,2,13
Spain,2,19,Pau CUBARSI,Incomplete,Right Foot,Pass,False,2,13
Spain,3,28,GAVI,Incomplete - Blocked,Right Foot,Pass,False,2,13
Spain,4,28,Marc CUCURELLA,Off Target,Right Foot,Other,False,2,13
Spain,5,38,Ferran TORRES,Off Target,Right Foot,Pass,False,2,13
Spain,6,38,Mikel OYARZABAL,On Target - Saved,Head,Other,False,2,13
Spain,7,39,Ferran TORRES,Incomplete - Blocked,Head,Corner,False,2,13
Spain,8,40,Fabian RUIZ,Off Target,Left Foot,Pass,False,2,13
Spain,9,44,Ferran TORRES,On Target - Saved,Left Foot,Loose Ball,False,2,13
Spain,10,46,Aymeric LAPORTE,Deflected On Target - Saved,Head,Corner,False,2,13
Spain,11,47,RODRI,Incomplete - Blocked,Head,Corner,False,2,13
Spain,12,48,Mikel OYARZABAL,Off Target,Head,Cross,False,2,13
Spain,13,47,Mikel OYARZABAL,Incomplete - Player On Ball Error,Head,Cross,False,2,13
Spain,14,47,Fabian RUIZ,Off Target,Left Foot,Pass,False,2,13
Spain,15,50,Fabian RUIZ,Off Target,Left Foot,Pass,False,2,13
Spain,16,55,Fabian RUIZ,On Target - Saved,Head,Cross,False,2,13
Spain,0,57,Aymeric LAPORTE,Off Target,Left Foot,Pass,False,1,13
Spain,1,72,Mikel MERINO,On Target - Saved,Right Foot,Pass,False,2,13
Spain,2,74,Ferran TORRES,Incomplete - Blocked,Right Foot,Pass,False,2,13
Spain,3,77,PEDRI,Incomplete - Blocked,Right Foot,Pass,False,2,13
Spain,4,81,Marc CUCURELLA,On Target - Saved,Head,Pass,False,2,13
Spain,5,84,RODRI,Off Target,Left Foot,Loose Ball,False,2,13
Spain,6,87,Mikel OYARZABAL,Deflected Off Target - Defensive Event,Right Foot,Pass,False,2,13
Spain,7,91,Lamine YAMAL,Incomplete - Defensive Event,Left Foot,Pass,False,2,13
Spain,8,94,Lamine YAMAL,Deflected Off Target - Defensive Event,Left Foot,Interception,False,2,13
Spain,9,94,Mikel OYARZABAL,Off Target,Head,Corner,False,2,13
Cabo Verde,0,26,STEVEN MOREIRA,Incomplete - Blocked,Right Foot,Ball Progression,False,1,13
Cabo Verde,1,34,DAILON LIVRAMENTO,Off Target,Right Foot,Loose Ball,False,1,13
Cabo Verde,2,37,JOVANE CABRAL,Off Target,Right Foot,Freekick,False,1,13
Cabo Verde,3,89,KEVIN PINA,Deflected Off Target - Defensive Event,Right Foot,Pass,False,1,13
Cabo Verde,4,90,DINEY BORGES,On Target - Saved,Head,Corner,False,1,13
Cabo Verde,5,93,RYAN MENDES,Off Target,Right Foot,Pass,False,1,13
Belgium,0,5,Leandro TROSSARD,Incomplete - Blocked,Left Foot,Pass,False,1,14
Belgium,1,6,Kevin DE BRUYNE,Off Target,Right Foot,Pass,False,1,14
Belgium,2,30,Youri TIELEMANS,Off Target,Head,Cross,False,1,14
Belgium,3,37,Leandro TROSSARD,Incomplete - Player On Ball Error,Right Foot,Pass,False,1,14
Belgium,4,38,Leandro TROSSARD,Deflected On Target - Defensive Event,Left Foot,Pass,False,1,14
Belgium,5,42,Kevin DE BRUYNE,Incomplete,Right Foot,Pass,False,1,14
Belgium,6,45,Jeremy DOKU,Off Target,Right Foot,Pass,False,1,14
Belgium,7,52,Kevin DE BRUYNE,Off Target,Right Foot,Freekick,False,1,14
Belgium,8,61,Youri TIELEMANS,Off Target,Left Foot,Loose Ball,False,1,14
Belgium,9,61,Kevin DE BRUYNE,On Target - Saved,Right Foot,Pass,False,1,14
Belgium,10,72,Thomas MEUNIER,On Target - Saved,Left Foot,Pass,False,1,14
Belgium,11,77,Romelu LUKAKU,Incomplete - Blocked,Right Foot,Pass,False,1,14
Belgium,12,82,Brandon MECHELE,On Target - Saved,Head,Pass,False,1,14
Belgium,13,86,Romelu LUKAKU,Off Target,Head,Cross,False,1,14
Belgium,14,93,Brandon MECHELE,Off Target,Right Foot,Freekick,False,1,14
Egypt,0,19,EMAM ASHOUR,On Target - Goal,Right Foot,Pass,True,1,14
Egypt,1,32,MOSTAFA ZICO,On Target - Saved,Right Foot,Pass,False,1,14
Egypt,2,48,OMAR MARMOUSH,Off Target - Saved,Right Foot,Loose Ball,False,1,14
Egypt,3,48,MOHAMED HANY,Deflected Off Target - Defensive Event,Right Foot,Loose Ball,False,1,14
Egypt,4,47,MOSTAFA ZICO,Incomplete - Blocked,Left Foot,Cross,False,1,14
Egypt,5,47,OMAR MARMOUSH,Incomplete - Blocked,Right Foot,Loose Ball,False,1,14
Egypt,6,54,MOHAMED SALAH,On Target - Saved,Head,Cross,False,1,14
Egypt,7,54,EMAM ASHOUR,Off Target - Player On Ball Error,Right Foot,Loose Ball,False,1,14
Egypt,8,56,MARAWAN ATTIA,Incomplete - Blocked,Left Foot,Loose Ball,False,1,14
Egypt,9,59,OMAR MARMOUSH,Off Target,Right Foot,Ball Progression,False,1,14
Egypt,10,64,OMAR MARMOUSH,Deflected Off Target - Defensive Event,Right Foot,Pass,False,1,14
Egypt,11,78,ZIZO,Incomplete - Blocked,Right Foot,Pass,False,1,14
Egypt,12,83,OMAR MARMOUSH,Incomplete - Blocked,Right Foot,Pass,False,1,14
Egypt,13,89,MOHAMED HANY,Incomplete - Blocked,Right Foot,Ball Progression,False,1,14
Saudi Arabia,0,17,SALEM ALDAWSARI,Off Target,Right Foot,Pass,False,1,15
Saudi Arabia,1,37,ABDULELAH ALAMRI,On Target - Saved,Right Foot,Corner,False,1,15
Saudi Arabia,2,38,ABDULLAH ALKHAIBARI,Off Target,Right Foot,Loose Ball,False,1,15
Saudi Arabia,3,40,MOHAMED KANNO,On Target - Saved,Head,Corner,False,1,15
Saudi Arabia,4,40,ABDULELAH ALAMRI,On Target - Goal,Right Foot,Other,True,1,15
Saudi Arabia,5,86,MOHAMED KANNO,Incomplete - Blocked,Right Foot,Loose Ball,False,1,15
Saudi Arabia,6,86,SAUD ABDULHAMID,Off Target,Right Foot,Ball Progression,False,1,15
Uruguay,0,4,Maxi ARAUJO,On Target - Saved,Left Foot,Pass,False,1,15
Uruguay,1,5,Federico VINAS,Incomplete,Head,Corner,False,2,15
Uruguay,2,20,Rodrigo BENTANCUR,Incomplete,Head,Freekick,False,2,15
Uruguay,3,44,Federico VINAS,On Target - Saved,Head,Freekick,False,2,15
Uruguay,4,45,Darwin NUNEZ,Incomplete - Player On Ball Error,Head,Corner,False,2,15
Uruguay,5,45,Federico VINAS,On Target - Saved,Head,Cross,False,2,15
Uruguay,6,49,Federico VINAS,Off Target,Head,Corner,False,2,15
Uruguay,7,53,Mathias OLIVERA,Incomplete - Blocked,Head,Corner,False,2,15
Uruguay,8,53,Manuel UGARTE,Off Target,Right Foot,Loose Ball,False,2,15
Uruguay,9,58,Agustin CANOBBIO,Off Target,Head,Cross,False,2,15
Uruguay,10,59,Manuel UGARTE,On Target - Saved,Right Foot,Pass,False,2,15
Uruguay,11,59,Juan Manuel SANABRIA,Off Target,Right Foot,Loose Ball,False,2,15
Uruguay,12,66,Federico VALVERDE,On Target - Saved,Right Foot,Freekick,False,2,15
Uruguay,13,66,Guillermo VARELA,Incomplete - Blocked,Right Foot,Loose Ball,False,2,15
Uruguay,14,78,Nicolas DE LA CRUZ,Incomplete - Blocked,Left Foot,Pass,False,2,15
Uruguay,15,79,Federico VINAS,On Target - Saved,Head,Pass,False,2,15
Uruguay,16,79,Maxi ARAUJO,On Target - Goal,Left Foot,Other,True,2,15
Uruguay,0,81,Juan Manuel SANABRIA,Deflected Off Target - Defensive Event,Left Foot,Pass,False,1,15
Uruguay,1,82,Sebastian CACERES,Off Target,Head,Corner,False,2,15
Uruguay,2,83,Brian RODRIGUEZ,Off Target,Right Foot,Ball Progression,False,2,15
Uruguay,3,90,Nicolas DE LA CRUZ,On Target - Saved,Left Foot,Pass,False,2,15
Uruguay,4,92,Federico VALVERDE,On Target - Saved,Right Foot,Corner,False,2,15
Uruguay,5,93,Sebastian CACERES,Off Target,Head,Corner,False,2,15
Uruguay,6,94,Federico VALVERDE,Deflected Off Target - Defensive Event,Right Foot,Pass,False,2,15
Uruguay,7,95,Guillermo VARELA,Incomplete - Blocked,Right Foot,Loose Ball,False,2,15
Uruguay,8,95,Brian RODRIGUEZ,On Target - Saved,Right Foot,Pass,False,2,15
Uruguay,9,97,Juan Manuel SANABRIA,Incomplete - Defensive Event,Right Foot,Loose Ball,False,2,15
IR Iran,0,5,Arya YOUSEFI,On Target - Saved,Right Foot,Ball Progression,False,1,16
IR Iran,1,22,Mehdi TAREMI,Off Target,Right Foot,Pass,False,1,16
IR Iran,2,28,Saman GHODDOS,Off Target,Right Foot,Interception,False,1,16
IR Iran,3,29,Saman GHODDOS,Off Target,Left Foot,Loose Ball,False,1,16
IR Iran,4,31,Shahriyar MOGHANLOO,Incomplete - Defensive Event,Right Foot,Loose Ball,False,1,16
IR Iran,5,31,Ramin REZAEIAN,On Target - Goal,Right Foot,Loose Ball,True,1,16
IR Iran,6,47,Shahriyar MOGHANLOO,Off Target,Head,Other,False,1,16
IR Iran,7,48,Mehdi GHAYEDI,Incomplete - Blocked,Right Foot,Pass,False,1,16
IR Iran,8,50,Shahriyar MOGHANLOO,Off Target,Left Foot,Pass,False,1,16
IR Iran,9,63,Mohammad MOHEBBI,On Target - Goal,Head,Cross,True,1,16
IR Iran,10,72,Mohammad MOHEBBI,Incomplete - Blocked,Right Foot,Pass,False,1,16
IR Iran,11,75,Ehsan HAJISAFI,Incomplete - Blocked,Left Foot,Pass,False,1,16
IR Iran,12,79,Mehdi TAREMI,Off Target,Head,Cross,False,1,16
IR Iran,13,84,Ali ALIPOUR,Incomplete - Blocked,Left Foot,Loose Ball,False,1,16
IR Iran,14,84,Saeid EZATOLAHI,Off Target,Right Foot,Loose Ball,False,1,16
IR Iran,15,86,Saeid EZATOLAHI,On Target - Saved,Right Foot,Pass,False,1,16
IR Iran,16,88,Ali NEMATI,Incomplete,Left Foot,Loose Ball,False,1,16
New Zealand,0,6,Elijah JUST,On Target - Goal,Right Foot,Other,True,1,16
New Zealand,1,11,Sarpreet SINGH,Off Target,Left Foot,Ball Progression,False,1,16
New Zealand,2,13,Marko STAMENIC,Deflected Off Target - Defensive Event,Right Foot,Ball Progression,False,1,16
New Zealand,3,14,Callum McCOWATT,Incomplete,Right Foot,Loose Ball,False,1,16
New Zealand,4,14,Chris WOOD,Incomplete - Player On Ball Error,Right Foot,Loose Ball,False,1,16
New Zealand,5,18,Sarpreet SINGH,On Target,Left Foot,Pass,False,1,16
New Zealand,6,29,Liberato CACACE,On Target - Saved,Left Foot,Pass,False,1,16
New Zealand,7,44,Chris WOOD,On Target - Saved,Right Foot,Freekick,False,1,16
New Zealand,8,45,Callum McCOWATT,On Target - Saved,Left Foot,Ball Progression,False,1,16
New Zealand,9,46,Chris WOOD,Off Target,Right Foot,Ball Progression,False,1,16
New Zealand,10,54,Elijah JUST,On Target - Goal,Right Foot,Pass,True,1,16
New Zealand,11,60,Sarpreet SINGH,On Target,Left Foot,Loose Ball,False,1,16
New Zealand,12,80,Finn SURMAN,Incomplete - Player On Ball Error,Head,Cross,False,1,16
New Zealand,13,92,Chris WOOD,On Target - Saved,Head,Cross,False,1,16
France,0,18,Ousmane DEMBELE,Incomplete - Blocked,Left Foot,Pass,False,1,17
France,1,46,Desire DOUE,Off Target,Left Foot,Pass,False,1,17
France,2,52,Michael OLISE,On Target - Saved,Left Foot,Ball Progression,False,1,17
France,3,56,Kylian MBAPPE,On Target - Saved,Right Foot,Pass,False,1,17
France,4,64,Theo HERNANDEZ,Incomplete - Blocked,Left Foot,Pass,False,1,17
France,5,65,Kylian MBAPPE,On Target - Goal,Right Foot,Pass,True,1,17
France,6,71,Michael OLISE,On Target - Saved,Left Foot,Loose Ball,False,1,17
France,7,73,Desire DOUE,Deflected On Target - Saved,Left Foot,Pass,False,1,17
France,8,81,Bradley BARCOLA,On Target - Goal,Right Foot,Pass,True,1,17
France,9,84,Kylian MBAPPE,On Target - Saved,Left Foot,Pass,False,1,17
France,10,95,Kylian MBAPPE,On Target - Goal,Right Foot,Loose Ball,True,1,17
Senegal,0,6,Ismaila SARR,Incomplete - Blocked,Right Foot,Pass,False,1,17
Senegal,1,24,Nicolas JACKSON,Off Target - Player On Ball Error,Left Foot,Pass,False,1,17
Senegal,2,30,Ismaila SARR,Off Target,Right Foot,Pass,False,1,17
Senegal,3,39,Sadio MANE,On Target - Saved,Right Foot,Pass,False,1,17
Senegal,4,50,Ismaila SARR,Off Target,Right Foot,Cross,False,1,17
Senegal,5,94,Ibrahim MBAYE,On Target - Goal,Right Foot,Ball Progression,True,1,17
Iraq,0,4,AYMEN HUSSEIN,Off Target,Head,Other,False,1,18
Iraq,1,12,ALI ALHAMADI,Off Target,Right Foot,Pass,False,1,18
Iraq,2,27,ZAID TAHSEEN,Off Target,Left Foot,Loose Ball,False,1,18
Iraq,3,38,AYMEN HUSSEIN,On Target - Goal,Head,Cross,True,1,18
Iraq,4,47,ALI ALHAMADI,Incomplete,Head,Pass,False,1,18
Iraq,5,47,IBRAHIM BAYESH,Deflected Off Target - Defensive Event,Right Foot,Loose Ball,False,1,18
Iraq,6,48,ZAID TAHSEEN,Off Target,Head,Cross,False,1,18
Iraq,7,49,ALI ALHAMADI,Deflected Off Target - Defensive Event,Right Foot,Pass,False,1,18
Iraq,8,50,AKAM HASHIM,Off Target,Left Foot,Loose Ball,False,1,18
Iraq,9,52,AYMEN HUSSEIN,Off Target,Head,Pass,False,1,18
Iraq,10,62,HUSSEIN ALI,Off Target,Right Foot,Pass,False,1,18
Norway,0,19,Erling HAALAND,Off Target,Head,Corner,False,1,18
Norway,1,23,Alexander SORLOTH,Deflected On Target - Defensive Event,Upper Body,Other,False,1,18
Norway,2,28,Erling HAALAND,On Target - Goal,Left Foot,Cross,True,1,18
Norway,3,30,Alexander SORLOTH,Incomplete - Blocked,Left Foot,Pass,False,1,18
Norway,4,36,Martin ODEGAARD,Off Target,Left Foot,Pass,False,1,18
Norway,5,42,Erling HAALAND,On Target - Goal Prevented,Right Foot,Interception,False,1,18
Norway,6,75,Kristian THORSTVEDT,Deflected Off Target - Defensive Event,Left Foot,Pass,False,1,18
Norway,7,75,Leo OSTIGARD,On Target - Goal,Head,Corner,True,1,18
Norway,8,81,Leo OSTIGARD,Off Target,Head,Freekick,False,1,18
Norway,9,82,Erling HAALAND,On Target - Saved,Left Foot,Loose Ball,False,1,18
Norway,10,90,Kristian THORSTVEDT,Off Target,Right Foot,Loose Ball,False,1,18
Argentina,0,16,Lionel MESSI,On Target - Goal,Left Foot,Pass,True,1,19
Argentina,1,36,Lionel MESSI,Incomplete - Referee Event,Left Foot,Freekick,False,1,19
Argentina,2,41,Thiago ALMADA,Off Target - Player On Ball Error,Right Foot,Pass,False,1,19
Argentina,3,49,Alexis MAC ALLISTER,Off Target,Head,Freekick,False,1,19
Argentina,4,50,Lionel MESSI,Off Target,Left Foot,Pass,False,1,19
Argentina,5,53,Lautaro MARTINEZ,On Target - Saved,Right Foot,Pass,False,1,19
Argentina,6,59,Alexis MAC ALLISTER,On Target - Saved,Right Foot,Loose Ball,False,1,19
Argentina,7,59,Lionel MESSI,On Target - Goal,Right Foot,Other,True,1,19
Argentina,8,65,Lionel MESSI,On Target - Saved,Left Foot,Pass,False,1,19
Argentina,9,75,Lionel MESSI,On Target - Goal,Left Foot,Pass,True,1,19
Algeria,0,40,Fares CHAIBI,Off Target,Head,Pass,False,1,19
Algeria,1,43,Fares CHAIBI,Off Target,Right Foot,Ball Progression,False,1,19
Algeria,2,44,Fares CHAIBI,Off Target,Right Foot,Pass,False,1,19
Algeria,3,48,Anis HADJ MOUSSA,Deflected On Target - Defensive Event,Left Foot,Ball Progression,False,1,19
Algeria,4,56,Ibrahim MAZA,Incomplete - Blocked,Right Foot,Pass,False,1,19
Algeria,5,68,Houssem AOUAR,Off Target,Right Foot,Pass,False,1,19
Algeria,6,85,Riyad MAHREZ,Incomplete - Blocked,Left Foot,Freekick,False,1,19
Austria,0,10,David ALABA,Incomplete - Blocked,Left Foot,Loose Ball,False,1,20
Austria,1,18,Marcel SABITZER,Incomplete - Blocked,Left Foot,Pass,False,1,20
Austria,2,20,Romano SCHMID,On Target - Goal,Right Foot,Pass,True,1,20
Austria,3,32,Stefan POSCH,Off Target,Right Foot,Loose Ball,False,1,20
Austria,4,48,Sasa KALAJDZIC,Off Target,Right Foot,Pass,False,1,20
Austria,5,59,Stefan POSCH,Off Target,Right Foot,Other,False,1,20
Austria,6,62,Carney CHUKWUEMEKA,On Target - Goal Prevented,Right Foot,Pass,False,1,20
Austria,7,91,Marko ARNAUTOVIC,On Target - Saved,Left Foot,Loose Ball,False,1,20
Austria,8,93,Konrad LAIMER,Off Target,Right Foot,Loose Ball,False,1,20
Austria,9,101,Marko ARNAUTOVIC,On Target - Goal,Right Foot,Penalty,True,1,20
Jordan,0,1,EHSAN HADDAD,Off Target,Right Foot,Pass,False,1,20
Jordan,1,8,MOUSA ALTAMARI,On Target - Saved,Left Foot,Pass,False,1,20
Jordan,2,16,ODEH FAKHOURY,Deflected On Target - Saved,Right Foot,Freekick,False,1,20
Jordan,3,21,ALI OLWAN,Off Target,Head,Cross,False,1,20
Jordan,4,33,ALI OLWAN,On Target - Saved,Right Foot,Pass,False,1,20
Jordan,5,33,MOUSA ALTAMARI,Incomplete - Blocked,Left Foot,Other,False,1,20
Jordan,6,43,MOUSA ALTAMARI,Incomplete - Blocked,Left Foot,Freekick,False,1,20
Jordan,7,45,MOUSA ALTAMARI,Off Target,Left Foot,Ball Progression,False,1,20
Jordan,8,49,ALI OLWAN,On Target - Goal,Right Foot,Pass,True,1,20
Jordan,9,54,ALI OLWAN,Incomplete - Blocked,Right Foot,Ball Progression,False,1,20
Jordan,10,92,ALI AZAIZEH,Off Target,Left Foot,Ball Progression,False,1,20
Portugal,0,5,JOAO NEVES,On Target - Goal,Head,Cross,True,1,21
Portugal,1,38,BRUNO FERNANDES,Incomplete - Blocked,Right Foot,Pass,False,1,21
Portugal,2,67,CRISTIANO RONALDO,Off Target,Right Foot,Pass,False,1,21
Portugal,3,73,CRISTIANO RONALDO,Off Target,Right Foot,Cross,False,1,21
Portugal,4,77,FRANCISCO CONCEICAO,Deflected Off Target - Defensive Event,Left Foot,Cross,False,1,21
Portugal,5,89,BRUNO FERNANDES,Off Target,Left Foot,Other,False,1,21
Portugal,6,91,CRISTIANO RONALDO,Incomplete - Player On Ball Error,Upper Body,Cross,False,1,21
Congo DR,0,10,Yoane WISSA,Off Target,Left Foot,Loose Ball,False,1,21
Congo DR,1,13,Cedric BAKAMBU,Deflected Off Target - Defensive Event,Right Foot,Ball Progression,False,1,21
Congo DR,2,32,Edo KAYEMBE,Deflected On Target - Saved,Left Foot,Ball Progression,False,1,21
Congo DR,3,45,Samuel MOUTOUSSAMY,Incomplete,Left Foot,Pass,False,1,21
Congo DR,4,47,Samuel MOUTOUSSAMY,Deflected Off Target - Defensive Event,Left Foot,Pass,False,1,21
Congo DR,5,49,Yoane WISSA,On Target - Goal,Head,Cross,True,1,21
Congo DR,6,62,Steve KAPUADI,Off Target,Head,Pass,False,1,21
Congo DR,7,76,Cedric BAKAMBU,Off Target,Right Foot,Pass,False,1,21
England,0,7,Harry KANE,Deflected Off Target - Defensive Event,Right Foot,Loose Ball,False,1,22
England,1,8,Ezri KONSA,Incomplete - Player On Ball Error,Head,Other,False,2,22
England,2,11,Harry KANE,On Target - Goal,Right Foot,Penalty,True,2,22
England,3,15,Noni MADUEKE,Deflected Off Target - Defensive Event,Right Foot,Loose Ball,False,2,22
England,4,15,Elliot ANDERSON,Incomplete - Blocked,Right Foot,Loose Ball,False,2,22
England,5,30,Jude BELLINGHAM,Incomplete - Player On Ball Error,Left Foot,Cross,False,2,22
England,6,34,Harry KANE,Incomplete - Player On Ball Error,Head,Cross,False,2,22
England,7,41,Harry KANE,On Target - Goal,Head,Corner,True,2,22
England,8,45,Reece JAMES,Incomplete - Blocked,Right Foot,Freekick,False,2,22
England,9,46,Jude BELLINGHAM,On Target - Goal,Right Foot,Pass,True,2,22
England,10,47,Jude BELLINGHAM,On Target - Saved,Right Foot,Loose Ball,False,2,22
England,11,48,Nico OREILLY,Off Target,Head,Corner,False,2,22
England,12,51,Declan RICE,On Target - Saved,Right Foot,Pass,False,2,22
England,13,55,Nico OREILLY,On Target - Saved,Head,Corner,False,2,22
England,14,55,Anthony GORDON,On Target - Saved,Head,Other,False,2,22
England,15,55,Ezri KONSA,On Target - Saved,Right Foot,Loose Ball,False,2,22
England,16,56,Harry KANE,On Target - Saved,Left Foot,Pass,False,2,22
England,0,56,Harry KANE,Off Target - Saved,Right Foot,Pass,False,1,22
England,1,68,Anthony GORDON,Incomplete - Blocked,Right Foot,Pass,False,2,22
England,2,81,Djed SPENCE,On Target - Saved,Right Foot,Pass,False,2,22
England,3,84,Marcus RASHFORD,On Target - Goal,Right Foot,Pass,True,2,22
England,4,95,Harry KANE,Off Target,Right Foot,Pass,False,2,22
Croatia,0,2,Josip SUTALO,Off Target,Right Foot,Corner,False,1,22
Croatia,1,35,Martin BATURINA,On Target - Goal,Right Foot,Pass,True,1,22
Croatia,2,48,Mario PASALIC,Off Target,Right Foot,Pass,False,1,22
Croatia,3,49,Petar MUSA,On Target - Goal,Right Foot,Pass,True,1,22
Croatia,4,75,Marco PASALIC,On Target - Saved,Left Foot,Pass,False,1,22
Croatia,5,76,Igor MATANOVIC,Deflected On Target - Saved,Right Foot,Ball Progression,False,1,22
Croatia,6,80,Petar SUCIC,Off Target,Right Foot,Loose Ball,False,1,22
Croatia,7,83,Mateo KOVACIC,On Target - Saved,Right Foot,Loose Ball,False,1,22
Croatia,8,93,Andrej KRAMARIC,Incomplete - Blocked,Right Foot,Pass,False,1,22
Croatia,9,94,Josko GVARDIOL,Incomplete - Blocked,Right Foot,Loose Ball,False,1,22
Ghana,0,47,Jonas ADJETEY,On Target - Saved,Head,Cross,False,1,23
Ghana,1,49,Caleb YIRENKYI,Off Target,Right Foot,Pass,False,1,23
Ghana,2,58,Abdul FATAWU,Off Target,Left Foot,Loose Ball,False,1,23
Ghana,3,65,Antoine SEMENYO,Incomplete - Player On Ball Error,Head,Other,False,1,23
Ghana,4,66,Antoine SEMENYO,Incomplete - Blocked,Left Foot,Loose Ball,False,1,23
Ghana,5,72,Jonas ADJETEY,Off Target,Head,Freekick,False,1,23
Ghana,6,94,Caleb YIRENKYI,On Target - Goal,Right Foot,Cross,True,1,23
Panama,0,1,Cecilio WATERMAN,On Target - Saved,Right Foot,Cross,False,1,23
Panama,1,4,Cesar BLACKMAN,Incomplete - Blocked,Right Foot,Pass,False,1,23
Panama,2,37,Jiovany RAMOS,Off Target,Right Foot,Loose Ball,False,1,23
Panama,3,52,Edgar Yoel BARCENAS,Incomplete - Blocked,Left Foot,Loose Ball,False,1,23
Panama,4,59,Carlos HARVEY,Incomplete - Player On Ball Error,Left Foot,Loose Ball,False,1,23
Panama,5,59,Cristian MARTINEZ,Off Target,Right Foot,Loose Ball,False,1,23
Panama,6,63,Cesar BLACKMAN,On Target - Saved,Right Foot,Pass,False,1,23
Panama,7,66,Jiovany RAMOS,Off Target,Left Foot,Ball Progression,False,1,23
Panama,8,84,Ismael DIAZ,On Target - Saved,Right Foot,Other,False,1,23
Panama,9,86,Edgar Yoel BARCENAS,Off Target,Right Foot,Pass,False,1,23
Panama,10,98,Ismael DIAZ,On Target - Saved,Head,Pass,False,1,23
Uzbekistan,0,46,Behruzjon KARIMOV,Incomplete - Player On Ball Error,Right Foot,Loose Ball,False,1,24
Uzbekistan,1,59,Eldor SHOMURODOV,On Target - Saved,Right Foot,Cross,False,1,24
Uzbekistan,2,59,Abbosbek FAYZULLAEV,On Target - Goal,Head,Other,True,1,24
Uzbekistan,3,87,Dostonbek KHAMDAMOV,Deflected Off Target - Defensive Event,Left Foot,Pass,False,1,24
Uzbekistan,4,89,Akmal MOZGOVOY,Off Target,Right Foot,Pass,False,1,24
Uzbekistan,5,91,Dostonbek KHAMDAMOV,Incomplete - Player On Ball Error,Head,Pass,False,1,24
Uzbekistan,6,100,Azizbek AMONOV,Incomplete - Blocked,Right Foot,Ball Progression,False,1,24
Uzbekistan,7,100,Behruzjon KARIMOV,Off Target,Right Foot,Loose Ball,False,1,24
Colombia,0,16,Jhon ARIAS,Off Target,Right Foot,Pass,False,1,24
Colombia,1,31,Luis DIAZ,Off Target,Left Foot,Pass,False,1,24
Colombia,2,39,James RODRIGUEZ,Incomplete - Blocked,Left Foot,Loose Ball,False,1,24
Colombia,3,40,Daniel MUNOZ,On Target - Goal,Right Foot,Pass,True,1,24
Colombia,4,44,James RODRIGUEZ,On Target - Saved,Left Foot,Pass,False,1,24
Colombia,5,48,Jefferson LERMA,Incomplete - Player On Ball Error,Left Foot,Loose Ball,False,1,24
Colombia,6,48,Gustavo PUERTA,Incomplete - Blocked,Right Foot,Pass,False,1,24
Colombia,7,63,Jhon ARIAS,Incomplete - Blocked,Left Foot,Pass,False,1,24
Colombia,8,63,Jefferson LERMA,Deflected Off Target - Defensive Event,Right Foot,Loose Ball,False,1,24
Colombia,9,63,Davinson SANCHEZ,Off Target,Head,Loose Ball,False,1,24
Colombia,10,64,Luis DIAZ,On Target - Goal,Right Foot,Pass,True,1,24
Colombia,11,81,Johan MOJICA,Off Target,Left Foot,Pass,False,1,24
Colombia,12,85,Jefferson LERMA,Off Target,Right Foot,Pass,False,1,24
Colombia,13,86,Jaminton CAMPAZ,Off Target,Left Foot,Other,False,1,24
Colombia,14,98,Jaminton CAMPAZ,On Target - Goal,Head,Cross,True,1,24
Mexico,0,6,Roberto ALVARADO,Off Target - Saved,Left Foot,Loose Ball,False,1,25
Mexico,1,7,Brian GUTIERREZ,Off Target - Saved,Right Foot,Pass,False,1,25
Mexico,2,19,Julian QUINONES,On Target - Saved,Head,Cross,False,1,25
Mexico,3,48,Jesus GALLARDO,Off Target,Left Foot,Pass,False,1,25
Mexico,4,49,Raul JIMENEZ,Incomplete - Blocked,Head,Cross,False,1,25
Mexico,5,49,Luis ROMO,On Target - Goal,Right Foot,Loose Ball,True,1,25
Mexico,6,74,Raul JIMENEZ,On Target - Saved,Right Foot,Pass,False,1,25
Mexico,7,84,Obed VARGAS,On Target - Saved,Right Foot,Other,False,1,25
South Korea,0,40,SEOL Youngwoo,Off Target,Left Foot,Pass,False,1,25
South Korea,1,43,LEE Kangin,Incomplete - Blocked,Right Foot,Pass,False,1,25
South Korea,2,57,HWANG Inbeom,Incomplete - Blocked,Left Foot,Loose Ball,False,1,25
South Korea,3,77,LEE Kangin,Off Target,Left Foot,Pass,False,1,25
South Korea,4,86,CHO Guesung,On Target - Saved,Head,Cross,False,1,25
South Korea,5,86,YANG Hyunjun,On Target - Saved,Left Foot,Other,False,1,25
South Korea,6,91,LEE Hanbeom,Off Target,Head,Corner,False,1,25
South Korea,7,93,CHO Guesung,Deflected Off Target - Defensive Event,Head,Cross,False,1,25
South Korea,8,93,OH Hyeongyu,Incomplete - Player On Ball Error,Head,Corner,False,1,25
Czechia,0,4,Ladislav KREJCI,Incomplete - Player On Ball Error,Head,Corner,False,1,26
Czechia,1,4,Michal SADILEK,Off Target,Left Foot,Loose Ball,False,1,26
Czechia,2,5,Michal SADILEK,Deflected On Target - Goal,Left Foot,Pass,True,1,26
Czechia,3,41,Adam HLOZEK,Off Target,Right Foot,Freekick,False,1,26
Czechia,4,46,Vladimir DARIDA,Incomplete - Blocked,Right Foot,Pass,False,1,26
Czechia,5,46,Lukas CERV,On Target - Saved,Left Foot,Loose Ball,False,1,26
Czechia,6,47,Patrik SCHICK,On Target - Saved,Head,Corner,False,1,26
Czechia,7,52,Ladislav KREJCI,Off Target,Head,Corner,False,1,26
Czechia,8,58,Michal SADILEK,Incomplete - Defensive Event,Left Foot,Pass,False,1,26
Czechia,9,67,Ladislav KREJCI,Incomplete - Blocked,Head,Other,False,1,26
Czechia,10,89,Ladislav KREJCI,Incomplete - Player On Ball Error,Head,Cross,False,1,26
Czechia,11,90,Jaroslav ZELENY,Incomplete - Referee Event,Head,Freekick,False,1,26
Czechia,12,93,Lukas PROVOD,Off Target,Left Foot,Loose Ball,False,1,26
South Africa,0,11,Oswin APPOLLIS,Deflected Off Target - Defensive Event,Right Foot,Pass,False,1,26
South Africa,1,12,Aubrey MODIBA,Off Target,Left Foot,Pass,False,1,26
South Africa,2,21,Iqraam RAYNERS,Incomplete - Blocked,Head,Cross,False,1,26
South Africa,3,44,Teboho MOKOENA,Off Target,Right Foot,Pass,False,1,26
South Africa,4,48,Thapelo MASEKO,Incomplete - Blocked,Left Foot,Loose Ball,False,1,26
South Africa,5,49,Mbekezeli MBOKAZI,Incomplete - Blocked,Left Foot,Loose Ball,False,1,26
South Africa,6,53,Thapelo MASEKO,Off Target,Left Foot,Pass,False,1,26
South Africa,7,59,Aubrey MODIBA,Off Target,Left Foot,Pass,False,1,26
South Africa,8,73,Evidence MAKGOPA,On Target - Saved,Head,Pass,False,1,26
South Africa,9,75,Mbekezeli MBOKAZI,Incomplete - Blocked,Left Foot,Freekick,False,1,26
South Africa,10,80,Thapelo MASEKO,Incomplete - Blocked,Left Foot,Pass,False,1,26
South Africa,11,82,Teboho MOKOENA,On Target - Goal,Right Foot,Penalty,True,1,26
South Africa,12,85,Thalente MBATHA,Incomplete - Blocked,Right Foot,Loose Ball,False,1,26
South Africa,13,87,Relebohile MOFOKENG,On Target - Saved,Right Foot,Loose Ball,False,1,26
South Africa,14,95,Evidence MAKGOPA,On Target - Saved,Left Foot,Loose Ball,False,1,26
South Africa,15,96,Aubrey MODIBA,Deflected Off Target - Defensive Event,Right Foot,Loose Ball,False,1,26
South Africa,16,96,Mbekezeli MBOKAZI,Incomplete - Blocked,Left Foot,Pass,False,1,26
Canada,0,6,Jonathan DAVID,On Target - Saved,Right Foot,Cross,False,1,27
Canada,1,14,Stephen EUSTAQUIO,Incomplete - Defensive Event,Right Foot,Loose Ball,False,2,27
Canada,2,15,Jonathan DAVID,On Target - Saved,Right Foot,Cross,False,2,27
Canada,3,15,Cyle LARIN,On Target - Goal,Left Foot,Other,True,2,27
Canada,4,20,Derek CORNELIUS,Off Target,Head,Freekick,False,2,27
Canada,5,28,Tajon BUCHANAN,Incomplete - Blocked,Left Foot,Ball Progression,False,2,27
Canada,6,28,Jonathan DAVID,On Target - Goal,Right Foot,Loose Ball,True,2,27
Canada,7,34,Ali AHMED,Off Target,Right Foot,Freekick,False,2,27
Canada,8,37,Tajon BUCHANAN,On Target - Goal Prevented,Right Foot,Cross,False,2,27
Canada,9,39,Jonathan DAVID,Deflected On Target - Defensive Event,Right Foot,Pass,False,2,27
Canada,10,44,Cyle LARIN,Deflected Off Target - Defensive Event,Right Foot,Pass,False,2,27
Canada,11,47,Cyle LARIN,On Target - Saved,Head,Cross,False,2,27
Canada,12,47,Jonathan DAVID,On Target - Goal,Right Foot,Other,True,2,27
Canada,13,49,Alistair JOHNSTON,On Target - Saved,Right Foot,Pass,False,2,27
Canada,14,47,Ismael KONE,Incomplete - Blocked,Left Foot,Pass,False,2,27
Canada,15,49,Cyle LARIN,Deflected Off Target - Defensive Event,Left Foot,Loose Ball,False,2,27
Canada,16,61,Ali AHMED,Incomplete - Foul For,Left Foot,Pass,False,2,27
Canada,0,63,Nathan SALIBA,On Target - Goal,Right Foot,Freekick,True,1,27
Canada,1,74,Tajon BUCHANAN,Incomplete - Blocked,Left Foot,Loose Ball,False,2,27
Canada,2,74,Jacob SHAFFELBURG,Off Target - Defensive Event,Left Foot,Loose Ball,False,2,27
Canada,3,76,Tajon BUCHANAN,Off Target,Right Foot,Pass,False,2,27
Canada,4,77,Richie LARYEA,Deflected Off Target - Defensive Event,Right Foot,Pass,False,2,27
Canada,5,79,Jacob SHAFFELBURG,Off Target,Left Foot,Loose Ball,False,2,27
Canada,6,81,Jacob SHAFFELBURG,Off Target,Left Foot,Loose Ball,False,2,27
Canada,7,83,Jonathan DAVID,Deflected Off Target - Defensive Event,Left Foot,Loose Ball,False,2,27
Canada,8,83,Tani OLUWASEYI,Incomplete - Blocked,Left Foot,Loose Ball,False,2,27
Canada,9,85,Jonathan DAVID,Incomplete - Blocked,Left Foot,Pass,False,2,27
Canada,10,89,Niko SIGUR,Incomplete - Blocked,Right Foot,Pass,False,2,27
Canada,11,91,Nathan SALIBA,Incomplete - Assist,Right Foot,Pass,False,2,27
Canada,12,91,Jonathan DAVID,On Target - Goal,Left Foot,Loose Ball,True,2,27
Canada,13,94,Cyle LARIN,Incomplete - Blocked,Head,Cross,False,2,27
Canada,14,97,Cyle LARIN,Incomplete - Referee Event,Head,Cross,False,2,27
Canada,15,99,Nathan SALIBA,Incomplete - Player On Ball Error,Head,Cross,False,2,27
Qatar,0,9,BOUALEM KHOUKHI,Deflected Off Target - Defensive Event,Right Foot,Freekick,False,1,27
Switzerland,0,7,Granit XHAKA,Deflected Off Target - Defensive Event,Left Foot,Pass,False,1,28
Switzerland,1,9,Dan NDOYE,Off Target,Left Foot,Pass,False,1,28
Switzerland,2,19,Dan NDOYE,Deflected On Target - Saved,Right Foot,Pass,False,1,28
Switzerland,3,22,Remo FREULER,Off Target,Right Foot,Pass,False,1,28
Switzerland,4,50,Dan NDOYE,On Target - Saved,Right Foot,Pass,False,1,28
Switzerland,5,52,Michel AEBISCHER,Off Target,Head,Pass,False,1,28
Switzerland,6,54,Dan NDOYE,Deflected Off Target - Defensive Event,Right Foot,Pass,False,1,28
Switzerland,7,61,Breel EMBOLO,Deflected Off Target - Defensive Event,Head,Loose Ball,False,1,28
Switzerland,8,73,Johan MANZAMBI,On Target - Goal,Right Foot,Loose Ball,True,1,28
Switzerland,9,80,Ruben VARGAS,On Target - Saved,Right Foot,Freekick,False,1,28
Switzerland,10,83,Ruben VARGAS,On Target - Goal,Right Foot,Pass,True,1,28
Switzerland,11,89,Johan MANZAMBI,On Target - Goal,Right Foot,Pass,True,1,28
Switzerland,12,96,Granit XHAKA,On Target - Goal,Left Foot,Penalty,True,1,28
Bosnia and Herzegovina,0,1,Edin DZEKO,Incomplete - Player On Ball Error,Left Foot,Loose Ball,False,1,28
Bosnia and Herzegovina,1,37,Amar MEMIC,On Target - Saved,Right Foot,Pass,False,1,28
Bosnia and Herzegovina,2,40,Edin DZEKO,Incomplete - Blocked,Left Foot,Pass,False,1,28
Bosnia and Herzegovina,3,67,Amar DEDIC,On Target - Saved,Right Foot,Pass,False,1,28
Bosnia and Herzegovina,4,92,Ermin MAHMIC,On Target - Goal,Right Foot,Loose Ball,True,1,28
Brazil,0,16,VINICIUS JUNIOR,Deflected Off Target - Defensive Event,Right Foot,Loose Ball,False,1,29
Brazil,1,22,VINICIUS JUNIOR,On Target - Saved,Right Foot,Pass,False,1,29
Brazil,2,28,RAPHINHA,On Target - Saved,Left Foot,Pass,False,1,29
Brazil,3,35,MATHEUS CUNHA,On Target - Goal,Left Foot,Pass,True,1,29
Brazil,4,47,VINICIUS JUNIOR,On Target - Goal,Right Foot,Pass,True,1,29
Brazil,5,75,DOUGLAS SANTOS,Off Target,Left Foot,Pass,False,1,29
Brazil,6,90,EDERSON SILVA,Incomplete - Player On Ball Error,Right Foot,Cross,False,1,29
Haiti,0,48,Wilson ISIDOR,Deflected Off Target - Defensive Event,Right Foot,Loose Ball,False,1,29
Haiti,1,62,Ricardo ADE,On Target - Saved,Head,Corner,False,1,29
Haiti,2,65,Ruben PROVIDENCE,Incomplete - Player On Ball Error,Right Foot,Loose Ball,False,1,29
Haiti,3,65,Jean-Kevin DUVERNE,Off Target,Right Foot,Loose Ball,False,1,29
Haiti,4,86,Wilson ISIDOR,On Target - Saved,Left Foot,Pass,False,1,29
Haiti,5,88,Ricardo ADE,Off Target,Right Foot,Pass,False,1,29
Haiti,6,92,Dominique SIMON,On Target - Saved,Right Foot,Pass,False,1,29
Scotland,0,45,John McGINN,Off Target,Right Foot,Cross,False,1,30
Scotland,1,46,Kieran TIERNEY,Incomplete - Blocked,Left Foot,Pass,False,1,30
Scotland,2,63,Ryan CHRISTIE,Off Target,Right Foot,Pass,False,1,30
Scotland,3,84,Scott McTOMINAY,Deflected Off Target - Defensive Event,Right Foot,Pass,False,1,30
Scotland,4,85,Lyndon DYKES,Off Target,Head,Corner,False,1,30
Scotland,5,87,Scott McTOMINAY,Incomplete - Blocked,Left Foot,Loose Ball,False,1,30
Morocco,0,1,Ismael SAIBARI,On Target - Goal,Right Foot,Pass,True,1,30
Morocco,1,20,Ayyoub BOUADDI,Incomplete - Blocked,Right Foot,Loose Ball,False,1,30
Morocco,2,29,Neil EL AYNAOUI,Off Target,Right Foot,Pass,False,1,30
Morocco,3,35,Bilal EL KHANNOUSS,Off Target,Right Foot,Pass,False,1,30
Morocco,4,37,Achraf HAKIMI,Incomplete - Player On Ball Error,Right Foot,Cross,False,1,30
Morocco,5,49,Ismael SAIBARI,Deflected Off Target - Defensive Event,Left Foot,Cross,False,1,30
Morocco,6,51,Bilal EL KHANNOUSS,On Target - Saved,Head,Corner,False,1,30
Morocco,7,57,Brahim DIAZ,Incomplete - Blocked,Right Foot,Pass,False,1,30
Morocco,8,61,Achraf HAKIMI,Off Target,Right Foot,Ball Progression,False,1,30
Morocco,9,90,Chemsdine TALBI,Incomplete - Blocked,Right Foot,Pass,False,1,30
Morocco,10,92,Chemsdine TALBI,Off Target,Left Foot,Pass,False,1,30
Morocco,11,94,Ayoube AMAIMOUNI,Off Target,Left Foot,Pass,False,1,30
USA,0,4,Ricardo PEPI,Deflected Off Target - Defensive Event,Head,Cross,False,1,31
USA,1,8,Sergino DEST,Incomplete - Blocked,Left Foot,Pass,False,1,31
USA,2,14,Weston McKENNIE,Incomplete - Blocked,Head,Corner,False,1,31
USA,3,16,Weston McKENNIE,Off Target,Right Foot,Freekick,False,1,31
USA,4,21,Folarin BALOGUN,Incomplete - Blocked,Left Foot,Pass,False,1,31
USA,5,37,Ricardo PEPI,Incomplete - Blocked,Head,Cross,False,1,31
USA,6,42,Sergino DEST,Incomplete - Defensive Event,Right Foot,Freekick,False,1,31
USA,7,42,Alex FREEMAN,On Target - Goal,Head,Loose Ball,True,1,31
USA,8,51,Sergino DEST,On Target - Saved,Left Foot,Pass,False,1,31
USA,9,51,Folarin BALOGUN,Deflected Off Target - Defensive Event,Right Foot,Pass,False,1,31
Australia,0,12,Mathew LECKIE,Off Target,Right Foot,Loose Ball,False,1,31
Australia,1,61,Cristian VOLPATO,Off Target,Right Foot,Pass,False,1,31
Australia,2,64,Connor METCALFE,On Target - Saved,Left Foot,Pass,False,1,31
Australia,3,86,Alessandro CIRCATI,Off Target,Left Foot,Loose Ball,False,1,31
Türkiye,0,13,Arda GULER,Off Target,Right Foot,Cross,False,1,32
Türkiye,1,14,Kenan YILDIZ,Incomplete - Blocked,Right Foot,Ball Progression,False,2,32
Türkiye,2,20,Hakan CALHANOGLU,Incomplete - Blocked,Right Foot,Loose Ball,False,2,32
Türkiye,3,24,Arda GULER,Incomplete - Blocked,Left Foot,Loose Ball,False,2,32
Türkiye,4,29,Kenan YILDIZ,On Target - Saved,Right Foot,Pass,False,2,32
Türkiye,5,34,Mert MULDUR,Off Target,Head,Freekick,False,2,32
Türkiye,6,35,Kenan YILDIZ,Incomplete - Defensive Event,Right Foot,Pass,False,2,32
Türkiye,7,44,Hakan CALHANOGLU,Incomplete - Blocked,Right Foot,Pass,False,2,32
Türkiye,8,50,Ismail YUKSEK,Off Target,Left Foot,Loose Ball,False,2,32
Türkiye,9,52,Ismail YUKSEK,Off Target,Right Foot,Pass,False,2,32
Türkiye,10,53,Abdulkerim BARDAKCI,Incomplete - Blocked,Left Foot,Pass,False,2,32
Türkiye,11,54,Hakan CALHANOGLU,Incomplete - Blocked,Right Foot,Pass,False,2,32
Türkiye,12,46,Merih DEMIRAL,On Target - Saved,Right Foot,Pass,False,2,32
Türkiye,13,47,Kenan YILDIZ,Off Target,Left Foot,Pass,False,2,32
Türkiye,14,56,Hakan CALHANOGLU,Off Target,Left Foot,Pass,False,2,32
Türkiye,15,58,Merih DEMIRAL,Deflected On Target - Saved,Right Foot,Pass,False,2,32
Türkiye,16,61,Deniz GUL,On Target - Saved,Head,Cross,False,2,32
Türkiye,0,61,Kenan YILDIZ,Off Target,Right Foot,Pass,False,1,32
Türkiye,1,64,Merih DEMIRAL,Off Target,Right Foot,Pass,False,2,32
Türkiye,2,72,Baris Alper YILMAZ,Off Target,Right Foot,Pass,False,2,32
Türkiye,3,74,Mert MULDUR,Deflected Off Target - Defensive Event,Head,Corner,False,2,32
Türkiye,4,75,Hakan CALHANOGLU,Incomplete - Blocked,Right Foot,Other,False,2,32
Türkiye,5,77,Mert MULDUR,Off Target,Head,Cross,False,2,32
Türkiye,6,79,Merih DEMIRAL,Off Target,Right Foot,Cross,False,2,32
Türkiye,7,81,Can UZUN,Off Target,Right Foot,Pass,False,2,32
Türkiye,8,85,Arda GULER,Deflected Off Target - Defensive Event,Left Foot,Pass,False,2,32
Türkiye,9,88,Can UZUN,On Target - Saved,Right Foot,Pass,False,2,32
Türkiye,10,88,Deniz GUL,Off Target,Left Foot,Other,False,2,32
Türkiye,11,95,Kenan YILDIZ,Incomplete - Blocked,Right Foot,Pass,False,2,32
Türkiye,12,96,Can UZUN,Incomplete - Blocked,Right Foot,Pass,False,2,32
Türkiye,13,96,Merih DEMIRAL,Off Target,Head,Cross,False,2,32
Türkiye,14,98,Hakan CALHANOGLU,Off Target,Right Foot,Loose Ball,False,2,32
Paraguay,0,1,Matias GALARZA,On Target - Goal,Left Foot,Pass,True,1,32
Paraguay,1,10,Omar ALDERETE,Incomplete - Blocked,Left Foot,Loose Ball,False,1,32
Paraguay,2,10,Diego GOMEZ,Off Target,Right Foot,Loose Ball,False,1,32
Paraguay,3,36,Juan Jose CACERES,On Target - Saved,Right Foot,Pass,False,1,32
Paraguay,4,59,Julio ENCISO,Off Target,Left Foot,Ball Progression,False,1,32
Paraguay,5,88,Gustavo GOMEZ,Incomplete - Blocked,Head,Loose Ball,False,1,32
Paraguay,6,89,Matias GALARZA,Incomplete - Blocked,Left Foot,Pass,False,1,32
Germany,0,9,Kai HAVERTZ,On Target - Saved,Head,Pass,False,1,33
Germany,1,17,Jamal MUSIALA,Off Target,Right Foot,Pass,False,1,33
Germany,2,20,Felix NMECHA,Deflected Off Target - Defensive Event,Right Foot,Pass,False,1,33
Germany,3,40,Florian WIRTZ,Deflected Off Target - Defensive Event,Right Foot,Pass,False,1,33
Germany,4,41,Jamal MUSIALA,Incomplete - Defensive Event,Left Foot,Loose Ball,False,1,33
Germany,5,46,Felix NMECHA,Incomplete - Blocked,Right Foot,Loose Ball,False,1,33
Germany,6,51,Florian WIRTZ,On Target - Saved,Right Foot,Ball Progression,False,1,33
Germany,7,56,Antonio RUEDIGER,Off Target,Right Foot,Pass,False,1,33
Germany,8,60,Jamie LEWELING,Off Target,Left Foot,Pass,False,1,33
Germany,9,62,Kai HAVERTZ,Off Target,Head,Corner,False,1,33
Germany,10,67,Deniz UNDAV,On Target - Goal,Left Foot,Cross,True,1,33
Germany,11,85,Deniz UNDAV,On Target - Saved,Right Foot,Pass,False,1,33
Germany,12,88,Nathaniel BROWN,On Target - Saved,Left Foot,Pass,False,1,33
Germany,13,90,Nadiem AMIRI,On Target - Saved,Right Foot,Pass,False,1,33
Germany,14,93,Deniz UNDAV,On Target - Goal,Left Foot,Pass,True,1,33
Côte d'Ivoire,0,11,Wilfried SINGO,Incomplete - Blocked,Right Foot,Loose Ball,False,1,33
Côte d'Ivoire,1,29,Amad DIALLO,Incomplete - Blocked,Left Foot,Cross,False,1,33
Côte d'Ivoire,2,29,Franck KESSIE,On Target - Goal,Right Foot,Loose Ball,True,1,33
Côte d'Ivoire,3,37,Ange-Yoan BONNY,On Target - Saved,Right Foot,Pass,False,1,33
Côte d'Ivoire,4,45,Ghislain KONAN,Incomplete - Blocked,Left Foot,Pass,False,1,33
Côte d'Ivoire,5,49,Franck KESSIE,Incomplete - Defensive Event,Right Foot,Pass,False,1,33
Côte d'Ivoire,6,50,Christ Inao OULAI,Off Target,Right Foot,Pass,False,1,33
Côte d'Ivoire,7,55,Yan DIOMANDE,Off Target,Right Foot,Loose Ball,False,1,33
Côte d'Ivoire,8,83,Seko FOFANA,Incomplete - Blocked,Right Foot,Pass,False,1,33
Ecuador,0,2,Enner VALENCIA,On Target - Saved,Right Foot,Pass,False,1,34
Ecuador,1,11,John YEBOAH,On Target - Saved,Left Foot,Pass,False,2,34
Ecuador,2,13,Pedro VITE,Off Target,Left Foot,Ball Progression,False,2,34
Ecuador,3,15,Gonzalo PLATA,On Target - Saved,Left Foot,Loose Ball,False,2,34
Ecuador,4,19,Enner VALENCIA,Deflected On Target - Saved,Right Foot,Cross,False,2,34
Ecuador,5,21,Jordy ALCIVAR,Deflected Off Target - Defensive Event,Right Foot,Pass,False,2,34
Ecuador,6,27,Gonzalo PLATA,On Target - Saved,Right Foot,Pass,False,2,34
Ecuador,7,41,John YEBOAH,On Target - Saved,Left Foot,Pass,False,2,34
Ecuador,8,49,Moises CAICEDO,On Target - Saved,Right Foot,Pass,False,2,34
Ecuador,9,49,Gonzalo PLATA,Off Target,Left Foot,Pass,False,2,34
Ecuador,10,53,Gonzalo PLATA,Off Target,Right Foot,Pass,False,2,34
Ecuador,11,58,Piero HINCAPIE,Incomplete - Player On Ball Error,Head,Corner,False,2,34
Ecuador,12,58,Gonzalo PLATA,On Target - Saved,Head,Loose Ball,False,2,34
Ecuador,13,60,Enner VALENCIA,On Target - Saved,Right Foot,Pass,False,2,34
Ecuador,14,61,Kevin RODRIGUEZ,Off Target,Left Foot,Ball Progression,False,2,34
Ecuador,15,63,Kevin RODRIGUEZ,Off Target,Head,Corner,False,2,34
Ecuador,16,64,Enner VALENCIA,On Target - Saved,Head,Cross,False,2,34
Ecuador,0,65,Kevin RODRIGUEZ,On Target - Saved,Head,Corner,False,1,34
Ecuador,1,65,Enner VALENCIA,Incomplete - Blocked,Right Foot,Loose Ball,False,2,34
Ecuador,2,65,Willian PACHO,On Target - Saved,Head,Loose Ball,False,2,34
Ecuador,3,66,Kevin RODRIGUEZ,Incomplete - Blocked,Right Foot,Cross,False,2,34
Ecuador,4,72,Nilson ANGULO,On Target - Saved,Right Foot,Ball Progression,False,2,34
Ecuador,5,72,John YEBOAH,Deflected Off Target - Defensive Event,Right Foot,Ball Progression,False,2,34
Ecuador,6,73,Piero HINCAPIE,Off Target,Head,Corner,False,2,34
Ecuador,7,76,Enner VALENCIA,On Target - Saved,Head,Cross,False,2,34
Ecuador,8,79,Pedro VITE,On Target - Saved,Left Foot,Pass,False,2,34
Ecuador,9,83,Enner VALENCIA,Off Target,Right Foot,Loose Ball,False,2,34
Curaçao,0,8,Sherel FLORANUS,Off Target,Right Foot,Pass,False,1,34
Curaçao,1,17,Livano COMENENCIA,Incomplete - Blocked,Right Foot,Pass,False,1,34
Curaçao,2,29,Juninho BACUNA,Incomplete,Left Foot,Pass,False,1,34
Curaçao,3,32,Juninho BACUNA,Deflected Off Target - Defensive Event,Right Foot,Pass,False,1,34
Curaçao,4,46,Livano COMENENCIA,Off Target - Saved,Left Foot,Ball Progression,False,1,34
Curaçao,5,56,Leandro BACUNA,Off Target,Right Foot,Pass,False,1,34
Curaçao,6,59,Leandro BACUNA,On Target - Saved,Right Foot,Pass,False,1,34
Curaçao,7,59,Livano COMENENCIA,On Target - Saved,Right Foot,Pass,False,1,34
Curaçao,8,59,Juergen LOCADIA,Deflected Off Target - Defensive Event,Right Foot,Other,False,1,34
Curaçao,9,73,Juninho BACUNA,On Target - Saved,Left Foot,Pass,False,1,34
Netherlands,0,5,Brian BROBBEY,On Target - Goal,Right Foot,Cross,True,1,35
Netherlands,1,10,Cody GAKPO,On Target - Saved,Head,Cross,False,1,35
Netherlands,2,14,Tijjani REIJNDERS,Off Target,Left Foot,Loose Ball,False,1,35
Netherlands,3,16,Brian BROBBEY,On Target - Goal,Right Foot,Cross,True,1,35
Netherlands,4,37,Cody GAKPO,On Target - Saved,Right Foot,Ball Progression,False,1,35
Netherlands,5,46,Cody GAKPO,On Target - Goal,Left Foot,Cross,True,1,35
Netherlands,6,49,Cody GAKPO,Incomplete - Defensive Event,Right Foot,Pass,False,1,35
Netherlands,7,53,Cody GAKPO,On Target - Goal,Right Foot,Ball Progression,True,1,35
Netherlands,8,56,Ryan GRAVENBERCH,Off Target,Right Foot,Pass,False,1,35
Netherlands,9,88,Crysencio SUMMERVILLE,Deflected On Target - Goal,Right Foot,Pass,True,1,35
Sweden,0,6,Viktor GYOKERES,On Target - Saved,Right Foot,Pass,False,1,35
Sweden,1,26,Jesper KARLSTROM,Incomplete,Right Foot,Pass,False,1,35
Sweden,2,30,Yasin AYARI,Off Target,Right Foot,Pass,False,1,35
Sweden,3,32,Viktor GYOKERES,Off Target - Saved,Right Foot,Pass,False,1,35
Sweden,4,36,Viktor GYOKERES,On Target - Saved,Right Foot,Pass,False,1,35
Sweden,5,40,Yasin AYARI,Off Target,Right Foot,Pass,False,1,35
Sweden,6,47,Viktor GYOKERES,On Target - Saved,Right Foot,Freekick,False,1,35
Sweden,7,48,Benjamin NYGREN,Off Target,Left Foot,Loose Ball,False,1,35
Sweden,8,49,Yasin AYARI,On Target - Saved,Right Foot,Pass,False,1,35
Sweden,9,51,Yasin AYARI,Incomplete - Blocked,Right Foot,Pass,False,1,35
Sweden,10,56,Yasin AYARI,Off Target,Right Foot,Ball Progression,False,1,35
Sweden,11,58,Anthony ELANGA,On Target - Goal,Left Foot,Pass,True,1,35
Sweden,12,83,Alexander ISAK,On Target - Saved,Right Foot,Pass,False,1,35
Sweden,13,84,Besfort ZENELI,On Target - Saved,Left Foot,Pass,False,1,35
Sweden,14,91,Viktor GYOKERES,Incomplete - Blocked,Right Foot,Pass,False,1,35
Sweden,15,95,Gustaf LAGERBIELKE,On Target - Saved,Head,Corner,False,1,35
Tunisia,0,2,Hannibal MEJBRI,Off Target,Right Foot,Loose Ball,False,1,36
Tunisia,1,74,Ismael GHARBI,Incomplete - Blocked,Left Foot,Ball Progression,False,1,36
Japan,0,5,Ayase UEDA,Off Target,Left Foot,Pass,False,1,36
Japan,1,9,Ayase UEDA,Deflected On Target - Saved,Right Foot,Loose Ball,False,1,36
Japan,2,9,Takehiro TOMIYASU,Off Target - Saved,Right Foot,Other,False,1,36
Japan,3,30,Ayase UEDA,On Target - Goal,Right Foot,Pass,True,1,36
Japan,4,47,Ao TANAKA,Off Target,Right Foot,Pass,False,1,36
Japan,5,62,Ayase UEDA,Deflected Off Target - Defensive Event,Right Foot,Pass,False,1,36
Japan,6,65,Keito NAKAMURA,Incomplete - Blocked,Right Foot,Pass,False,1,36
Japan,7,68,Junya ITO,On Target - Goal,Right Foot,Pass,True,1,36
Japan,8,82,Ayase UEDA,On Target - Goal,Head,Cross,True,1,36
Japan,9,84,Junya ITO,Incomplete - Blocked,Right Foot,Ball Progression,False,1,36
Belgium,0,7,Kevin DE BRUYNE,Off Target,Right Foot,Pass,False,1,37
Belgium,1,8,Kevin DE BRUYNE,Incomplete - Blocked,Right Foot,Cross,False,2,37
Belgium,2,8,Maxim DE CUYPER,On Target - Saved,Right Foot,Loose Ball,False,2,37
Belgium,3,9,Romelu LUKAKU,Incomplete - Blocked,Left Foot,Pass,False,2,37
Belgium,4,18,Leandro TROSSARD,Incomplete - Blocked,Left Foot,Pass,False,2,37
Belgium,5,21,Youri TIELEMANS,On Target - Saved,Right Foot,Pass,False,2,37
Belgium,6,22,Nathan NGOY,Off Target,Right Foot,Loose Ball,False,2,37
Belgium,7,41,Kevin DE BRUYNE,On Target - Saved,Right Foot,Pass,False,2,37
Belgium,8,43,Maxim DE CUYPER,On Target - Saved,Left Foot,Pass,False,2,37
Belgium,9,43,Alexis SAELEMAEKERS,Incomplete - Blocked,Left Foot,Pass,False,2,37
Belgium,10,47,Kevin DE BRUYNE,Deflected Off Target - Saved,Right Foot,Pass,False,2,37
Belgium,11,46,Kevin DE BRUYNE,Incomplete - Blocked,Left Foot,Pass,False,2,37
Belgium,12,49,Alexis SAELEMAEKERS,Off Target,Right Foot,Corner,False,2,37
Belgium,13,50,Maxim DE CUYPER,Incomplete - Blocked,Left Foot,Ball Progression,False,2,37
Belgium,14,58,Maxim DE CUYPER,On Target - Saved,Right Foot,Loose Ball,False,2,37
Belgium,15,61,Dodi LUKEBAKIO,On Target - Saved,Left Foot,Pass,False,2,37
Belgium,16,61,Hans VANAKEN,Off Target,Left Foot,Other,False,2,37
Belgium,0,83,Youri TIELEMANS,Incomplete - Player On Ball Error,Left Foot,Loose Ball,False,1,37
Belgium,1,83,Hans VANAKEN,Off Target,Left Foot,Cross,False,2,37
Belgium,2,85,Maxim DE CUYPER,On Target - Saved,Right Foot,Cross,False,2,37
Belgium,3,92,Brandon MECHELE,Off Target,Head,Cross,False,2,37
Belgium,4,93,Matias FERNANDEZ-PARDO,Off Target,Right Foot,Ball Progression,False,2,37
Belgium,5,94,Dodi LUKEBAKIO,Off Target,Left Foot,Pass,False,2,37
IR Iran,0,13,Hossein KANANI,On Target - Saved,Right Foot,Pass,False,1,37
IR Iran,1,14,Saeid EZATOLAHI,Off Target,Head,Corner,False,1,37
IR Iran,2,45,Alireza JAHANBAKHSH,Off Target,Left Foot,Ball Progression,False,1,37
IR Iran,3,52,Mehdi TAREMI,On Target - Saved,Right Foot,Pass,False,1,37
IR Iran,4,64,Shoja KHALILZADEH,Off Target,Head,Corner,False,1,37
IR Iran,5,80,Saeid EZATOLAHI,On Target - Saved,Right Foot,Tackle,False,1,37
IR Iran,6,87,Amirhossein HOSSEINZADEH,Incomplete - Blocked,Right Foot,Pass,False,1,37
New Zealand,0,6,Sarpreet SINGH,Off Target,Left Foot,Pass,False,1,38
New Zealand,1,13,Elijah JUST,On Target - Saved,Left Foot,Pass,False,1,38
New Zealand,2,14,Finn SURMAN,On Target - Goal,Head,Corner,True,1,38
New Zealand,3,18,Elijah JUST,Incomplete - Blocked,Left Foot,Loose Ball,False,1,38
New Zealand,4,18,Callum McCOWATT,On Target - Saved,Left Foot,Loose Ball,False,1,38
New Zealand,5,25,Joe BELL,Incomplete - Blocked,Right Foot,Pass,False,1,38
New Zealand,6,26,Chris WOOD,Off Target,Head,Cross,False,1,38
New Zealand,7,51,Callum McCOWATT,On Target - Saved,Head,Cross,False,1,38
New Zealand,8,64,Marko STAMENIC,Incomplete - Blocked,Right Foot,Pass,False,1,38
New Zealand,9,97,Marko STAMENIC,Incomplete,Right Foot,Loose Ball,False,1,38
New Zealand,10,97,Tyler BINDON,On Target - Saved,Left Foot,Loose Ball,False,1,38
Egypt,0,5,MOHAMED SALAH,Deflected Off Target - Defensive Event,Left Foot,Loose Ball,False,1,38
Egypt,1,19,MOHAMED HANY,Deflected Off Target - Defensive Event,Right Foot,Pass,False,2,38
Egypt,2,20,MOSTAFA ZICO,Off Target,Head,Cross,False,2,38
Egypt,3,26,OMAR MARMOUSH,On Target - Saved,Right Foot,Pass,False,2,38
Egypt,4,34,MOHAMED SALAH,Off Target,Left Foot,Freekick,False,2,38
Egypt,5,45,EMAM ASHOUR,Off Target,Left Foot,Cross,False,2,38
Egypt,6,45,MOHAMED SALAH,On Target - Saved,Right Foot,Cross,False,2,38
Egypt,7,46,OMAR MARMOUSH,Off Target,Right Foot,Freekick,False,2,38
Egypt,8,48,MOSTAFA ZICO,Incomplete - Blocked,Right Foot,Pass,False,2,38
Egypt,9,49,EMAM ASHOUR,Off Target,Left Foot,Pass,False,2,38
Egypt,10,49,OMAR MARMOUSH,Incomplete - Blocked,Right Foot,Pass,False,2,38
Egypt,11,54,MOSTAFA ZICO,Incomplete - Blocked,Left Foot,Pass,False,2,38
Egypt,12,54,EMAM ASHOUR,Incomplete - Player On Ball Error,Right Foot,Loose Ball,False,2,38
Egypt,13,57,MOSTAFA ZICO,On Target - Goal,Head,Cross,True,2,38
Egypt,14,66,MOHAMED SALAH,On Target - Goal,Left Foot,Pass,True,2,38
Egypt,15,79,AHMED FATOUH,On Target - Saved,Right Foot,Loose Ball,False,2,38
Egypt,16,80,MOHAMED SALAH,Deflected Off Target - Defensive Event,Left Foot,Pass,False,2,38
Egypt,0,81,TREZEGUET,On Target - Goal,Head,Corner,True,1,38
Egypt,1,92,ZIZO,On Target - Saved,Right Foot,Interception,False,2,38
Spain,0,1,Alex BAENA,Deflected Off Target - Defensive Event,Right Foot,Ball Progression,False,1,39
Spain,1,3,Lamine YAMAL,Off Target,Left Foot,Ball Progression,False,2,39
Spain,2,7,Dani OLMO,Off Target,Right Foot,Corner,False,2,39
Spain,3,9,Pedro PORRO,Off Target,Right Foot,Pass,False,2,39
Spain,4,9,Lamine YAMAL,On Target - Goal,Right Foot,Cross,True,2,39
Spain,5,12,PEDRI,Off Target,Left Foot,Loose Ball,False,2,39
Spain,6,14,Alex BAENA,Off Target,Right Foot,Pass,False,2,39
Spain,7,16,Mikel OYARZABAL,On Target - Saved,Right Foot,Ball Progression,False,2,39
Spain,8,20,Dani OLMO,Incomplete - Blocked,Right Foot,Loose Ball,False,2,39
Spain,9,20,Mikel OYARZABAL,On Target - Goal,Left Foot,Pass,True,2,39
Spain,10,23,Mikel OYARZABAL,On Target - Goal,Left Foot,Pass,True,2,39
Spain,11,29,Lamine YAMAL,Off Target,Left Foot,Pass,False,2,39
Spain,12,35,Mikel OYARZABAL,Off Target,Left Foot,Loose Ball,False,2,39
Spain,13,35,Lamine YAMAL,On Target - Saved,Left Foot,Pass,False,2,39
Spain,14,36,Lamine YAMAL,Off Target,Left Foot,Pass,False,2,39
Spain,15,41,Mikel OYARZABAL,Off Target,Left Foot,Loose Ball,False,2,39
Spain,16,45,RODRI,Off Target,Left Foot,Pass,False,2,39
Spain,0,48,Marc CUCURELLA,On Target - Saved,Left Foot,Loose Ball,False,1,39
Spain,1,52,Pedro PORRO,On Target - Saved,Right Foot,Pass,False,2,39
Spain,2,52,Ferran TORRES,On Target - Saved,Head,Other,False,2,39
Spain,3,64,Ferran TORRES,Off Target,Right Foot,Pass,False,2,39
Spain,4,97,Mikel MERINO,Incomplete - Blocked,Left Foot,Pass,False,2,39
Saudi Arabia,0,34,ABDULELAH ALAMRI,Off Target - Saved,Right Foot,Loose Ball,False,1,39
Saudi Arabia,1,48,SALEM ALDAWSARI,Deflected On Target - Defensive Event,Right Foot,Loose Ball,False,1,39
Saudi Arabia,2,80,ABDULLAH ALHAMDDAN,On Target - Saved,Left Foot,Loose Ball,False,1,39
Uruguay,0,6,Rodrigo BENTANCUR,Incomplete - Blocked,Head,Corner,False,1,40
Uruguay,1,13,Federico VALVERDE,Off Target,Left Foot,Pass,False,1,40
Uruguay,2,23,Federico VALVERDE,Deflected Off Target - Defensive Event,Right Foot,Pass,False,1,40
Uruguay,3,23,Federico VALVERDE,Deflected Off Target - Defensive Event,Right Foot,Pass,False,1,40
Uruguay,4,27,Federico VALVERDE,Off Target,Right Foot,Loose Ball,False,1,40
Uruguay,5,32,Manuel UGARTE,Off Target,Right Foot,Loose Ball,False,1,40
Uruguay,6,33,Federico VALVERDE,Off Target,Right Foot,Pass,False,1,40
Uruguay,7,39,Maxi ARAUJO,Off Target,Head,Cross,False,1,40
Uruguay,8,41,Sebastian CACERES,Incomplete - Blocked,Right Foot,Pass,False,1,40
Uruguay,9,43,Maxi ARAUJO,On Target - Goal,Head,Loose Ball,True,1,40
Uruguay,10,50,Agustin CANOBBIO,On Target - Goal,Right Foot,Pass,True,1,40
Uruguay,11,66,Federico VALVERDE,Deflected Off Target - Defensive Event,Right Foot,Ball Progression,False,1,40
Uruguay,12,78,Nicolas DE LA CRUZ,Off Target,Right Foot,Pass,False,1,40
Uruguay,13,85,Brian RODRIGUEZ,Deflected Off Target - Defensive Event,Right Foot,Other,False,1,40
Uruguay,14,85,Rodrigo BENTANCUR,Deflected Off Target - Defensive Event,Head,Corner,False,1,40
Uruguay,15,89,Federico VALVERDE,Off Target,Right Foot,Freekick,False,1,40
Uruguay,16,92,Agustin CANOBBIO,Off Target,Right Foot,Ball Progression,False,1,40
Cabo Verde,0,20,KEVIN PINA,On Target - Goal,Right Foot,Freekick,True,1,40
Cabo Verde,1,42,DINEY BORGES,Incomplete - Player On Ball Error,Right Foot,Ball Progression,False,1,40
Cabo Verde,2,51,SIDNY LOPES CABRAL,Off Target,Right Foot,Ball Progression,False,1,40
Cabo Verde,3,58,JAMIRO MONTEIRO,Incomplete - Blocked,Right Foot,Freekick,False,1,40
Cabo Verde,4,60,HELIO VARELA,On Target - Goal,Right Foot,Ball Progression,True,1,40
Cabo Verde,5,62,JAMIRO MONTEIRO,Off Target,Right Foot,Pass,False,1,40
Cabo Verde,6,75,PICO LOPES,Deflected Off Target - Defensive Event,Head,Corner,False,1,40
Cabo Verde,7,92,SIDNY LOPES CABRAL,Incomplete - Blocked,Left Foot,Pass,False,1,40
Cabo Verde,8,92,RYAN MENDES,Incomplete - Blocked,Right Foot,Loose Ball,False,1,40
Cabo Verde,9,93,LAROS DUARTE,On Target - Saved,Left Foot,Pass,False,1,40
Cabo Verde,10,95,RYAN MENDES,Incomplete - Blocked,Right Foot,Ball Progression,False,1,40
Cabo Verde,11,96,LAROS DUARTE,On Target - Saved,Right Foot,Freekick,False,1,40
France,0,1,Manu KONE,Off Target,Left Foot,Loose Ball,False,1,41
France,1,7,Michael OLISE,Incomplete - Blocked,Left Foot,Loose Ball,False,2,41
France,2,7,Kylian MBAPPE,Off Target,Right Foot,Loose Ball,False,2,41
France,3,13,Michael OLISE,Incomplete - Blocked,Left Foot,Pass,False,2,41
France,4,13,Kylian MBAPPE,On Target - Goal,Left Foot,Pass,True,2,41
France,5,31,Kylian MBAPPE,Incomplete - Blocked,Right Foot,Pass,False,2,41
France,6,39,Kylian MBAPPE,Off Target,Right Foot,Loose Ball,False,2,41
France,7,52,Bradley BARCOLA,Incomplete - Player On Ball Error,Head,Cross,False,2,41
France,8,53,Kylian MBAPPE,On Target - Goal,Right Foot,Pass,True,2,41
France,9,57,Michael OLISE,Off Target,Left Foot,Pass,False,2,41
France,10,58,Ousmane DEMBELE,On Target - Saved,Right Foot,Pass,False,2,41
France,11,58,Adrien RABIOT,Off Target,Head,Other,False,2,41
France,12,64,Ousmane DEMBELE,Deflected Off Target - Defensive Event,Left Foot,Pass,False,2,41
France,13,65,William SALIBA,Deflected Off Target - Defensive Event,Head,Cross,False,2,41
France,14,65,Ousmane DEMBELE,Off Target,Right Foot,Loose Ball,False,2,41
France,15,65,Ousmane DEMBELE,On Target - Goal,Right Foot,Pass,True,2,41
France,16,79,Kylian MBAPPE,Off Target,Right Foot,Pass,False,2,41
France,0,87,Kylian MBAPPE,On Target - Saved,Right Foot,Pass,False,1,41
France,1,89,Kylian MBAPPE,Off Target,Left Foot,Ball Progression,False,2,41
Iraq,0,26,ALI ALHAMADI,Incomplete - Blocked,Left Foot,Pass,False,1,41
Iraq,1,26,ALI ALHAMADI,Off Target,Head,Cross,False,1,41
Iraq,2,73,REBIN SULAKA,Off Target,Right Foot,Corner,False,1,41
Iraq,3,75,ALI ALHAMADI,Off Target,Right Foot,Cross,False,1,41
Norway,0,1,Antonio NUSA,Deflected Off Target - Defensive Event,Right Foot,Loose Ball,False,1,42
Norway,1,2,Kristoffer AJER,On Target - Saved,Head,Corner,False,1,42
Norway,2,13,Martin ODEGAARD,Off Target,Left Foot,Cross,False,1,42
Norway,3,36,Martin ODEGAARD,On Target - Saved,Left Foot,Pass,False,1,42
Norway,4,41,Martin ODEGAARD,Incomplete - Blocked,Left Foot,Pass,False,1,42
Norway,5,42,Marcus HOLMGREN PEDERSEN,On Target - Goal,Right Foot,Loose Ball,True,1,42
Norway,6,48,Erling HAALAND,Off Target,Left Foot,Loose Ball,False,1,42
Norway,7,48,Erling HAALAND,On Target - Saved,Head,Cross,False,1,42
Norway,8,47,Erling HAALAND,On Target - Goal,Left Foot,Pass,True,1,42
Norway,9,57,Antonio NUSA,Incomplete - Player On Ball Error,Right Foot,Other,False,1,42
Norway,10,57,Erling HAALAND,On Target - Goal,Right Foot,Pass,True,1,42
Norway,11,87,Erling HAALAND,Incomplete - Blocked,Left Foot,Pass,False,1,42
Norway,12,89,Oscar BOBB,On Target - Goal Prevented,Left Foot,Loose Ball,False,1,42
Senegal,0,7,Idrissa Gana GUEYE,Incomplete - Blocked,Right Foot,Loose Ball,False,1,42
Senegal,1,16,Nicolas JACKSON,Incomplete - Blocked,Left Foot,Pass,False,1,42
Senegal,2,27,Nicolas JACKSON,Off Target,Right Foot,Pass,False,1,42
Senegal,3,38,Idrissa Gana GUEYE,Off Target,Right Foot,Pass,False,1,42
Senegal,4,40,Lamine CAMARA,Off Target,Right Foot,Pass,False,1,42
Senegal,5,45,Ismaila SARR,On Target - Saved,Right Foot,Cross,False,1,42
Senegal,6,51,Nicolas JACKSON,On Target - Saved,Head,Cross,False,1,42
Senegal,7,52,Ismaila SARR,On Target - Goal,Right Foot,Pass,True,1,42
Senegal,8,55,Lamine CAMARA,Off Target,Right Foot,Pass,False,1,42
Senegal,9,73,Ismaila SARR,Incomplete - Blocked,Right Foot,Pass,False,1,42
Senegal,10,80,Pape Matar SARR,Off Target,Right Foot,Loose Ball,False,1,42
Senegal,11,82,Ismaila SARR,Incomplete - Referee Event,Left Foot,Cross,False,1,42
Senegal,12,91,Pape Matar SARR,Deflected Off Target - Saved,Right Foot,Loose Ball,False,1,42
Senegal,13,92,Ismaila SARR,On Target - Goal,Right Foot,Cross,True,1,42
Senegal,14,98,Ibrahim MBAYE,Incomplete - Blocked,Right Foot,Pass,False,1,42
Senegal,15,98,Ismaila SARR,Off Target,Head,Corner,False,1,42
Argentina,0,8,Lionel MESSI,Off Target,Left Foot,Penalty,False,1,43
Argentina,1,31,Lionel MESSI,On Target - Goal Prevented,Left Foot,Loose Ball,False,1,43
Argentina,2,37,Lionel MESSI,On Target - Goal,Left Foot,Cross,True,1,43
Argentina,3,61,Enzo FERNANDEZ,Incomplete - Blocked,Right Foot,Pass,False,1,43
Argentina,4,64,Lionel MESSI,Off Target,Left Foot,Pass,False,1,43
Argentina,5,72,Nico GONZALEZ,Off Target,Head,Corner,False,1,43
Argentina,6,85,Nico GONZALEZ,Incomplete - Blocked,Right Foot,Pass,False,1,43
Argentina,7,85,Enzo FERNANDEZ,Incomplete - Blocked,Right Foot,Loose Ball,False,1,43
Argentina,8,93,Julian ALVAREZ,On Target - Saved,Left Foot,Pass,False,1,43
Argentina,9,94,Lionel MESSI,On Target - Saved,Left Foot,Pass,False,1,43
Argentina,10,94,Lionel MESSI,On Target - Goal,Left Foot,Loose Ball,True,1,43
Argentina,11,97,Lionel MESSI,Off Target,Left Foot,Freekick,False,1,43
Austria,0,22,Paul WANNER,Incomplete,Head,Pass,False,1,43
Austria,1,22,Marcel SABITZER,Deflected Off Target - Defensive Event,Left Foot,Loose Ball,False,1,43
Austria,2,45,Marcel SABITZER,Deflected Off Target - Defensive Event,Right Foot,Pass,False,1,43
Austria,3,54,Marcel SABITZER,On Target - Saved,Right Foot,Freekick,False,1,43
Austria,4,66,Michael GREGORITSCH,Off Target,Head,Cross,False,1,43
Austria,5,92,Patrick WIMMER,Off Target,Head,Pass,False,1,43
Jordan,0,11,MOUSA ALTAMARI,On Target - Saved,Left Foot,Pass,False,1,44
Jordan,1,22,ALI OLWAN,On Target - Saved,Right Foot,Loose Ball,False,1,44
Jordan,2,35,MOUSA ALTAMARI,Incomplete - Assist,Left Foot,Pass,False,1,44
Jordan,3,35,NIZAR ALRASHDAN,On Target - Goal,Right Foot,Loose Ball,True,1,44
Jordan,4,45,ALI OLWAN,Off Target,Right Foot,Other,False,1,44
Jordan,5,61,NOOR ALRAWABDEH,Off Target,Right Foot,Loose Ball,False,1,44
Jordan,6,71,MAHMOUD ALMARDI,On Target - Saved,Left Foot,Pass,False,1,44
Algeria,0,2,Amine GOUIRI,Off Target,Right Foot,Pass,False,1,44
Algeria,1,20,Fares CHAIBI,Incomplete - Blocked,Right Foot,Pass,False,1,44
Algeria,2,28,Amine GOUIRI,On Target - Saved,Right Foot,Pass,False,1,44
Algeria,3,32,Riyad MAHREZ,On Target - Saved,Left Foot,Pass,False,1,44
Algeria,4,47,Rafik BELGHALI,Incomplete - Defensive Event,Left Foot,Loose Ball,False,1,44
Algeria,5,53,Ibrahim MAZA,On Target - Saved,Right Foot,Pass,False,1,44
Algeria,6,53,Rayan AIT-NOURI,Off Target,Right Foot,Other,False,1,44
Algeria,7,59,Ibrahim MAZA,Off Target,Left Foot,Pass,False,1,44
Algeria,8,62,Nadhir BENBOUALI,On Target - Saved,Head,Pass,False,1,44
Algeria,9,65,Ibrahim MAZA,Deflected Off Target - Defensive Event,Head,Freekick,False,1,44
Algeria,10,68,Nadhir BENBOUALI,On Target - Goal,Head,Corner,True,1,44
Algeria,11,72,Fares CHAIBI,On Target - Saved,Right Foot,Freekick,False,1,44
Algeria,12,77,Nabil BENTALEB,Incomplete - Blocked,Left Foot,Pass,False,1,44
Algeria,13,79,Anis HADJ MOUSSA,Deflected Off Target - Defensive Event,Right Foot,Pass,False,1,44
Algeria,14,81,Ramy BENSEBAINI,Incomplete - Blocked,Head,Corner,False,1,44
Algeria,15,81,Amine GOUIRI,On Target - Goal,Right Foot,Loose Ball,True,1,44
Algeria,16,88,Ibrahim MAZA,On Target - Saved,Right Foot,Pass,False,1,44
Portugal,0,1,BRUNO FERNANDES,Deflected Off Target - Defensive Event,Left Foot,Pass,False,1,45
Portugal,1,3,CRISTIANO RONALDO,Incomplete - Player On Ball Error,Right Foot,Cross,False,1,45
Portugal,2,5,CRISTIANO RONALDO,On Target - Goal,Right Foot,Cross,True,1,45
Portugal,3,10,JOAO CANCELO,Incomplete - Blocked,Right Foot,Loose Ball,False,1,45
Portugal,4,16,NUNO MENDES,On Target - Goal,Left Foot,Freekick,True,1,45
Portugal,5,20,VITINHA,Incomplete - Player On Ball Error,Right Foot,Loose Ball,False,1,45
Portugal,6,38,CRISTIANO RONALDO,On Target - Goal,Right Foot,Pass,True,1,45
Portugal,7,41,JOAO FELIX,Off Target,Left Foot,Pass,False,1,45
Portugal,8,50,CRISTIANO RONALDO,On Target - Goal Prevented,Right Foot,Pass,False,1,45
Portugal,9,46,JOAO FELIX,Off Target,Right Foot,Loose Ball,False,2,45
Portugal,10,57,CRISTIANO RONALDO,On Target - Saved,Right Foot,Freekick,False,2,45
Portugal,11,59,JOAO FELIX,On Target - Saved,Right Foot,Corner,False,2,45
Portugal,12,72,CRISTIANO RONALDO,Off Target,Left Foot,Cross,False,2,45
Portugal,13,73,CRISTIANO RONALDO,Deflected On Target - Saved,Left Foot,Loose Ball,False,2,45
Portugal,14,83,BRUNO FERNANDES,On Target - Saved,Right Foot,Pass,False,2,45
Portugal,15,86,RAFAEL LEAO,On Target - Goal,Right Foot,Loose Ball,True,2,45
Portugal,16,92,FRANCISCO TRINCAO,Off Target,Left Foot,Cross,False,2,45
Uzbekistan,0,18,Sherzod NASRULLAEV,On Target - Saved,Left Foot,Pass,False,1,45
Uzbekistan,1,42,Otabek SHUKUROV,Off Target,Right Foot,Loose Ball,False,1,45
Uzbekistan,2,46,Odiljon XAMROBEKOV,Incomplete - Blocked,Right Foot,Pass,False,1,45
Uzbekistan,3,51,Abbosbek FAYZULLAEV,On Target - Saved,Right Foot,Pass,False,1,45
Uzbekistan,4,54,Otabek SHUKUROV,Deflected Off Target - Defensive Event,Left Foot,Pass,False,1,45
Uzbekistan,5,61,Azizjon GANIEV,Incomplete - Blocked,Right Foot,Pass,False,1,45
Uzbekistan,6,77,Eldor SHOMURODOV,Off Target,Right Foot,Pass,False,1,45
Colombia,0,3,Jhon ARIAS,On Target - Saved,Right Foot,Pass,False,1,46
Colombia,1,3,Daniel MUNOZ,Off Target,Right Foot,Other,False,2,46
Colombia,2,10,James RODRIGUEZ,On Target - Saved,Left Foot,Pass,False,2,46
Colombia,3,11,Jhon LUCUMI,Off Target,Head,Corner,False,2,46
Colombia,4,14,Johan MOJICA,On Target - Saved,Left Foot,Pass,False,2,46
Colombia,5,15,Luis DIAZ,On Target - Saved,Right Foot,Ball Progression,False,2,46
Colombia,6,16,Gustavo PUERTA,Off Target,Left Foot,Loose Ball,False,2,46
Colombia,7,18,Gustavo PUERTA,On Target - Saved,Right Foot,Pass,False,2,46
Colombia,8,23,Luis DIAZ,Incomplete - Blocked,Right Foot,Pass,False,2,46
Colombia,9,30,Luis DIAZ,Incomplete - Blocked,Right Foot,Pass,False,2,46
Colombia,10,38,Davinson SANCHEZ,On Target - Saved,Head,Freekick,False,2,46
Colombia,11,40,Luis SUAREZ,Incomplete - Blocked,Right Foot,Loose Ball,False,2,46
Colombia,12,44,Luis DIAZ,Incomplete - Defensive Event,Left Foot,Ball Progression,False,2,46
Colombia,13,47,Gustavo PUERTA,Incomplete - Blocked,Right Foot,Pass,False,2,46
Colombia,14,49,Luis DIAZ,On Target - Saved,Left Foot,Cross,False,2,46
Colombia,15,49,Jhon ARIAS,Off Target,Left Foot,Other,False,2,46
Colombia,16,75,Daniel MUNOZ,Deflected On Target - Goal,Left Foot,Pass,True,2,46
Colombia,0,85,Gustavo PUERTA,Deflected Off Target - Defensive Event,Right Foot,Pass,False,1,46
Colombia,1,85,Gustavo PUERTA,On Target - Saved,Right Foot,Loose Ball,False,2,46
Colombia,2,95,Juan QUINTERO,Off Target,Left Foot,Freekick,False,2,46
Congo DR,0,44,Cedric BAKAMBU,Off Target,Head,Corner,False,1,46
Congo DR,1,52,Samuel MOUTOUSSAMY,Off Target,Left Foot,Pass,False,1,46
Congo DR,2,73,Yoane WISSA,Deflected Off Target - Defensive Event,Right Foot,Pass,False,1,46
Congo DR,3,88,Joris KAYEMBE,Incomplete - Blocked,Left Foot,Pass,False,1,46
Congo DR,4,90,Nathanael MBUKU,On Target - Saved,Left Foot,Loose Ball,False,1,46
Congo DR,5,92,Charles PICKEL,Incomplete - Player On Ball Error,Right Foot,Corner,False,1,46
England,0,13,Declan RICE,Off Target,Right Foot,Freekick,False,1,47
England,1,14,Elliot ANDERSON,Deflected Off Target - Defensive Event,Right Foot,Pass,False,2,47
England,2,15,Declan RICE,Deflected Off Target - Defensive Event,Left Foot,Loose Ball,False,2,47
England,3,32,Jude BELLINGHAM,Incomplete - Blocked,Right Foot,Loose Ball,False,2,47
England,4,36,Declan RICE,Off Target,Head,Cross,False,2,47
England,5,48,Harry KANE,Deflected Off Target - Defensive Event,Left Foot,Pass,False,2,47
England,6,56,Noni MADUEKE,Deflected Off Target - Defensive Event,Left Foot,Pass,False,2,47
England,7,56,Anthony GORDON,On Target - Saved,Right Foot,Pass,False,2,47
England,8,60,Elliot ANDERSON,Deflected Off Target - Defensive Event,Head,Freekick,False,2,47
England,9,61,Elliot ANDERSON,Off Target,Head,Corner,False,2,47
England,10,62,Elliot ANDERSON,Incomplete - Blocked,Right Foot,Loose Ball,False,2,47
England,11,63,Noni MADUEKE,Off Target,Left Foot,Pass,False,2,47
England,12,68,Harry KANE,On Target - Saved,Left Foot,Loose Ball,False,2,47
England,13,69,Bukayo SAKA,Off Target,Head,Cross,False,2,47
England,14,85,Bukayo SAKA,On Target - Saved,Left Foot,Pass,False,2,47
England,15,85,Nico OREILLY,Off Target,Head,Cross,False,2,47
England,16,85,Harry KANE,Off Target,Left Foot,Other,False,2,47
England,0,92,Nico OREILLY,Incomplete - Player On Ball Error,Head,Corner,False,1,47
England,1,92,Marc GUEHI,Incomplete - Defensive Event,Head,Cross,False,2,47
Ghana,0,49,Marvin SENAYA,Incomplete - Blocked,Right Foot,Pass,False,1,47
Ghana,1,78,Prince ADU,Incomplete - Referee Event,Left Foot,Loose Ball,False,1,47
Panama,0,3,Amir MURILLO,Incomplete - Blocked,Right Foot,Ball Progression,False,1,48
Panama,1,59,Jose FAJARDO,Incomplete - Player On Ball Error,Head,Cross,False,1,48
Panama,2,67,Amir MURILLO,On Target - Saved,Right Foot,Loose Ball,False,1,48
Panama,3,67,Carlos HARVEY,Off Target - Saved,Head,Cross,False,1,48
Panama,4,77,Jose Luis RODRIGUEZ,Off Target,Left Foot,Pass,False,1,48
Panama,5,79,Carlos HARVEY,Off Target,Right Foot,Corner,False,1,48
Panama,6,83,Cecilio WATERMAN,Incomplete - Blocked,Right Foot,Pass,False,1,48
Panama,7,92,Amir MURILLO,Off Target,Right Foot,Freekick,False,1,48
Croatia,0,1,Luka MODRIC,Off Target,Head,Cross,False,1,48
Croatia,1,45,Martin BATURINA,Off Target - Saved,Right Foot,Pass,False,1,48
Croatia,2,53,Ante BUDIMIR,On Target - Goal,Lower Body,Cross,True,1,48
Croatia,3,56,Marco PASALIC,On Target - Saved,Left Foot,Pass,False,1,48
Croatia,4,56,Marco PASALIC,Off Target,Left Foot,Other,False,1,48
Croatia,5,81,Luka SUCIC,Deflected Off Target - Defensive Event,Left Foot,Freekick,False,1,48
Czechia,0,6,Vladimir COUFAL,Incomplete - Blocked,Head,Cross,False,1,49
Czechia,1,7,Denis VISINSKY,Off Target,Right Foot,Loose Ball,False,1,49
Czechia,2,11,Michal SADILEK,Off Target,Left Foot,Loose Ball,False,1,49
Czechia,3,14,Denis VISINSKY,Off Target,Right Foot,Pass,False,1,49
Czechia,4,26,Denis VISINSKY,Deflected Off Target - Defensive Event,Right Foot,Ball Progression,False,1,49
Czechia,5,43,David DOUDERA,Off Target,Right Foot,Loose Ball,False,1,49
Czechia,6,45,Lukas CERV,Deflected On Target - Saved,Left Foot,Loose Ball,False,1,49
Czechia,7,53,Lukas CERV,Incomplete,Right Foot,Loose Ball,False,1,49
Czechia,8,60,Michal SADILEK,Incomplete - Blocked,Left Foot,Pass,False,1,49
Czechia,9,67,David DOUDERA,Off Target,Right Foot,Loose Ball,False,1,49
Czechia,10,80,David DOUDERA,Off Target,Right Foot,Loose Ball,False,1,49
Czechia,11,91,Pavel SULC,Incomplete - Blocked,Right Foot,Ball Progression,False,1,49
Czechia,12,92,David DOUDERA,Off Target,Right Foot,Cross,False,1,49
Mexico,0,36,Israel REYES,Off Target,Right Foot,Loose Ball,False,1,49
Mexico,1,38,Gilberto MORA,Incomplete - Blocked,Left Foot,Pass,False,1,49
Mexico,2,38,Jorge SANCHEZ,On Target - Saved,Right Foot,Pass,False,1,49
Mexico,3,38,Roberto ALVARADO,Off Target,Left Foot,Pass,False,1,49
Mexico,4,47,Julian QUINONES,Off Target,Right Foot,Pass,False,1,49
Mexico,5,49,Julian QUINONES,Incomplete - Blocked,Right Foot,Pass,False,1,49
Mexico,6,54,Mateo CHAVEZ,On Target - Goal,Left Foot,Ball Progression,True,1,49
Mexico,7,60,Julian QUINONES,On Target - Goal,Right Foot,Loose Ball,True,1,49
Mexico,8,76,Julian QUINONES,Off Target,Head,Cross,False,1,49
Mexico,9,93,Santiago GIMENEZ,On Target - Saved,Left Foot,Pass,False,1,49
Mexico,10,93,Alvaro FIDALGO,On Target - Goal,Right Foot,Pass,True,1,49
South Africa,0,5,Relebohile MOFOKENG,Deflected Off Target - Defensive Event,Left Foot,Loose Ball,False,1,50
South Africa,1,13,Evidence MAKGOPA,Off Target,Head,Cross,False,1,50
South Africa,2,18,Thapelo MASEKO,Deflected Off Target - Defensive Event,Left Foot,Pass,False,1,50
South Africa,3,19,Oswin APPOLLIS,On Target - Saved,Right Foot,Pass,False,1,50
South Africa,4,29,Thalente MBATHA,On Target - Saved,Left Foot,Loose Ball,False,1,50
South Africa,5,29,Evidence MAKGOPA,On Target - Saved,Left Foot,Other,False,1,50
South Africa,6,38,Thapelo MASEKO,Off Target,Left Foot,Pass,False,1,50
South Africa,7,41,Relebohile MOFOKENG,Off Target,Right Foot,Pass,False,1,50
South Africa,8,42,Thapelo MASEKO,Incomplete - Blocked,Left Foot,Pass,False,1,50
South Africa,9,49,Aubrey MODIBA,Off Target,Left Foot,Loose Ball,False,1,50
South Africa,10,50,Thapelo MASEKO,Incomplete - Blocked,Left Foot,Pass,False,1,50
South Africa,11,50,Thalente MBATHA,Off Target,Right Foot,Pass,False,1,50
South Africa,12,62,Thapelo MASEKO,On Target - Goal,Left Foot,Pass,True,1,50
South Korea,0,1,KIM Minjae,On Target - Goal Prevented,Head,Corner,False,1,50
South Korea,1,6,OH Hyeongyu,Incomplete - Player On Ball Error,Right Foot,Cross,False,1,50
South Korea,2,7,LEE Kangin,Off Target,Left Foot,Cross,False,1,50
South Korea,3,33,HWANG Heechan,Off Target,Right Foot,Pass,False,1,50
South Korea,4,59,OH Hyeongyu,On Target - Saved,Head,Cross,False,1,50
South Korea,5,85,SEOL Youngwoo,Off Target,Right Foot,Loose Ball,False,1,50
South Korea,6,87,SON Heungmin,Incomplete - Blocked,Left Foot,Pass,False,1,50
South Korea,7,92,PARK Jinseob,On Target - Saved,Head,Cross,False,1,50
Switzerland,0,10,Breel EMBOLO,On Target - Saved,Right Foot,Pass,False,1,51
Switzerland,1,10,Johan MANZAMBI,Incomplete - Blocked,Right Foot,Other,False,1,51
Switzerland,2,16,Breel EMBOLO,On Target - Saved,Left Foot,Other,False,1,51
Switzerland,3,37,Granit XHAKA,Off Target,Left Foot,Freekick,False,1,51
Switzerland,4,45,Ruben VARGAS,On Target - Goal,Right Foot,Cross,True,1,51
Switzerland,5,56,Johan MANZAMBI,On Target - Goal,Right Foot,Pass,True,1,51
Canada,0,19,Luc DE FOUGEROLLES,On Target - Saved,Right Foot,Freekick,False,1,51
Canada,1,32,Cyle LARIN,On Target - Saved,Right Foot,Pass,False,1,51
Canada,2,39,Alistair JOHNSTON,Off Target,Right Foot,Loose Ball,False,1,51
Canada,3,40,Ali AHMED,On Target - Saved,Right Foot,Pass,False,1,51
Canada,4,43,Jonathan DAVID,Off Target,Left Foot,Pass,False,1,51
Canada,5,60,Liam MILLAR,Deflected Off Target - Defensive Event,Head,Pass,False,1,51
Canada,6,60,Derek CORNELIUS,Deflected Off Target - Defensive Event,Left Foot,Cross,False,1,51
Canada,7,67,Jonathan DAVID,Deflected Off Target - Defensive Event,Left Foot,Cross,False,1,51
Canada,8,75,Promise DAVID,On Target - Goal,Right Foot,Cross,True,1,51
Canada,9,90,Derek CORNELIUS,Off Target,Head,Cross,False,1,51
Canada,10,92,Promise DAVID,On Target - Saved,Head,Other,False,1,51
Canada,11,95,Alistair JOHNSTON,On Target - Saved,Head,Cross,False,1,51
Canada,12,95,Promise DAVID,On Target - Saved,Right Foot,Pass,False,1,51
Bosnia and Herzegovina,0,1,Ermedin DEMIROVIC,On Target - Saved,Left Foot,Pass,False,1,52
Bosnia and Herzegovina,1,2,Ivan SUNJIC,On Target - Saved,Left Foot,Pass,False,1,52
Bosnia and Herzegovina,2,16,Ivan BASIC,Off Target,Left Foot,Ball Progression,False,1,52
Bosnia and Herzegovina,3,17,Ivan BASIC,Deflected Off Target - Defensive Event,Left Foot,Pass,False,1,52
Bosnia and Herzegovina,4,22,Kerim ALAJBEGOVIC,Incomplete - Blocked,Right Foot,Freekick,False,1,52
Bosnia and Herzegovina,5,28,Kerim ALAJBEGOVIC,On Target - Goal,Right Foot,Ball Progression,True,1,52
Bosnia and Herzegovina,6,32,Ivan BASIC,Deflected Off Target - Defensive Event,Left Foot,Loose Ball,False,1,52
Bosnia and Herzegovina,7,32,Nikola KATIC,Off Target,Head,Pass,False,1,52
Bosnia and Herzegovina,8,37,Edin DZEKO,Off Target,Left Foot,Pass,False,1,52
Bosnia and Herzegovina,9,75,Esmir BAJRAKTAREVIC,Off Target,Left Foot,Pass,False,1,52
Bosnia and Herzegovina,10,78,Esmir BAJRAKTAREVIC,On Target - Saved,Left Foot,Pass,False,1,52
Bosnia and Herzegovina,11,79,Ivan BASIC,Incomplete - Blocked,Right Foot,Pass,False,1,52
Bosnia and Herzegovina,12,79,Stjepan RADELJIC,Incomplete - Blocked,Left Foot,Loose Ball,False,1,52
Bosnia and Herzegovina,13,79,Ermin MAHMIC,On Target - Goal,Right Foot,Pass,True,1,52
Qatar,0,41,HASSAN ALHAYDOS,On Target - Goal,Right Foot,Cross,True,1,52
Qatar,1,44,BOUALEM KHOUKHI,Off Target,Right Foot,Pass,False,1,52
Qatar,2,47,PEDRO MIGUEL,Off Target,Right Foot,Pass,False,1,52
Qatar,3,47,PEDRO MIGUEL,Off Target,Right Foot,Pass,False,1,52
Qatar,4,56,AKRAM AFIF,Off Target,Left Foot,Pass,False,1,52
Qatar,5,59,AKRAM AFIF,Off Target,Left Foot,Pass,False,1,52
Qatar,6,85,AHMED ALGANEHI,Off Target,Right Foot,Freekick,False,1,52
Qatar,7,93,PEDRO MIGUEL,On Target - Saved,Right Foot,Pass,False,1,52
Qatar,8,93,ALMOEZ ALI,On Target - Saved,Head,Corner,False,1,52
Scotland,0,32,Lewis FERGUSON,Incomplete - Defensive Event,Right Foot,Loose Ball,False,1,53
Scotland,1,35,Kenny McLEAN,Incomplete - Blocked,Left Foot,Pass,False,1,53
Scotland,2,46,Ben GANNON-DOAK,Incomplete - Blocked,Right Foot,Pass,False,1,53
Scotland,3,50,Ben GANNON-DOAK,Incomplete - Defensive Event,Right Foot,Pass,False,1,53
Scotland,4,48,Scott McTOMINAY,On Target - Saved,Head,Cross,False,2,53
Scotland,5,63,Lewis FERGUSON,On Target - Saved,Right Foot,Freekick,False,2,53
Scotland,6,63,Scott McTOMINAY,On Target - Saved,Head,Cross,False,2,53
Scotland,7,71,Lawrence SHANKLAND,Incomplete,Left Foot,Cross,False,2,53
Scotland,8,71,Scott McTOMINAY,Off Target,Left Foot,Loose Ball,False,2,53
Scotland,9,75,Lawrence SHANKLAND,Off Target,Head,Corner,False,2,53
Scotland,10,82,Ryan CHRISTIE,Incomplete - Blocked,Left Foot,Loose Ball,False,2,53
Scotland,11,83,Kieran TIERNEY,Incomplete - Blocked,Left Foot,Pass,False,2,53
Scotland,12,88,Anthony RALSTON,On Target - Saved,Left Foot,Cross,False,2,53
Scotland,13,95,Scott McTOMINAY,On Target - Saved,Left Foot,Cross,False,2,53
Brazil,0,6,CASEMIRO,Incomplete - Blocked,Right Foot,Pass,False,1,53
Brazil,1,6,VINICIUS JUNIOR,On Target - Goal,Right Foot,Ball Progression,True,2,53
Brazil,2,10,BRUNO GUIMARAES,Incomplete - Blocked,Right Foot,Pass,False,2,53
Brazil,3,11,MATHEUS CUNHA,Off Target,Right Foot,Pass,False,2,53
Brazil,4,19,VINICIUS JUNIOR,Off Target,Right Foot,Pass,False,2,53
Brazil,5,37,RAYAN,Off Target,Left Foot,Pass,False,2,53
Brazil,6,41,MATHEUS CUNHA,Off Target,Right Foot,Ball Progression,False,2,53
Brazil,7,44,MATHEUS CUNHA,Deflected On Target - Goal Prevented,Right Foot,Cross,False,2,53
Brazil,8,47,VINICIUS JUNIOR,On Target - Goal,Head,Cross,True,2,53
Brazil,9,50,RAYAN,On Target - Saved,Right Foot,Ball Progression,False,2,53
Brazil,10,51,DOUGLAS SANTOS,Deflected Off Target - Referee Event,Left Foot,Loose Ball,False,2,53
Brazil,11,50,VINICIUS JUNIOR,On Target - Saved,Right Foot,Pass,False,2,53
Brazil,12,53,VINICIUS JUNIOR,On Target - Saved,Right Foot,Pass,False,2,53
Brazil,13,58,MATHEUS CUNHA,Incomplete - Blocked,Right Foot,Pass,False,2,53
Brazil,14,58,LUCAS PAQUETA,Off Target,Right Foot,Loose Ball,False,2,53
Brazil,15,59,MATHEUS CUNHA,On Target - Goal,Right Foot,Pass,True,2,53
Brazil,16,78,VINICIUS JUNIOR,On Target - Saved,Right Foot,Pass,False,2,53
Brazil,0,80,VINICIUS JUNIOR,Off Target,Right Foot,Cross,False,1,53
Brazil,1,85,GABRIEL MAGALHAES,Incomplete - Blocked,Left Foot,Corner,False,2,53
Brazil,2,89,NEYMAR JR,On Target - Saved,Right Foot,Other,False,2,53
Brazil,3,95,VINICIUS JUNIOR,Incomplete - Blocked,Left Foot,Pass,False,2,53
Morocco,0,11,Ayoub EL KAABI,On Target - Saved,Right Foot,Pass,False,1,54
Morocco,1,12,Ismael SAIBARI,Off Target,Right Foot,Cross,False,2,54
Morocco,2,13,Ismael SAIBARI,Incomplete - Blocked,Left Foot,Pass,False,2,54
Morocco,3,22,Ismael SAIBARI,Off Target - Saved,Right Foot,Pass,False,2,54
Morocco,4,27,Ayoub EL KAABI,Incomplete - Player On Ball Error,Upper Body,Cross,False,2,54
Morocco,5,29,Achraf HAKIMI,On Target - Saved,Left Foot,Pass,False,2,54
Morocco,6,29,Ayoub EL KAABI,On Target - Saved,Left Foot,Other,False,2,54
Morocco,7,35,Ismael SAIBARI,Off Target,Head,Cross,False,2,54
Morocco,8,38,Achraf HAKIMI,On Target - Goal,Lower Body,Loose Ball,True,2,54
Morocco,9,45,Ismael SAIBARI,On Target - Goal,Right Foot,Cross,True,2,54
Morocco,10,47,Brahim DIAZ,Off Target,Left Foot,Pass,False,2,54
Morocco,11,48,Bilal EL KHANNOUSS,On Target - Saved,Right Foot,Pass,False,2,54
Morocco,12,49,Neil EL AYNAOUI,On Target - Saved,Head,Freekick,False,2,54
Morocco,13,58,Bilal EL KHANNOUSS,On Target - Saved,Right Foot,Loose Ball,False,2,54
Morocco,14,74,Achraf HAKIMI,Incomplete - Blocked,Right Foot,Freekick,False,2,54
Morocco,15,74,Achraf HAKIMI,Incomplete - Blocked,Right Foot,Other,False,2,54
Morocco,16,76,Soufiane RAHIMI,Deflected Off Target - Defensive Event,Head,Corner,False,2,54
Morocco,0,77,Chadi RIAD,Incomplete - Assist,Head,Corner,False,1,54
Morocco,1,77,Soufiane RAHIMI,Deflected On Target - Goal,Right Foot,Loose Ball,True,2,54
Morocco,2,87,Achraf HAKIMI,On Target - Saved,Right Foot,Freekick,False,2,54
Morocco,3,88,Azzedine OUNAHI,Incomplete - Blocked,Right Foot,Loose Ball,False,2,54
Morocco,4,88,Gessime YASSINE,On Target - Goal,Left Foot,Cross,True,2,54
Haiti,0,7,Jean-Ricner BELLEGARDE,Off Target,Right Foot,Freekick,False,1,54
Haiti,1,9,Lenny JOSEPH,Incomplete - Player On Ball Error,Right Foot,Cross,False,1,54
Haiti,2,33,Lenny JOSEPH,Off Target,Right Foot,Ball Progression,False,1,54
Haiti,3,42,Wilson ISIDOR,On Target - Goal,Right Foot,Pass,True,1,54
Haiti,4,63,Jean-Ricner BELLEGARDE,Incomplete - Blocked,Right Foot,Freekick,False,1,54
Haiti,5,94,Duckens NAZON,On Target - Saved,Right Foot,Freekick,False,1,54
Haiti,6,94,Jean-Ricner BELLEGARDE,Incomplete - Blocked,Head,Corner,False,1,54
Haiti,7,97,Louicius DEEDSON,Incomplete - Blocked,Left Foot,Pass,False,1,54
Haiti,8,97,Ricardo ADE,Off Target - Saved,Right Foot,Pass,False,1,54
Türkiye,0,9,Arda GULER,On Target - Goal,Left Foot,Pass,True,1,55
Türkiye,1,30,Orkun KOKCU,Incomplete - Assist,Right Foot,Cross,False,1,55
Türkiye,2,39,Abdulkerim BARDAKCI,Deflected Off Target - Defensive Event,Right Foot,Pass,False,1,55
Türkiye,3,42,Kenan YILDIZ,Deflected Off Target - Defensive Event,Left Foot,Pass,False,1,55
Türkiye,4,71,Kenan YILDIZ,Off Target,Right Foot,Pass,False,1,55
Türkiye,5,80,Orkun KOKCU,Off Target,Right Foot,Pass,False,1,55
Türkiye,6,97,Can UZUN,Incomplete - Blocked,Right Foot,Loose Ball,False,1,55
Türkiye,7,97,Kaan AYHAN,On Target - Goal,Right Foot,Loose Ball,True,1,55
USA,0,1,Auston TRUSTY,On Target - Saved,Right Foot,Interception,False,1,55
USA,1,2,Auston TRUSTY,On Target - Goal,Left Foot,Corner,True,2,55
USA,2,12,Brenden AARONSON,Incomplete - Blocked,Left Foot,Pass,False,2,55
USA,3,12,Brenden AARONSON,On Target - Saved,Right Foot,Loose Ball,False,2,55
USA,4,28,Miles ROBINSON,Incomplete - Blocked,Head,Corner,False,2,55
USA,5,44,Weston McKENNIE,On Target - Saved,Right Foot,Pass,False,2,55
USA,6,47,Auston TRUSTY,Off Target,Head,Corner,False,2,55
USA,7,48,Sebastian BERHALTER,On Target - Goal,Right Foot,Loose Ball,True,2,55
USA,8,61,Christian PULISIC,On Target - Saved,Left Foot,Pass,False,2,55
USA,9,61,Brenden AARONSON,Off Target,Right Foot,Other,False,2,55
USA,10,62,Ricardo PEPI,Incomplete,Right Foot,Cross,False,2,55
USA,11,62,Christian PULISIC,On Target - Saved,Lower Body,Loose Ball,False,2,55
USA,12,62,Weston McKENNIE,Deflected Off Target - Defensive Event,Left Foot,Cross,False,2,55
USA,13,65,Weston McKENNIE,Off Target,Head,Corner,False,2,55
USA,14,76,Christian PULISIC,Off Target,Left Foot,Pass,False,2,55
USA,15,92,Alex ZENDEJAS,Incomplete - Blocked,Left Foot,Pass,False,2,55
USA,0,94,Ricardo PEPI,Incomplete - Blocked,Left Foot,Pass,False,1,55
Paraguay,0,37,Gabriel AVALOS,Off Target,Right Foot,Pass,False,1,56
Paraguay,1,45,Juan Jose CACERES,Off Target,Right Foot,Loose Ball,False,1,56
Paraguay,2,47,Andres CUBAS,Off Target,Right Foot,Loose Ball,False,1,56
Paraguay,3,49,MAURICIO,On Target - Saved,Right Foot,Ball Progression,False,1,56
Paraguay,4,81,Julio ENCISO,Incomplete - Blocked,Right Foot,Ball Progression,False,1,56
Paraguay,5,81,Julio ENCISO,Off Target,Right Foot,Pass,False,1,56
Paraguay,6,92,MAURICIO,On Target - Saved,Left Foot,Pass,False,1,56
Australia,0,3,Jackson IRVINE,On Target - Saved,Right Foot,Loose Ball,False,1,56
Australia,1,9,Aiden ONEILL,Off Target,Right Foot,Loose Ball,False,1,56
Australia,2,22,Connor METCALFE,Incomplete - Blocked,Left Foot,Pass,False,1,56
Australia,3,35,Jordan BOS,On Target - Saved,Left Foot,Pass,False,1,56
Australia,4,46,Cristian VOLPATO,On Target - Saved,Left Foot,Pass,False,1,56
Australia,5,47,Jackson IRVINE,Off Target,Head,Cross,False,1,56
Australia,6,58,Nestory IRANKUNDA,Off Target,Right Foot,Other,False,1,56
Australia,7,59,Nestory IRANKUNDA,Incomplete - Blocked,Right Foot,Loose Ball,False,1,56
Australia,8,60,Ajdin HRUSTIC,Deflected Off Target - Saved,Left Foot,Pass,False,1,56
Australia,9,82,Jordan BOS,On Target - Saved,Left Foot,Ball Progression,False,1,56
Australia,10,89,Jordan BOS,Off Target,Left Foot,Ball Progression,False,1,56
Australia,11,92,Tete YENGI,On Target - Saved,Right Foot,Pass,False,1,56
Ecuador,0,8,Nilson ANGULO,On Target - Goal,Right Foot,Pass,True,1,57
Ecuador,1,31,Enner VALENCIA,Incomplete - Blocked,Right Foot,Pass,False,1,57
Ecuador,2,53,Moises CAICEDO,Off Target,Head,Corner,False,1,57
Ecuador,3,61,Enner VALENCIA,On Target - Saved,Right Foot,Pass,False,1,57
Ecuador,4,72,Gonzalo PLATA,Off Target,Left Foot,Cross,False,1,57
Ecuador,5,76,Kevin RODRIGUEZ,Deflected Off Target - Defensive Event,Left Foot,Pass,False,1,57
Ecuador,6,77,Gonzalo PLATA,On Target - Goal,Left Foot,Pass,True,1,57
Germany,0,1,Leroy SANE,On Target - Goal,Left Foot,Pass,True,1,57
Germany,1,6,Florian WIRTZ,Incomplete - Blocked,Right Foot,Loose Ball,False,1,57
Germany,2,13,Felix NMECHA,Off Target,Right Foot,Pass,False,1,57
Germany,3,24,Kai HAVERTZ,On Target - Saved,Head,Cross,False,1,57
Germany,4,34,Jamal MUSIALA,Deflected Off Target - Defensive Event,Left Foot,Pass,False,1,57
Germany,5,37,Felix NMECHA,Deflected Off Target - Defensive Event,Right Foot,Pass,False,1,57
Germany,6,48,Florian WIRTZ,Incomplete - Blocked,Right Foot,Ball Progression,False,1,57
Germany,7,62,Florian WIRTZ,Incomplete - Blocked,Right Foot,Pass,False,1,57
Germany,8,75,Leroy SANE,On Target - Saved,Left Foot,Loose Ball,False,1,57
Germany,9,92,Deniz UNDAV,Off Target,Left Foot,Pass,False,1,57
Germany,10,94,Pascal GROSS,Off Target,Left Foot,Loose Ball,False,1,57
Curaçao,0,1,Tahith CHONG,On Target - Saved,Left Foot,Other,False,1,58
Curaçao,1,13,Jurien GAARI,Off Target,Right Foot,Pass,False,1,58
Curaçao,2,39,Tahith CHONG,Off Target,Left Foot,Pass,False,1,58
Curaçao,3,43,Leandro BACUNA,Off Target,Right Foot,Ball Progression,False,1,58
Curaçao,4,47,Jurien GAARI,Deflected Off Target - Defensive Event,Head,Corner,False,1,58
Curaçao,5,54,Sherel FLORANUS,Off Target,Left Foot,Pass,False,1,58
Curaçao,6,73,Tahith CHONG,On Target - Saved,Left Foot,Pass,False,1,58
Curaçao,7,78,Leandro BACUNA,Incomplete - Player On Ball Error,Head,Freekick,False,1,58
Curaçao,8,78,Juninho BACUNA,Off Target,Head,Loose Ball,False,1,58
Curaçao,9,91,Gervane KASTANEER,Off Target,Left Foot,Loose Ball,False,1,58
Curaçao,10,92,Jeremy ANTONISSE,Deflected Off Target - Referee Event,Right Foot,Loose Ball,False,1,58
Côte d'Ivoire,0,6,Nicolas PEPE,On Target - Goal,Left Foot,Pass,True,1,58
Côte d'Ivoire,1,9,Amad DIALLO,Off Target,Left Foot,Pass,False,1,58
Côte d'Ivoire,2,17,Amad DIALLO,Off Target,Left Foot,Cross,False,1,58
Côte d'Ivoire,3,22,Amad DIALLO,Incomplete - Blocked,Left Foot,Ball Progression,False,1,58
Côte d'Ivoire,4,52,Franck KESSIE,Deflected Off Target - Defensive Event,Left Foot,Pass,False,1,58
Côte d'Ivoire,5,63,Nicolas PEPE,On Target - Goal,Left Foot,Pass,True,1,58
Côte d'Ivoire,6,88,Elye WAHI,On Target - Saved,Right Foot,Pass,False,1,58
Tunisia,0,1,Ismael GHARBI,Off Target,Right Foot,Cross,False,1,59
Tunisia,1,8,Ali ABDI,Off Target,Right Foot,Cross,False,1,59
Tunisia,2,11,Anis SLIMANE,On Target,Head,Cross,False,1,59
Tunisia,3,31,Ismael GHARBI,Off Target,Right Foot,Freekick,False,1,59
Tunisia,4,53,Hazem MASTOURI,On Target - Goal,Head,Corner,True,1,59
Tunisia,5,64,Hazem MASTOURI,On Target - Saved,Right Foot,Pass,False,1,59
Tunisia,6,75,Hannibal MEJBRI,On Target - Saved,Left Foot,Pass,False,1,59
Tunisia,7,76,Elias ACHOURI,Off Target,Right Foot,Loose Ball,False,1,59
Tunisia,8,89,Hazem MASTOURI,Off Target,Right Foot,Loose Ball,False,1,59
Tunisia,9,93,Elias ACHOURI,Incomplete - Blocked,Right Foot,Loose Ball,False,1,59
Netherlands,0,6,Brian BROBBEY,On Target - Goal,Right Foot,Pass,True,1,59
Netherlands,1,10,Frenkie DE JONG,Incomplete - Blocked,Left Foot,Loose Ball,False,2,59
Netherlands,2,16,Jan Paul VAN HECKE,Off Target,Head,Freekick,False,2,59
Netherlands,3,18,Tijjani REIJNDERS,On Target - Saved,Right Foot,Loose Ball,False,2,59
Netherlands,4,27,Ryan GRAVENBERCH,Deflected Off Target - Defensive Event,Right Foot,Pass,False,2,59
Netherlands,5,28,Donyell MALEN,Off Target,Right Foot,Corner,False,2,59
Netherlands,6,29,Cody GAKPO,Incomplete - Player On Ball Error,Head,Cross,False,2,59
Netherlands,7,29,Denzel DUMFRIES,Deflected Off Target - Defensive Event,Right Foot,Pass,False,2,59
Netherlands,8,30,Donyell MALEN,Incomplete - Defensive Event,Right Foot,Loose Ball,False,2,59
Netherlands,9,38,Ryan GRAVENBERCH,Off Target,Right Foot,Pass,False,2,59
Netherlands,10,41,Brian BROBBEY,Incomplete - Blocked,Right Foot,Pass,False,2,59
Netherlands,11,43,Denzel DUMFRIES,On Target - Saved,Left Foot,Ball Progression,False,2,59
Netherlands,12,50,Denzel DUMFRIES,On Target - Goal Prevented,Right Foot,Loose Ball,False,2,59
Netherlands,13,60,Cody GAKPO,Incomplete - Blocked,Right Foot,Pass,False,2,59
Netherlands,14,61,Jan Paul VAN HECKE,Deflected On Target - Goal,Head,Corner,True,2,59
Netherlands,15,65,Tijjani REIJNDERS,Off Target,Right Foot,Loose Ball,False,2,59
Netherlands,16,65,Denzel DUMFRIES,Incomplete - Player On Ball Error,Head,Loose Ball,False,2,59
Netherlands,0,67,Tijjani REIJNDERS,On Target - Saved,Right Foot,Other,False,1,59
Netherlands,1,77,Virgil VAN DIJK,On Target - Saved,Head,Freekick,False,2,59
Netherlands,2,79,Nathan AKE,Off Target,Head,Pass,False,2,59
Japan,0,14,Ritsu DOAN,Incomplete - Blocked,Left Foot,Pass,False,1,60
Japan,1,21,Daizen MAEDA,Off Target,Head,Cross,False,1,60
Japan,2,39,Yukinari SUGAWARA,On Target - Saved,Right Foot,Pass,False,1,60
Japan,3,44,Keito NAKAMURA,On Target - Saved,Right Foot,Pass,False,1,60
Japan,4,47,Ao TANAKA,Off Target,Right Foot,Ball Progression,False,1,60
Japan,5,51,Ayase UEDA,Deflected Off Target - Defensive Event,Right Foot,Pass,False,1,60
Japan,6,55,Daizen MAEDA,On Target - Goal,Right Foot,Pass,True,1,60
Japan,7,82,Koki OGAWA,Off Target,Left Foot,Cross,False,1,60
Sweden,0,5,Alexander BERNHARDSSON,On Target - Saved,Left Foot,Pass,False,1,60
Sweden,1,47,Viktor GYOKERES,Deflected Off Target - Defensive Event,Right Foot,Loose Ball,False,1,60
Sweden,2,49,Gustaf LAGERBIELKE,Off Target,Head,Corner,False,1,60
Sweden,3,61,Anthony ELANGA,On Target - Goal,Left Foot,Pass,True,1,60
Sweden,4,64,Alexander ISAK,On Target - Saved,Right Foot,Loose Ball,False,1,60
Sweden,5,77,Daniel SVENSSON,Deflected Off Target - Defensive Event,Left Foot,Pass,False,1,60
Sweden,6,78,Victor LINDELOF,Off Target - Saved,Head,Corner,False,1,60
Sweden,7,78,Ken SEMA,Incomplete - Blocked,Left Foot,Loose Ball,False,1,60
Sweden,8,80,Gustaf LAGERBIELKE,Off Target,Head,Freekick,False,1,60
Sweden,9,92,Anthony ELANGA,On Target - Saved,Right Foot,Pass,False,1,60
Sweden,10,93,Alexander ISAK,On Target - Saved,Head,Corner,False,1,60
New Zealand,0,54,Elijah JUST,On Target - Saved,Left Foot,Pass,False,1,61
New Zealand,1,54,Tim PAYNE,Incomplete - Blocked,Right Foot,Other,False,1,61
New Zealand,2,58,Jesse RANDALL,Off Target,Left Foot,Loose Ball,False,1,61
New Zealand,3,75,Elijah JUST,Deflected Off Target - Defensive Event,Right Foot,Pass,False,1,61
New Zealand,4,75,Tyler BINDON,Off Target,Head,Corner,False,1,61
New Zealand,5,83,Elijah JUST,On Target - Goal,Left Foot,Loose Ball,True,1,61
Belgium,0,3,Youri TIELEMANS,Off Target,Right Foot,Pass,False,1,61
Belgium,1,10,Leandro TROSSARD,Off Target,Left Foot,Pass,False,2,61
Belgium,2,11,Brandon MECHELE,Incomplete - Blocked,Head,Pass,False,2,61
Belgium,3,11,Kevin DE BRUYNE,On Target - Saved,Right Foot,Pass,False,2,61
Belgium,4,15,Leandro TROSSARD,Incomplete - Blocked,Left Foot,Loose Ball,False,2,61
Belgium,5,15,Jeremy DOKU,On Target - Saved,Right Foot,Pass,False,2,61
Belgium,6,18,Leandro TROSSARD,Incomplete - Blocked,Right Foot,Pass,False,2,61
Belgium,7,27,Leandro TROSSARD,Deflected On Target - Goal,Right Foot,Loose Ball,True,2,61
Belgium,8,30,Hans VANAKEN,Incomplete - Blocked,Right Foot,Cross,False,2,61
Belgium,9,38,Jeremy DOKU,Off Target,Right Foot,Ball Progression,False,2,61
Belgium,10,41,Kevin DE BRUYNE,Off Target,Right Foot,Pass,False,2,61
Belgium,11,42,Charles DE KETELAERE,On Target - Saved,Left Foot,Pass,False,2,61
Belgium,12,44,Leandro TROSSARD,Incomplete - Blocked,Right Foot,Loose Ball,False,2,61
Belgium,13,46,Hans VANAKEN,Deflected Off Target - Defensive Event,Left Foot,Pass,False,2,61
Belgium,14,46,Arthur THEATE,Incomplete - Player On Ball Error,Head,Other,False,2,61
Belgium,15,47,Timothy CASTAGNE,Off Target,Right Foot,Cross,False,2,61
Belgium,16,46,Kevin DE BRUYNE,Off Target,Right Foot,Pass,False,2,61
Belgium,0,49,Leandro TROSSARD,Incomplete,Right Foot,Ball Progression,False,1,61
Belgium,1,49,Leandro TROSSARD,On Target - Goal,Right Foot,Loose Ball,True,2,61
Belgium,2,59,Arthur THEATE,Incomplete - Referee Event,Head,Corner,False,2,61
Belgium,3,60,Kevin DE BRUYNE,Deflected Off Target - Defensive Event,Right Foot,Pass,False,2,61
Belgium,4,61,Arthur THEATE,On Target - Saved,Right Foot,Loose Ball,False,2,61
Belgium,5,61,Kevin DE BRUYNE,Deflected Off Target - Defensive Event,Right Foot,Loose Ball,False,2,61
Belgium,6,64,Matias FERNANDEZ-PARDO,Off Target,Left Foot,Pass,False,2,61
Belgium,7,65,Kevin DE BRUYNE,Incomplete - Blocked,Left Foot,Pass,False,2,61
Belgium,8,65,Kevin DE BRUYNE,On Target - Goal,Left Foot,Loose Ball,True,2,61
Belgium,9,73,Matias FERNANDEZ-PARDO,Incomplete - Blocked,Right Foot,Pass,False,2,61
Belgium,10,73,Amadou ONANA,Incomplete - Blocked,Left Foot,Loose Ball,False,2,61
Belgium,11,77,Maxim DE CUYPER,Off Target,Left Foot,Freekick,False,2,61
Belgium,12,80,Alexis SAELEMAEKERS,Off Target,Right Foot,Pass,False,2,61
Belgium,13,85,Romelu LUKAKU,On Target - Goal,Head,Cross,True,2,61
Belgium,14,89,Amadou ONANA,Off Target,Right Foot,Freekick,False,2,61
Belgium,15,91,Maxim DE CUYPER,On Target - Saved,Left Foot,Pass,False,2,61
Belgium,16,92,Arthur THEATE,Off Target,Left Foot,Loose Ball,False,2,61
Belgium,0,93,Alexis SAELEMAEKERS,On Target - Goal,Right Foot,Pass,True,1,61
Egypt,0,4,MOHAMED SALAH,Deflected Off Target - Defensive Event,Left Foot,Pass,False,1,62
Egypt,1,4,MAHMOUD SABER,Deflected On Target - Goal,Left Foot,Loose Ball,True,1,62
Egypt,2,16,MOSTAFA ZICO,Off Target,Right Foot,Cross,False,1,62
Egypt,3,20,MOHAMED HANY,Deflected Off Target - Defensive Event,Right Foot,Pass,False,1,62
Egypt,4,29,TREZEGUET,On Target - Saved,Right Foot,Pass,False,1,62
Egypt,5,38,MAHMOUD SABER,Off Target,Right Foot,Loose Ball,False,1,62
Egypt,6,40,TREZEGUET,Incomplete - Blocked,Right Foot,Loose Ball,False,1,62
Egypt,7,48,MAHMOUD SABER,Off Target,Left Foot,Pass,False,1,62
Egypt,8,48,TREZEGUET,On Target - Saved,Right Foot,Pass,False,1,62
Egypt,9,51,TREZEGUET,Deflected Off Target - Defensive Event,Right Foot,Pass,False,1,62
Egypt,10,51,MOHANAD LASHIN,Off Target,Head,Corner,False,1,62
Egypt,11,61,ZIZO,Deflected Off Target - Defensive Event,Left Foot,Loose Ball,False,1,62
Egypt,12,67,OMAR MARMOUSH,Deflected Off Target - Defensive Event,Right Foot,Ball Progression,False,1,62
Egypt,13,71,TREZEGUET,Incomplete - Player On Ball Error,Head,Corner,False,1,62
Egypt,14,83,MOHANAD LASHIN,Off Target,Right Foot,Other,False,1,62
IR Iran,0,10,Mehdi TAREMI,On Target - Saved,Right Foot,Penalty,False,1,62
IR Iran,1,10,Saman GHODDOS,Incomplete - Player On Ball Error,Left Foot,Loose Ball,False,1,62
IR Iran,2,13,Milad MOHAMMADI,On Target - Saved,Right Foot,Ball Progression,False,1,62
IR Iran,3,13,Ramin REZAEIAN,On Target - Goal,Right Foot,Other,True,1,62
IR Iran,4,33,Ramin REZAEIAN,Off Target,Left Foot,Loose Ball,False,1,62
IR Iran,5,45,Shoja KHALILZADEH,Off Target,Head,Cross,False,1,62
IR Iran,6,46,Saeid EZATOLAHI,Off Target,Right Foot,Pass,False,1,62
IR Iran,7,54,Saman GHODDOS,Incomplete - Blocked,Right Foot,Loose Ball,False,1,62
IR Iran,8,75,Mohammad GHORBANI,Incomplete - Blocked,Right Foot,Loose Ball,False,1,62
IR Iran,9,92,Mohammad GHORBANI,Incomplete - Referee Event,Right Foot,Loose Ball,False,1,62
IR Iran,10,96,Mehdi TAREMI,Incomplete - Blocked,Right Foot,Pass,False,1,62
IR Iran,11,96,Ramin REZAEIAN,Deflected Off Target - Defensive Event,Right Foot,Pass,False,1,62
IR Iran,12,96,Saeid EZATOLAHI,Off Target,Head,Cross,False,1,62
Uruguay,0,31,Agustin CANOBBIO,Deflected Off Target - Defensive Event,Right Foot,Loose Ball,False,1,63
Uruguay,1,35,Rodrigo BENTANCUR,Off Target,Right Foot,Pass,False,1,63
Uruguay,2,38,Darwin NUNEZ,Incomplete - Player On Ball Error,Right Foot,Loose Ball,False,1,63
Uruguay,3,63,Federico VINAS,Off Target,Left Foot,Cross,False,1,63
Uruguay,4,84,Nicolas DE LA CRUZ,On Target - Saved,Right Foot,Pass,False,1,63
Spain,0,16,Lamine YAMAL,Incomplete - Blocked,Left Foot,Pass,False,1,63
Spain,1,19,Pau CUBARSI,Incomplete - Player On Ball Error,Head,Corner,False,1,63
Spain,2,41,Alex BAENA,On Target - Goal,Right Foot,Cross,True,1,63
Spain,3,52,Mikel OYARZABAL,Off Target,Left Foot,Pass,False,1,63
Spain,4,62,Dani OLMO,Off Target,Right Foot,Pass,False,1,63
Spain,5,85,Ferran TORRES,Off Target,Right Foot,Ball Progression,False,1,63
Cabo Verde,0,21,WILLY SEMEDO,Off Target - Saved,Left Foot,Pass,False,1,64
Cabo Verde,1,33,JAMIRO MONTEIRO,Incomplete - Blocked,Left Foot,Pass,False,1,64
Cabo Verde,2,38,JOAO PAULO,Off Target,Head,Corner,False,1,64
Cabo Verde,3,41,WILLY SEMEDO,Off Target,Right Foot,Loose Ball,False,1,64
Cabo Verde,4,47,JAMIRO MONTEIRO,On Target - Saved,Right Foot,Cross,False,1,64
Cabo Verde,5,49,KEVIN PINA,Off Target,Left Foot,Pass,False,1,64
Cabo Verde,6,52,RYAN MENDES,Incomplete - Blocked,Left Foot,Loose Ball,False,1,64
Cabo Verde,7,56,DEROY DUARTE,Off Target,Right Foot,Loose Ball,False,1,64
Cabo Verde,8,73,LAROS DUARTE,On Target - Saved,Right Foot,Pass,False,1,64
Cabo Verde,9,74,PICO LOPES,Off Target,Head,Corner,False,1,64
Cabo Verde,10,76,JOAO PAULO,Incomplete - Blocked,Right Foot,Pass,False,1,64
Cabo Verde,11,78,GARRY RODRIGUES,Incomplete - Blocked,Left Foot,Pass,False,1,64
Cabo Verde,12,83,KEVIN PINA,Off Target,Right Foot,Loose Ball,False,1,64
Cabo Verde,13,84,NUNO DA COSTA,Incomplete - Player On Ball Error,Left Foot,Ball Progression,False,1,64
Cabo Verde,14,85,WAGNER PINA,Incomplete - Blocked,Right Foot,Cross,False,1,64
Saudi Arabia,0,17,SALEM ALDAWSARI,Incomplete - Blocked,Left Foot,Cross,False,1,64
Saudi Arabia,1,46,MOHAMED KANNO,On Target - Saved,Head,Pass,False,1,64
Saudi Arabia,2,48,SAUD ABDULHAMID,Deflected Off Target - Defensive Event,Right Foot,Loose Ball,False,1,64
Saudi Arabia,3,46,ABDULELAH ALAMRI,Incomplete - Player On Ball Error,Head,Other,False,2,64
Saudi Arabia,4,66,MOHAMMED ABU ALSHAMAT,On Target - Saved,Right Foot,Pass,False,2,64
Saudi Arabia,5,82,NASSER ALDAWSARI,Incomplete - Blocked,Left Foot,Pass,False,2,64
Saudi Arabia,6,91,ABDULLAH ALHAMDDAN,On Target - Saved,Right Foot,Pass,False,2,64
Norway,0,10,Kristian THORSTVEDT,On Target - Saved,Left Foot,Loose Ball,False,1,65
Norway,1,13,Jorgen STRAND LARSEN,Off Target,Right Foot,Pass,False,1,65
Norway,2,18,Thelo AASGAARD,Deflected Off Target - Defensive Event,Right Foot,Pass,False,1,65
Norway,3,20,Thelo AASGAARD,On Target - Goal,Right Foot,Pass,True,1,65
Norway,4,49,Jorgen STRAND LARSEN,On Target - Saved,Right Foot,Penalty,False,1,65
Norway,5,54,Leo OSTIGARD,Off Target,Head,Corner,False,1,65
Norway,6,63,Oscar BOBB,Deflected On Target - Defensive Event,Left Foot,Ball Progression,False,1,65
Norway,7,71,Oscar BOBB,On Target - Saved,Left Foot,Pass,False,1,65
Norway,8,78,Patrick BERG,Incomplete - Blocked,Right Foot,Pass,False,1,65
Norway,9,86,Fredrik AURSNES,Off Target,Right Foot,Loose Ball,False,1,65
France,0,3,Manu KONE,On Target - Saved,Right Foot,Loose Ball,False,1,65
France,1,4,Desire DOUE,Deflected On Target - Saved,Right Foot,Pass,False,2,65
France,2,6,Ousmane DEMBELE,On Target - Goal,Right Foot,Pass,True,2,65
France,3,7,Desire DOUE,On Target - Saved,Right Foot,Other,False,2,65
France,4,12,Michael OLISE,Incomplete - Blocked,Left Foot,Pass,False,2,65
France,5,16,Kylian MBAPPE,On Target - Saved,Right Foot,Pass,False,2,65
France,6,19,Ousmane DEMBELE,On Target - Goal,Left Foot,Pass,True,2,65
France,7,22,Michael OLISE,Incomplete - Blocked,Right Foot,Cross,False,2,65
France,8,22,Desire DOUE,Incomplete - Blocked,Right Foot,Pass,False,2,65
France,9,23,Theo HERNANDEZ,Off Target,Left Foot,Pass,False,2,65
France,10,31,Ousmane DEMBELE,On Target - Goal,Left Foot,Pass,True,2,65
France,11,34,Aurelien TCHOUAMENI,Off Target,Right Foot,Pass,False,2,65
France,12,45,Michael OLISE,Off Target,Right Foot,Pass,False,2,65
France,13,55,Kylian MBAPPE,Off Target,Right Foot,Pass,False,2,65
France,14,63,Kylian MBAPPE,Incomplete - Blocked,Right Foot,Ball Progression,False,2,65
France,15,91,Theo HERNANDEZ,Off Target,Left Foot,Pass,False,2,65
France,0,93,Desire DOUE,On Target - Goal,Head,Cross,True,1,65
Senegal,0,2,Idrissa Gana GUEYE,Deflected Off Target - Defensive Event,Right Foot,Other,False,1,66
Senegal,1,3,Abdoulaye SECK,Incomplete - Assist,Head,Corner,False,2,66
Senegal,2,13,Sadio MANE,Deflected On Target - Saved,Right Foot,Freekick,False,2,66
Senegal,3,13,Abdoulaye SECK,Off Target,Right Foot,Pass,False,2,66
Senegal,4,16,Ismaila SARR,Off Target,Right Foot,Loose Ball,False,2,66
Senegal,5,32,Ismail JAKOBS,Off Target,Left Foot,Pass,False,2,66
Senegal,6,45,Sadio MANE,Off Target,Right Foot,Pass,False,2,66
Senegal,7,46,Moussa NIAKHATE,Incomplete - Referee Event,Head,Corner,False,2,66
Senegal,8,50,Lamine CAMARA,Off Target,Right Foot,Loose Ball,False,2,66
Senegal,9,45,Habib DIARRA,Off Target,Left Foot,Pass,False,2,66
Senegal,10,50,Sadio MANE,Off Target,Lower Body,Cross,False,2,66
Senegal,11,53,Ismaila SARR,On Target - Saved,Right Foot,Pass,False,2,66
Senegal,12,55,Ismaila SARR,On Target - Goal,Right Foot,Pass,True,2,66
Senegal,13,58,Pape GUEYE,On Target - Goal,Left Foot,Pass,True,2,66
Senegal,14,60,Pape GUEYE,Deflected Off Target - Defensive Event,Left Foot,Pass,False,2,66
Senegal,15,70,Pape GUEYE,On Target - Goal,Left Foot,Pass,True,2,66
Senegal,16,73,Pape GUEYE,Incomplete - Blocked,Left Foot,Pass,False,2,66
Senegal,0,73,Krepin DIATTA,Off Target,Right Foot,Pass,False,1,66
Senegal,1,76,Nicolas JACKSON,Incomplete - Blocked,Right Foot,Cross,False,2,66
Senegal,2,78,Pathe CISS,On Target - Saved,Head,Pass,False,2,66
Senegal,3,78,Nicolas JACKSON,On Target - Saved,Right Foot,Pass,False,2,66
Senegal,4,81,Iliman NDIAYE,On Target - Goal,Right Foot,Pass,True,2,66
Senegal,5,85,Sadio MANE,Incomplete - Blocked,Left Foot,Pass,False,2,66
Senegal,6,87,Pape GUEYE,Deflected Off Target - Defensive Event,Left Foot,Pass,False,2,66
Senegal,7,90,Nicolas JACKSON,On Target - Saved,Head,Freekick,False,2,66
Senegal,8,91,Pape GUEYE,On Target - Saved,Left Foot,Loose Ball,False,2,66
Senegal,9,94,Iliman NDIAYE,Deflected On Target - Saved,Right Foot,Ball Progression,False,2,66
Iraq,0,19,ALI JASIM,Incomplete - Blocked,Right Foot,Freekick,False,1,66
Iraq,1,19,ALI JASIM,Deflected Off Target - Defensive Event,Right Foot,Other,False,1,66
Iraq,2,40,MERCHAS DOSKI,Incomplete - Blocked,Left Foot,Pass,False,1,66
Iraq,3,40,ALI JASIM,Incomplete - Blocked,Right Foot,Loose Ball,False,1,66
Iraq,4,52,ALI JASIM,On Target - Saved,Right Foot,Other,False,1,66
Iraq,5,72,KEVIN YAKOB,Incomplete - Blocked,Left Foot,Ball Progression,False,1,66
Jordan,0,34,ODEH FAKHOURY,Incomplete - Blocked,Right Foot,Interception,False,1,67
Jordan,1,34,MOHANNAD ABUTAHA,Incomplete - Blocked,Left Foot,Loose Ball,False,1,67
Jordan,2,37,ALI AZAIZEH,Off Target,Head,Cross,False,1,67
Jordan,3,50,MOUSA ALTAMARI,Off Target,Left Foot,Cross,False,1,67
Jordan,4,54,MOUSA ALTAMARI,On Target - Goal,Left Foot,Cross,True,1,67
Argentina,0,12,Nicolas OTAMENDI,Off Target,Head,Corner,False,1,67
Argentina,1,18,Giovani LO CELSO,On Target - Goal,Left Foot,Freekick,True,1,67
Argentina,2,27,Lautaro MARTINEZ,Off Target,Left Foot,Cross,False,1,67
Argentina,3,27,Marcos SENESI,Incomplete - Foul For,Head,Other,False,1,67
Argentina,4,30,Lautaro MARTINEZ,On Target - Goal,Right Foot,Penalty,True,1,67
Argentina,5,49,Julian ALVAREZ,On Target - Saved,Left Foot,Pass,False,1,67
Argentina,6,52,Lautaro MARTINEZ,Off Target,Right Foot,Pass,False,1,67
Argentina,7,58,Nico PAZ,Off Target,Right Foot,Loose Ball,False,1,67
Argentina,8,64,Lionel MESSI,Off Target,Left Foot,Freekick,False,1,67
Argentina,9,79,Lionel MESSI,On Target - Goal,Left Foot,Freekick,True,1,67
Argentina,10,81,Thiago ALMADA,Off Target,Right Foot,Loose Ball,False,1,67
Argentina,11,85,Jose Manuel LOPEZ,Deflected Off Target - Defensive Event,Right Foot,Pass,False,1,67
Argentina,12,90,Marcos SENESI,Off Target,Lower Body,Freekick,False,1,67
Algeria,0,9,Ibrahim MAZA,Off Target,Right Foot,Ball Progression,False,1,68
Algeria,1,31,Rafik BELGHALI,Off Target,Right Foot,Ball Progression,False,1,68
Algeria,2,35,Ibrahim MAZA,Off Target,Left Foot,Ball Progression,False,1,68
Algeria,3,39,Fares CHAIBI,Off Target,Left Foot,Ball Progression,False,1,68
Algeria,4,41,Riyad MAHREZ,Incomplete - Blocked,Left Foot,Pass,False,1,68
Algeria,5,43,Ibrahim MAZA,On Target - Saved,Left Foot,Pass,False,1,68
Algeria,6,44,Rafik BELGHALI,On Target - Goal,Left Foot,Ball Progression,True,1,68
Algeria,7,48,Ramy BENSEBAINI,Off Target,Left Foot,Loose Ball,False,1,68
Algeria,8,53,Fares CHAIBI,On Target - Saved,Right Foot,Pass,False,1,68
Algeria,9,58,Fares CHAIBI,Incomplete - Blocked,Right Foot,Pass,False,1,68
Algeria,10,59,Riyad MAHREZ,On Target - Goal,Left Foot,Cross,True,1,68
Algeria,11,92,Riyad MAHREZ,On Target - Goal,Right Foot,Pass,True,1,68
Austria,0,7,Xaver SCHLAGER,Off Target,Left Foot,Loose Ball,False,1,68
Austria,1,27,Marko ARNAUTOVIC,On Target - Goal,Right Foot,Pass,True,1,68
Austria,2,37,Romano SCHMID,Off Target,Right Foot,Loose Ball,False,1,68
Austria,3,40,Phillip MWENE,Off Target,Right Foot,Loose Ball,False,1,68
Austria,4,46,Nicolas SEIWALD,Incomplete - Blocked,Left Foot,Loose Ball,False,1,68
Austria,5,54,Marcel SABITZER,On Target - Goal,Right Foot,Pass,True,1,68
Austria,6,64,Nicolas SEIWALD,Off Target,Right Foot,Pass,False,1,68
Austria,7,67,Kevin DANSO,Off Target,Head,Corner,False,1,68
Austria,8,94,Philipp LIENHART,Off Target,Left Foot,Pass,False,1,68
Austria,9,95,Sasa KALAJDZIC,On Target - Goal,Head,Pass,True,1,68
Colombia,0,1,Luis DIAZ,Deflected On Target - Defensive Event,Right Foot,Pass,False,1,69
Colombia,1,1,Jhon CORDOBA,Off Target,Head,Loose Ball,False,2,69
Colombia,2,5,Luis DIAZ,Incomplete - Player On Ball Error,Right Foot,Pass,False,2,69
Colombia,3,13,Gustavo PUERTA,Off Target,Left Foot,Pass,False,2,69
Colombia,4,16,Jhon CORDOBA,On Target - Saved,Right Foot,Pass,False,2,69
Colombia,5,16,Luis DIAZ,Deflected Off Target - Defensive Event,Right Foot,Pass,False,2,69
Colombia,6,21,Jhon ARIAS,Incomplete - Defensive Event,Right Foot,Pass,False,2,69
Colombia,7,43,James RODRIGUEZ,Incomplete - Blocked,Right Foot,Cross,False,2,69
Colombia,8,43,Jefferson LERMA,Incomplete - Defensive Event,Left Foot,Loose Ball,False,2,69
Colombia,9,44,Gustavo PUERTA,On Target - Saved,Right Foot,Pass,False,2,69
Colombia,10,45,Luis DIAZ,Off Target,Right Foot,Pass,False,2,69
Colombia,11,47,James RODRIGUEZ,On Target - Saved,Left Foot,Pass,False,2,69
Colombia,12,54,Jefferson LERMA,On Target - Saved,Right Foot,Pass,False,2,69
Colombia,13,54,Jhon ARIAS,On Target - Saved,Right Foot,Pass,False,2,69
Colombia,14,61,Richard RIOS,Off Target,Left Foot,Cross,False,2,69
Colombia,15,64,Luis SUAREZ,Deflected Off Target - Defensive Event,Right Foot,Pass,False,2,69
Colombia,16,64,Davinson SANCHEZ,Off Target,Head,Cross,False,2,69
Colombia,0,65,Jhon ARIAS,Deflected On Target - Saved,Right Foot,Pass,False,1,69
Colombia,1,66,Gustavo PUERTA,Off Target,Right Foot,Pass,False,2,69
Colombia,2,72,Luis SUAREZ,Incomplete - Blocked,Left Foot,Cross,False,2,69
Colombia,3,73,James RODRIGUEZ,Deflected Off Target - Defensive Event,Left Foot,Loose Ball,False,2,69
Colombia,4,87,Luis SUAREZ,Off Target,Right Foot,Other,False,2,69
Colombia,5,90,Luis SUAREZ,Incomplete - Player On Ball Error,Head,Cross,False,2,69
Colombia,6,94,Gustavo PUERTA,Incomplete - Blocked,Right Foot,Pass,False,2,69
Portugal,0,3,RUBEN NEVES,Off Target,Right Foot,Loose Ball,False,1,69
Portugal,1,11,BRUNO FERNANDES,Off Target,Right Foot,Pass,False,1,69
Portugal,2,23,CRISTIANO RONALDO,On Target - Saved,Right Foot,Freekick,False,1,69
Portugal,3,37,VITINHA,Incomplete - Blocked,Right Foot,Loose Ball,False,1,69
Portugal,4,38,BRUNO FERNANDES,On Target - Saved,Right Foot,Cross,False,1,69
Portugal,5,38,CRISTIANO RONALDO,Incomplete - Blocked,Right Foot,Other,False,1,69
Portugal,6,39,RUBEN NEVES,Off Target,Right Foot,Pass,False,1,69
Portugal,7,41,JOAO FELIX,Off Target,Right Foot,Ball Progression,False,1,69
Portugal,8,46,CRISTIANO RONALDO,Incomplete - Blocked,Left Foot,Pass,False,1,69
Portugal,9,50,JOAO FELIX,Off Target,Head,Pass,False,1,69
Portugal,10,56,JOAO FELIX,Incomplete - Blocked,Right Foot,Pass,False,1,69
Portugal,11,77,DIOGO DALOT,Off Target,Right Foot,Corner,False,1,69
Portugal,12,92,RAFAEL LEAO,Off Target,Right Foot,Ball Progression,False,1,69
Congo DR,0,1,Yoane WISSA,Off Target,Right Foot,Loose Ball,False,1,70
Congo DR,1,28,Yoane WISSA,Off Target,Left Foot,Cross,False,2,70
Congo DR,2,43,Brian CIPENGA,Incomplete - Defensive Event,Right Foot,Freekick,False,2,70
Congo DR,3,47,Chancel MBEMBA,Off Target,Right Foot,Loose Ball,False,2,70
Congo DR,4,47,Brian CIPENGA,Off Target,Right Foot,Pass,False,2,70
Congo DR,5,49,Yoane WISSA,Off Target,Left Foot,Cross,False,2,70
Congo DR,6,52,Brian CIPENGA,Off Target,Right Foot,Pass,False,2,70
Congo DR,7,57,Nathanael MBUKU,On Target - Saved,Left Foot,Pass,False,2,70
Congo DR,8,59,Fiston MAYELE,Off Target,Right Foot,Pass,False,2,70
Congo DR,9,60,Yoane WISSA,Off Target,Head,Cross,False,2,70
Congo DR,10,67,Yoane WISSA,On Target - Goal,Right Foot,Penalty,True,2,70
Congo DR,11,74,Fiston MAYELE,Off Target,Head,Cross,False,2,70
Congo DR,12,77,Meschack ELIA,Deflected On Target - Defensive Event,Right Foot,Pass,False,2,70
Congo DR,13,77,Fiston MAYELE,On Target - Goal,Right Foot,Loose Ball,True,2,70
Congo DR,14,87,Fiston MAYELE,Off Target,Right Foot,Pass,False,2,70
Congo DR,15,90,Fiston MAYELE,Incomplete - Player On Ball Error,Right Foot,Pass,False,2,70
Congo DR,16,90,Yoane WISSA,On Target - Goal,Right Foot,Pass,True,2,70
Congo DR,0,94,Ngalayel MUKAU,Off Target,Left Foot,Pass,False,1,70
Congo DR,1,95,Theo BONGONDA,Off Target,Left Foot,Cross,False,2,70
Uzbekistan,0,9,Eldor SHOMURODOV,On Target - Goal,Left Foot,Pass,True,1,70
Uzbekistan,1,50,Abbosbek FAYZULLAEV,Off Target,Right Foot,Freekick,False,1,70
Uzbekistan,2,50,Eldor SHOMURODOV,Off Target,Right Foot,Pass,False,1,70
Panama,0,25,Jose Luis RODRIGUEZ,On Target - Saved,Left Foot,Pass,False,1,71
Panama,1,27,Carlos HARVEY,Off Target,Right Foot,Other,False,1,71
Panama,2,55,Jose Luis RODRIGUEZ,Off Target,Right Foot,Loose Ball,False,1,71
Panama,3,63,Amir MURILLO,Off Target,Right Foot,Pass,False,1,71
Panama,4,73,Azarias LONDONO,Incomplete - Blocked,Left Foot,Loose Ball,False,1,71
Panama,5,73,Ismael DIAZ,Off Target,Head,Cross,False,1,71
Panama,6,74,Ismael DIAZ,Deflected Off Target - Defensive Event,Right Foot,Loose Ball,False,1,71
Panama,7,75,Carlos HARVEY,Incomplete - Defensive Event,Head,Loose Ball,False,1,71
Panama,8,75,Amir MURILLO,Incomplete - Blocked,Right Foot,Cross,False,1,71
Panama,9,75,Ismael DIAZ,Off Target,Right Foot,Pass,False,1,71
Panama,10,89,Ismael DIAZ,Off Target,Right Foot,Pass,False,1,71
Panama,11,93,Eric DAVIS,Off Target,Left Foot,Other,False,1,71
England,0,7,Marcus RASHFORD,On Target - Saved,Right Foot,Pass,False,1,71
England,1,7,Bukayo SAKA,Off Target,Right Foot,Loose Ball,False,1,71
England,2,14,Bukayo SAKA,Off Target - Saved,Left Foot,Ball Progression,False,1,71
England,3,21,Jude BELLINGHAM,Off Target,Right Foot,Loose Ball,False,1,71
England,4,21,Bukayo SAKA,Incomplete - Blocked,Left Foot,Pass,False,1,71
England,5,32,Nico OREILLY,Off Target - Saved,Head,Pass,False,1,71
England,6,34,Elliot ANDERSON,On Target - Saved,Right Foot,Pass,False,1,71
England,7,37,Marcus RASHFORD,Off Target,Head,Pass,False,1,71
England,8,47,Marcus RASHFORD,Off Target,Right Foot,Freekick,False,1,71
England,9,54,Marcus RASHFORD,Off Target,Left Foot,Ball Progression,False,1,71
England,10,56,Harry KANE,On Target - Saved,Right Foot,Pass,False,1,71
England,11,61,Jude BELLINGHAM,On Target - Goal,Left Foot,Corner,True,1,71
England,12,65,Harry KANE,Incomplete - Blocked,Left Foot,Ball Progression,False,1,71
England,13,66,Harry KANE,On Target - Goal,Head,Cross,True,1,71
England,14,86,Marcus RASHFORD,Off Target,Right Foot,Cross,False,1,71
England,15,90,Noni MADUEKE,On Target - Saved,Right Foot,Pass,False,1,71
England,16,93,Eberechi EZE,Deflected Off Target - Defensive Event,Left Foot,Pass,False,1,71
Croatia,0,16,Nikola VLASIC,Off Target,Right Foot,Pass,False,1,72
Croatia,1,20,Marin PONGRACIC,Off Target,Head,Freekick,False,1,72
Croatia,2,29,Ivan PERISIC,On Target - Saved,Head,Freekick,False,1,72
Croatia,3,30,Petar SUCIC,On Target - Goal,Right Foot,Pass,True,1,72
Croatia,4,37,Mateo KOVACIC,Incomplete - Blocked,Right Foot,Pass,False,1,72
Croatia,5,81,Mario PASALIC,On Target - Saved,Left Foot,Pass,False,1,72
Croatia,6,82,Nikola VLASIC,On Target - Goal,Head,Corner,True,1,72
Croatia,7,91,Mario PASALIC,Incomplete - Blocked,Left Foot,Pass,False,1,72
Ghana,0,39,Antoine SEMENYO,Off Target,Right Foot,Ball Progression,False,1,72
Ghana,1,46,Abdul FATAWU,Off Target,Left Foot,Pass,False,1,72
Ghana,2,56,Kamaldeen SULEMANA,Incomplete - Blocked,Left Foot,Loose Ball,False,1,72
Ghana,3,72,Derrick LUCKASSEN,On Target - Goal,Left Foot,Freekick,True,1,72
Ghana,4,93,Marvin SENAYA,Incomplete - Blocked,Right Foot,Loose Ball,False,1,72
Ghana,5,96,Abdul FATAWU,Off Target,Left Foot,Ball Progression,False,1,72
South Africa,0,5,Teboho MOKOENA,On Target - Saved,Right Foot,Pass,False,1,73
South Africa,1,22,Teboho MOKOENA,Incomplete - Blocked,Right Foot,Pass,False,1,73
South Africa,2,35,Ime OKON,Off Target,Head,Corner,False,1,73
South Africa,3,61,Oswin APPOLLIS,Off Target,Right Foot,Loose Ball,False,1,73
South Africa,4,74,Thalente MBATHA,Off Target,Right Foot,Pass,False,1,73
South Africa,5,84,Oswin APPOLLIS,Off Target - Saved,Right Foot,Ball Progression,False,1,73
Canada,0,6,Stephen EUSTAQUIO,Off Target,Right Foot,Loose Ball,False,1,73
Canada,1,16,Jonathan DAVID,Off Target,Right Foot,Corner,False,1,73
Canada,2,21,Derek CORNELIUS,On Target - Saved,Head,Freekick,False,1,73
Canada,3,34,Tani OLUWASEYI,On Target - Saved,Left Foot,Pass,False,1,73
Canada,4,40,Tani OLUWASEYI,Off Target,Head,Freekick,False,1,73
Canada,5,43,Moise BOMBITO,On Target - Goal Prevented,Head,Corner,False,1,73
Canada,6,43,Tajon BUCHANAN,On Target - Saved,Right Foot,Loose Ball,False,1,73
Canada,7,64,Tani OLUWASEYI,Deflected On Target - Saved,Left Foot,Pass,False,1,73
Canada,8,65,Luc DE FOUGEROLLES,Off Target,Head,Corner,False,1,73
Canada,9,75,Promise DAVID,Off Target,Right Foot,Pass,False,1,73
Canada,10,77,Jonathan DAVID,On Target - Saved,Left Foot,Pass,False,1,73
Canada,11,91,Stephen EUSTAQUIO,On Target - Goal,Right Foot,Loose Ball,True,1,73
Brazil,0,1,BRUNO GUIMARAES,Deflected Off Target - Defensive Event,Left Foot,Other,False,1,74
Brazil,1,9,BRUNO GUIMARAES,Deflected Off Target - Defensive Event,Left Foot,Pass,False,2,74
Brazil,2,13,MATHEUS CUNHA,Off Target - Saved,Left Foot,Pass,False,2,74
Brazil,3,13,BRUNO GUIMARAES,Off Target,Right Foot,Pass,False,2,74
Brazil,4,33,VINICIUS JUNIOR,On Target - Saved,Right Foot,Pass,False,2,74
Brazil,5,34,LUCAS PAQUETA,Incomplete - Blocked,Left Foot,Pass,False,2,74
Brazil,6,37,MATHEUS CUNHA,On Target - Saved,Right Foot,Pass,False,2,74
Brazil,7,45,LUCAS PAQUETA,Off Target,Head,Pass,False,2,74
Brazil,8,51,BRUNO GUIMARAES,On Target - Saved,Head,Pass,False,2,74
Brazil,9,52,ENDRICK,Incomplete - Player On Ball Error,Left Foot,Cross,False,2,74
Brazil,10,53,CASEMIRO,On Target - Goal Prevented,Head,Pass,False,2,74
Brazil,11,55,CASEMIRO,On Target - Goal,Head,Pass,True,2,74
Brazil,12,57,VINICIUS JUNIOR,On Target - Saved,Right Foot,Ball Progression,False,2,74
Brazil,13,57,MATHEUS CUNHA,Off Target,Right Foot,Loose Ball,False,2,74
Brazil,14,73,RAYAN,Deflected Off Target - Defensive Event,Head,Pass,False,2,74
Brazil,15,76,GABRIEL MARTINELLI,Off Target,Right Foot,Loose Ball,False,2,74
Brazil,16,88,VINICIUS JUNIOR,Deflected Off Target - Defensive Event,Right Foot,Pass,False,2,74
Brazil,0,93,FABINHO,Off Target,Head,Corner,False,1,74
Brazil,1,95,GABRIEL MARTINELLI,On Target - Goal,Right Foot,Pass,True,2,74
Japan,0,15,Daichi KAMADA,Deflected Off Target - Defensive Event,Right Foot,Freekick,False,1,74
Japan,1,27,Ayase UEDA,Off Target,Head,Corner,False,1,74
Japan,2,28,Kaishu SANO,On Target - Goal,Right Foot,Ball Progression,True,1,74
Japan,3,44,Junya ITO,Incomplete - Blocked,Left Foot,Pass,False,1,74
Japan,4,63,Ayase UEDA,Deflected On Target - Saved,Right Foot,Pass,False,1,74
Germany,0,5,Deniz UNDAV,Off Target,Right Foot,Pass,False,1,75
Germany,1,7,Florian WIRTZ,Off Target,Right Foot,Loose Ball,False,2,75
Germany,2,32,Kai HAVERTZ,Incomplete - Blocked,Left Foot,Pass,False,2,75
Germany,3,44,Joshua KIMMICH,Off Target,Left Foot,Loose Ball,False,2,75
Germany,4,47,Joshua KIMMICH,Off Target - Saved,Right Foot,Cross,False,2,75
Germany,5,53,Kai HAVERTZ,On Target - Goal,Head,Cross,True,2,75
Germany,6,55,Leon GORETZKA,Incomplete - Blocked,Right Foot,Loose Ball,False,2,75
Germany,7,55,Aleksandar PAVLOVIC,Incomplete - Blocked,Right Foot,Loose Ball,False,2,75
Germany,8,65,Leroy SANE,Deflected Off Target - Defensive Event,Left Foot,Freekick,False,2,75
Germany,9,77,Kai HAVERTZ,On Target - Saved,Head,Cross,False,2,75
Germany,10,79,Florian WIRTZ,Incomplete - Blocked,Right Foot,Freekick,False,2,75
Germany,11,85,Leon GORETZKA,Incomplete - Referee Event,Head,Corner,False,2,75
Germany,12,90,Joshua KIMMICH,Deflected Off Target - Defensive Event,Right Foot,Pass,False,2,75
Germany,13,91,Jonathan TAH,On Target - Saved,Head,Corner,False,2,75
Germany,14,92,Nick WOLTEMADE,Incomplete - Blocked,Left Foot,Loose Ball,False,2,75
Germany,15,92,Joshua KIMMICH,Incomplete - Blocked,Right Foot,Loose Ball,False,2,75
Germany,16,96,Nick WOLTEMADE,Incomplete - Blocked,Left Foot,Other,False,2,75
Germany,0,109,Kai HAVERTZ,On Target - Saved,Head,Cross,False,1,75
Germany,1,110,Joshua KIMMICH,On Target - Saved,Right Foot,Other,False,2,75
Germany,2,118,Waldemar ANTON,On Target - Saved,Head,Corner,False,2,75
Germany,3,120,Nadiem AMIRI,Off Target,Right Foot,Freekick,False,2,75
Paraguay,0,1,Junior ALONSO,On Target - Saved,Left Foot,Corner,False,1,75
Paraguay,1,41,Julio ENCISO,On Target - Goal,Head,Cross,True,1,75
Paraguay,2,49,Julio ENCISO,Off Target - Saved,Right Foot,Interception,False,1,75
Paraguay,3,58,Gustavo CABALLERO,On Target - Saved,Head,Cross,False,1,75
Paraguay,4,69,Gustavo GOMEZ,Off Target - Saved,Head,Corner,False,1,75
Paraguay,5,92,Miguel ALMIRON,Deflected Off Target - Defensive Event,Left Foot,Loose Ball,False,1,75
Netherlands,0,6,Ryan GRAVENBERCH,Incomplete - Blocked,Left Foot,Loose Ball,False,1,76
Netherlands,1,36,Denzel DUMFRIES,Deflected Off Target - Defensive Event,Head,Corner,False,1,76
Netherlands,2,43,Micky VAN DE VEN,Off Target - Saved,Left Foot,Pass,False,1,76
Netherlands,3,47,Micky VAN DE VEN,On Target - Saved,Head,Other,False,1,76
Netherlands,4,58,Ryan GRAVENBERCH,Incomplete - Blocked,Left Foot,Loose Ball,False,1,76
Netherlands,5,71,Cody GAKPO,On Target - Goal,Right Foot,Pass,True,1,76
Morocco,0,19,Neil EL AYNAOUI,On Target - Saved,Head,Corner,False,1,76
Morocco,1,19,Ayyoub BOUADDI,Off Target,Right Foot,Pass,False,1,76
Morocco,2,20,Achraf HAKIMI,On Target - Saved,Right Foot,Pass,False,1,76
Morocco,3,47,Azzedine OUNAHI,Off Target,Right Foot,Loose Ball,False,1,76
Morocco,4,48,Ayyoub BOUADDI,Off Target,Left Foot,Pass,False,1,76
Morocco,5,51,Achraf HAKIMI,Off Target,Right Foot,Pass,False,1,76
Morocco,6,55,Achraf HAKIMI,Incomplete - Blocked,Right Foot,Pass,False,1,76
Morocco,7,57,Bilal EL KHANNOUSS,Deflected On Target - Saved,Right Foot,Loose Ball,False,1,76
Morocco,8,77,Anass SALAH EDDINE,Incomplete - Blocked,Left Foot,Loose Ball,False,1,76
Morocco,9,90,Issa DIOP,On Target - Goal,Head,Cross,True,1,76
Morocco,10,96,Soufiane RAHIMI,On Target - Saved,Right Foot,Ball Progression,False,1,76
Côte d'Ivoire,0,7,Yan DIOMANDE,Incomplete - Player On Ball Error,Head,Other,False,1,77
Côte d'Ivoire,1,20,Ghislain KONAN,Off Target,Right Foot,Ball Progression,False,1,77
Côte d'Ivoire,2,27,Nicolas PEPE,Incomplete - Player On Ball Error,Right Foot,Cross,False,1,77
Côte d'Ivoire,3,34,Emmanuel AGBADOU,On Target - Saved,Right Foot,Loose Ball,False,1,77
Côte d'Ivoire,4,46,Emmanuel AGBADOU,Off Target,Head,Freekick,False,1,77
Côte d'Ivoire,5,51,Ibrahim SANGARE,Off Target,Right Foot,Loose Ball,False,1,77
Côte d'Ivoire,6,54,Nicolas PEPE,On Target - Saved,Left Foot,Loose Ball,False,1,77
Côte d'Ivoire,7,56,Franck KESSIE,Deflected On Target - Saved,Right Foot,Pass,False,1,77
Côte d'Ivoire,8,58,Emmanuel AGBADOU,Off Target,Right Foot,Pass,False,1,77
Côte d'Ivoire,9,63,Guela DOUE,Incomplete - Blocked,Left Foot,Pass,False,1,77
Côte d'Ivoire,10,71,Ghislain KONAN,Incomplete - Blocked,Right Foot,Pass,False,1,77
Côte d'Ivoire,11,73,Amad DIALLO,On Target - Goal,Left Foot,Ball Progression,True,1,77
Côte d'Ivoire,12,95,Amad DIALLO,On Target - Saved,Left Foot,Freekick,False,1,77
Côte d'Ivoire,13,97,Evann GUESSAND,Incomplete - Player On Ball Error,Head,Corner,False,1,77
Norway,0,2,Erling HAALAND,Incomplete - Blocked,Head,Cross,False,1,77
Norway,1,36,Erling HAALAND,On Target - Saved,Head,Cross,False,1,77
Norway,2,37,Martin ODEGAARD,Incomplete - Blocked,Left Foot,Pass,False,1,77
Norway,3,38,Antonio NUSA,On Target - Goal,Right Foot,Pass,True,1,77
Norway,4,41,Erling HAALAND,Deflected Off Target - Defensive Event,Left Foot,Other,False,1,77
Norway,5,41,Alexander SORLOTH,Incomplete,Head,Corner,False,1,77
Norway,6,66,Torbjorn HEGGEM,On Target - Goal Prevented,Right Foot,Pass,False,1,77
Norway,7,85,Erling HAALAND,On Target - Goal,Left Foot,Cross,True,1,77
Norway,8,89,Andreas SCHJELDERUP,Off Target,Right Foot,Other,False,1,77
France,0,14,Lucas DIGNE,On Target - Saved,Left Foot,Loose Ball,False,1,78
France,1,16,Kylian MBAPPE,On Target - Saved,Right Foot,Pass,False,2,78
France,2,18,Bradley BARCOLA,Off Target,Left Foot,Ball Progression,False,2,78
France,3,27,Ousmane DEMBELE,Deflected Off Target - Defensive Event,Right Foot,Pass,False,2,78
France,4,29,Adrien RABIOT,On Target - Saved,Left Foot,Pass,False,2,78
France,5,31,Kylian MBAPPE,Off Target,Right Foot,Cross,False,2,78
France,6,32,Adrien RABIOT,Off Target,Left Foot,Pass,False,2,78
France,7,35,Michael OLISE,Off Target,Left Foot,Loose Ball,False,2,78
France,8,35,Ousmane DEMBELE,Off Target,Left Foot,Other,False,2,78
France,9,38,Dayot UPAMECANO,Incomplete - Player On Ball Error,Head,Freekick,False,2,78
France,10,39,Kylian MBAPPE,On Target - Saved,Right Foot,Pass,False,2,78
France,11,41,Michael OLISE,Off Target,Left Foot,Pass,False,2,78
France,12,43,Jules KOUNDE,Incomplete - Defensive Event,Left Foot,Loose Ball,False,2,78
France,13,44,Michael OLISE,On Target - Saved,Left Foot,Pass,False,2,78
France,14,44,Kylian MBAPPE,On Target - Goal,Right Foot,Ball Progression,True,2,78
France,15,49,Aurelien TCHOUAMENI,Off Target,Right Foot,Pass,False,2,78
France,16,52,Bradley BARCOLA,On Target - Goal,Right Foot,Pass,True,2,78
France,0,60,Michael OLISE,On Target - Saved,Left Foot,Pass,False,1,78
France,1,64,Michael OLISE,Deflected Off Target - Defensive Event,Left Foot,Pass,False,2,78
France,2,65,Dayot UPAMECANO,Incomplete - Defensive Event,Right Foot,Pass,False,2,78
France,3,70,Michael OLISE,On Target - Saved,Left Foot,Pass,False,2,78
France,4,73,Kylian MBAPPE,On Target - Goal,Right Foot,Pass,True,2,78
France,5,80,Desire DOUE,On Target - Saved,Right Foot,Ball Progression,False,2,78
France,6,81,Bradley BARCOLA,On Target - Saved,Left Foot,Ball Progression,False,2,78
France,7,91,Jean-Philippe MATETA,Off Target,Left Foot,Cross,False,2,78
Sweden,0,2,Alexander ISAK,Deflected On Target - Saved,Right Foot,Pass,False,1,78
Sweden,1,27,Alexander ISAK,Off Target - Saved,Right Foot,Freekick,False,1,78
Sweden,2,46,Elliot STROUD,Off Target,Right Foot,Loose Ball,False,1,78
Sweden,3,56,Lucas BERGVALL,Off Target,Head,Corner,False,1,78
Sweden,4,85,Mattias SVANBERG,Off Target,Right Foot,Loose Ball,False,1,78
Sweden,5,88,Viktor GYOKERES,On Target - Saved,Right Foot,Loose Ball,False,1,78
Sweden,6,93,Gustaf NILSSON,Incomplete - Player On Ball Error,Head,Cross,False,1,78
Sweden,7,93,Mattias SVANBERG,On Target - Saved,Right Foot,Pass,False,1,78
Mexico,0,3,Roberto ALVARADO,Incomplete - Blocked,Left Foot,Pass,False,1,79
Mexico,1,4,Gilberto MORA,Off Target,Right Foot,Pass,False,1,79
Mexico,2,5,Luis ROMO,Off Target,Right Foot,Pass,False,1,79
Mexico,3,6,Raul JIMENEZ,Off Target,Head,Cross,False,1,79
Mexico,4,13,Roberto ALVARADO,Deflected Off Target - Defensive Event,Right Foot,Pass,False,1,79
Mexico,5,14,Gilberto MORA,Off Target,Right Foot,Loose Ball,False,1,79
Mexico,6,21,Julian QUINONES,On Target - Goal,Right Foot,Pass,True,1,79
Mexico,7,30,Raul JIMENEZ,On Target - Goal,Right Foot,Pass,True,1,79
Mexico,8,43,Raul JIMENEZ,Off Target,Head,Cross,False,1,79
Mexico,9,44,Raul JIMENEZ,Off Target,Right Foot,Pass,False,1,79
Mexico,10,45,Roberto ALVARADO,Off Target,Left Foot,Pass,False,1,79
Mexico,11,51,Gilberto MORA,Incomplete - Blocked,Right Foot,Pass,False,1,79
Mexico,12,66,Cesar MONTES,On Target - Saved,Head,Corner,False,1,79
Mexico,13,66,Johan VASQUEZ,Off Target,Head,Corner,False,1,79
Mexico,14,91,Orbelin PINEDA,Off Target,Right Foot,Pass,False,1,79
Ecuador,0,17,John YEBOAH,Off Target,Left Foot,Ball Progression,False,1,79
Ecuador,1,39,John YEBOAH,On Target - Saved,Left Foot,Pass,False,1,79
Ecuador,2,50,Pedro VITE,Off Target,Left Foot,Pass,False,1,79
Ecuador,3,73,Kevin RODRIGUEZ,Off Target,Right Foot,Pass,False,1,79
Ecuador,4,84,Moises CAICEDO,Off Target,Right Foot,Other,False,1,79
Ecuador,5,87,Yaimar MEDINA,Incomplete,Head,Pass,False,1,79
Ecuador,6,88,Jordy CAICEDO,Incomplete - Blocked,Left Foot,Other,False,1,79
England,0,29,Jude BELLINGHAM,On Target - Saved,Head,Pass,False,1,80
England,1,34,Harry KANE,Incomplete - Blocked,Right Foot,Loose Ball,False,1,80
England,2,34,Nico OREILLY,Incomplete - Player On Ball Error,Lower Body,Pass,False,1,80
England,3,34,Marcus RASHFORD,On Target - Goal Prevented,Right Foot,Loose Ball,False,1,80
England,4,35,Noni MADUEKE,Incomplete - Blocked,Left Foot,Loose Ball,False,1,80
England,5,38,Noni MADUEKE,Incomplete - Blocked,Left Foot,Pass,False,1,80
England,6,46,Jude BELLINGHAM,On Target - Saved,Head,Cross,False,1,80
England,7,50,Harry KANE,On Target - Saved,Right Foot,Corner,False,1,80
England,8,50,Marcus RASHFORD,Off Target,Left Foot,Ball Progression,False,1,80
England,9,53,Marcus RASHFORD,Off Target,Head,Cross,False,1,80
England,10,74,Harry KANE,On Target - Goal,Head,Cross,True,1,80
England,11,78,Elliot ANDERSON,Off Target,Right Foot,Pass,False,1,80
England,12,84,Anthony GORDON,Incomplete - Player On Ball Error,Head,Cross,False,1,80
England,13,85,Jude BELLINGHAM,On Target - Saved,Left Foot,Pass,False,1,80
England,14,85,Harry KANE,On Target - Goal,Right Foot,Pass,True,1,80
England,15,89,Harry KANE,Off Target,Right Foot,Pass,False,1,80
Congo DR,0,6,Brian CIPENGA,On Target - Goal,Right Foot,Pass,True,1,80
Congo DR,1,31,Brian CIPENGA,Off Target,Right Foot,Pass,False,1,80
Congo DR,2,41,Yoane WISSA,Off Target,Right Foot,Cross,False,1,80
Congo DR,3,61,Brian CIPENGA,Incomplete - Blocked,Right Foot,Pass,False,1,80
Congo DR,4,62,Nathanael MBUKU,Deflected Off Target - Defensive Event,Left Foot,Pass,False,1,80
Congo DR,5,84,Meschack ELIA,On Target - Saved,Right Foot,Other,False,1,80
Congo DR,6,96,Yoane WISSA,Off Target,Right Foot,Freekick,False,1,80
Belgium,0,8,Leandro TROSSARD,On Target - Saved,Right Foot,Pass,False,1,81
Belgium,1,17,Kevin DE BRUYNE,Off Target,Right Foot,Pass,False,2,81
Belgium,2,44,Maxim DE CUYPER,On Target - Saved,Right Foot,Corner,False,2,81
Belgium,3,49,Maxim DE CUYPER,Incomplete - Blocked,Left Foot,Freekick,False,2,81
Belgium,4,50,Kevin DE BRUYNE,Off Target - Saved,Right Foot,Loose Ball,False,2,81
Belgium,5,55,Brandon MECHELE,Off Target,Head,Other,False,2,81
Belgium,6,59,Dodi LUKEBAKIO,Incomplete - Blocked,Left Foot,Pass,False,2,81
Belgium,7,59,Youri TIELEMANS,Deflected Off Target - Defensive Event,Right Foot,Pass,False,2,81
Belgium,8,61,Dodi LUKEBAKIO,Incomplete - Blocked,Left Foot,Pass,False,2,81
Belgium,9,76,Arthur THEATE,Incomplete - Blocked,Left Foot,Pass,False,2,81
Belgium,10,77,Dodi LUKEBAKIO,Off Target,Left Foot,Pass,False,2,81
Belgium,11,82,Timothy CASTAGNE,Off Target,Head,Cross,False,2,81
Belgium,12,83,Youri TIELEMANS,Off Target,Left Foot,Pass,False,2,81
Belgium,13,85,Romelu LUKAKU,On Target - Goal,Right Foot,Cross,True,2,81
Belgium,14,88,Youri TIELEMANS,On Target - Goal,Head,Pass,True,2,81
Belgium,15,92,Thomas MEUNIER,Incomplete - Defensive Event,Right Foot,Loose Ball,False,2,81
Belgium,16,103,Leandro TROSSARD,Incomplete - Blocked,Right Foot,Ball Progression,False,2,81
Belgium,0,106,Nicolas RASKIN,Off Target,Head,Cross,False,1,81
Belgium,1,124,Youri TIELEMANS,On Target - Goal,Right Foot,Penalty,True,2,81
Senegal,0,12,Ismaila SARR,Off Target,Right Foot,Loose Ball,False,1,81
Senegal,1,12,Ismaila SARR,Off Target,Right Foot,Other,False,2,81
Senegal,2,16,Idrissa Gana GUEYE,On Target - Saved,Right Foot,Loose Ball,False,2,81
Senegal,3,24,Ismaila SARR,Off Target,Head,Cross,False,2,81
Senegal,4,24,Habib DIARRA,On Target - Goal,Right Foot,Other,True,2,81
Senegal,5,36,Sadio MANE,On Target - Saved,Right Foot,Pass,False,2,81
Senegal,6,45,Pape GUEYE,Off Target,Left Foot,Loose Ball,False,2,81
Senegal,7,45,Pape GUEYE,Incomplete - Blocked,Right Foot,Pass,False,2,81
Senegal,8,45,Iliman NDIAYE,Off Target,Left Foot,Loose Ball,False,2,81
Senegal,9,50,Habib DIARRA,Off Target,Left Foot,Cross,False,2,81
Senegal,10,50,Ismaila SARR,On Target - Goal,Right Foot,Pass,True,2,81
Senegal,11,87,Ibrahim MBAYE,Off Target,Right Foot,Pass,False,2,81
Senegal,12,95,Idrissa Gana GUEYE,Off Target,Right Foot,Pass,False,2,81
Senegal,13,108,Ibrahim MBAYE,Off Target,Left Foot,Cross,False,2,81
Senegal,14,112,Bara Sapoko NDIAYE,On Target - Saved,Left Foot,Pass,False,2,81
Senegal,15,126,Pape Matar SARR,Off Target,Left Foot,Pass,False,2,81
Senegal,16,130,Pathe CISS,Incomplete - Blocked,Right Foot,Pass,False,2,81
Senegal,0,130,Ismaila SARR,Incomplete - Blocked,Right Foot,Loose Ball,False,1,81
USA,0,3,Christian PULISIC,Deflected Off Target - Defensive Event,Right Foot,Pass,False,1,82
USA,1,14,Folarin BALOGUN,Off Target,Right Foot,Cross,False,1,82
USA,2,41,Folarin BALOGUN,Off Target,Right Foot,Freekick,False,1,82
USA,3,44,Folarin BALOGUN,On Target - Goal,Left Foot,Loose Ball,True,1,82
USA,4,52,Folarin BALOGUN,Off Target,Right Foot,Pass,False,1,82
USA,5,78,Malik TILLMAN,Incomplete - Referee Event,Left Foot,Cross,False,1,82
USA,6,81,Malik TILLMAN,On Target - Goal,Right Foot,Freekick,True,1,82
USA,7,95,Alex FREEMAN,Off Target,Right Foot,Loose Ball,False,1,82
Bosnia and Herzegovina,0,9,Ermedin DEMIROVIC,On Target - Saved,Right Foot,Pass,False,1,82
Bosnia and Herzegovina,1,55,Nikola KATIC,Off Target,Right Foot,Pass,False,1,82
Bosnia and Herzegovina,2,65,Ermedin DEMIROVIC,Deflected On Target - Saved,Right Foot,Loose Ball,False,1,82
Bosnia and Herzegovina,3,67,Esmir BAJRAKTAREVIC,On Target - Saved,Left Foot,Loose Ball,False,1,82
Bosnia and Herzegovina,4,73,Amar DEDIC,Incomplete - Blocked,Left Foot,Pass,False,1,82
Bosnia and Herzegovina,5,76,Kerim ALAJBEGOVIC,Incomplete - Blocked,Left Foot,Loose Ball,False,1,82
Bosnia and Herzegovina,6,89,Amar MEMIC,Incomplete - Blocked,Right Foot,Cross,False,1,82
Bosnia and Herzegovina,7,91,Kerim ALAJBEGOVIC,Off Target,Right Foot,Pass,False,1,82
Bosnia and Herzegovina,8,97,Ermin MAHMIC,Off Target,Right Foot,Pass,False,1,82
Bosnia and Herzegovina,9,98,Ermin MAHMIC,Off Target,Right Foot,Pass,False,1,82
Spain,0,1,Lamine YAMAL,On Target - Saved,Left Foot,Pass,False,1,83
Spain,1,7,Dani OLMO,Incomplete,Right Foot,Cross,False,2,83
Spain,2,7,Aymeric LAPORTE,Off Target,Head,Corner,False,2,83
Spain,3,31,Lamine YAMAL,Off Target - Saved,Left Foot,Ball Progression,False,2,83
Spain,4,32,Mikel OYARZABAL,On Target - Saved,Left Foot,Ball Progression,False,2,83
Spain,5,35,Mikel OYARZABAL,On Target - Goal,Left Foot,Cross,True,2,83
Spain,6,37,Lamine YAMAL,On Target - Saved,Right Foot,Ball Progression,False,2,83
Spain,7,38,Mikel OYARZABAL,Incomplete - Blocked,Left Foot,Pass,False,2,83
Spain,8,41,Aymeric LAPORTE,Off Target,Left Foot,Pass,False,2,83
Spain,9,46,Alex BAENA,On Target - Saved,Right Foot,Freekick,False,2,83
Spain,10,46,Lamine YAMAL,On Target - Saved,Left Foot,Loose Ball,False,2,83
Spain,11,48,Mikel OYARZABAL,On Target - Saved,Left Foot,Ball Progression,False,2,83
Spain,12,51,Mikel OYARZABAL,Off Target,Head,Corner,False,2,83
Spain,13,53,RODRI,Deflected Off Target - Defensive Event,Right Foot,Pass,False,2,83
Spain,14,57,Alex BAENA,Incomplete - Blocked,Right Foot,Pass,False,2,83
Spain,15,58,Lamine YAMAL,Incomplete - Blocked,Left Foot,Pass,False,2,83
Spain,16,61,Dani OLMO,Incomplete - Blocked,Right Foot,Pass,False,2,83
Spain,0,65,Dani OLMO,Incomplete - Blocked,Right Foot,Pass,False,1,83
Spain,1,65,Pedro PORRO,On Target - Goal,Head,Cross,True,2,83
Spain,2,77,Ferran TORRES,Off Target,Head,Corner,False,2,83
Spain,3,84,Lamine YAMAL,On Target - Goal Prevented,Left Foot,Loose Ball,False,2,83
Spain,4,88,Mikel OYARZABAL,On Target - Goal,Right Foot,Cross,True,2,83
Spain,5,94,Ferran TORRES,Off Target,Right Foot,Pass,False,2,83
Austria,0,34,David ALABA,Off Target,Left Foot,Loose Ball,False,1,83
Austria,1,44,Nicolas SEIWALD,Incomplete - Blocked,Left Foot,Cross,False,1,83
Austria,2,60,Sasa KALAJDZIC,Off Target,Head,Cross,False,1,83
Austria,3,78,Carney CHUKWUEMEKA,Off Target,Right Foot,Pass,False,1,83
Austria,4,81,Stefan POSCH,Off Target,Head,Cross,False,1,83
Portugal,0,3,BRUNO FERNANDES,On Target - Saved,Right Foot,Cross,False,1,84
Portugal,1,3,BRUNO FERNANDES,Deflected Off Target - Defensive Event,Right Foot,Other,False,1,84
Portugal,2,3,VITINHA,Incomplete - Blocked,Right Foot,Loose Ball,False,1,84
Portugal,3,6,JOAO CANCELO,Off Target,Right Foot,Loose Ball,False,1,84
Portugal,4,12,CRISTIANO RONALDO,Incomplete - Blocked,Right Foot,Freekick,False,1,84
Portugal,5,15,RENATO VEIGA,Off Target,Head,Corner,False,1,84
Portugal,6,23,JOAO NEVES,Off Target,Left Foot,Corner,False,1,84
Portugal,7,33,NUNO MENDES,Deflected Off Target - Defensive Event,Right Foot,Ball Progression,False,1,84
Portugal,8,45,RAFAEL LEAO,Off Target,Lower Body,Loose Ball,False,1,84
Portugal,9,57,RAFAEL LEAO,Off Target,Right Foot,Pass,False,1,84
Portugal,10,67,CRISTIANO RONALDO,On Target - Goal,Right Foot,Penalty,True,1,84
Portugal,11,86,RENATO VEIGA,Off Target,Head,Corner,False,1,84
Portugal,12,90,GONCALO RAMOS,Off Target,Head,Corner,False,1,84
Portugal,13,93,GONCALO RAMOS,On Target - Goal,Head,Cross,True,1,84
Portugal,14,101,FRANCISCO CONCEICAO,Incomplete - Player On Ball Error,Left Foot,Pass,False,1,84
Croatia,0,2,Ante BUDIMIR,Off Target - Saved,Left Foot,Pass,False,1,84
Croatia,1,9,Ante BUDIMIR,Off Target,Head,Cross,False,1,84
Croatia,2,27,Martin BATURINA,Incomplete - Blocked,Left Foot,Pass,False,1,84
Croatia,3,47,Mateo KOVACIC,On Target - Saved,Left Foot,Ball Progression,False,1,84
Croatia,4,48,Nikola VLASIC,Off Target,Right Foot,Loose Ball,False,1,84
Croatia,5,52,Ivan PERISIC,On Target - Goal,Left Foot,Loose Ball,True,1,84
Croatia,6,58,Petar SUCIC,On Target - Saved,Right Foot,Pass,False,1,84
Croatia,7,74,Mateo KOVACIC,On Target - Saved,Right Foot,Ball Progression,False,1,84
Croatia,8,74,Mateo KOVACIC,On Target - Saved,Right Foot,Pass,False,1,84
Croatia,9,75,Igor MATANOVIC,Off Target,Head,Corner,False,1,84
Croatia,10,76,Igor MATANOVIC,On Target - Saved,Right Foot,Ball Progression,False,1,84
Croatia,11,88,Mario PASALIC,Off Target,Head,Cross,False,1,84
Croatia,12,98,Igor MATANOVIC,Incomplete - Blocked,Head,Corner,False,1,84
Switzerland,0,10,Breel EMBOLO,On Target - Goal,Left Foot,Cross,True,1,85
Switzerland,1,15,Denis ZAKARIA,On Target - Saved,Right Foot,Pass,False,1,85
Switzerland,2,24,Ricardo RODRIGUEZ,Off Target,Left Foot,Pass,False,1,85
Switzerland,3,36,Denis ZAKARIA,Off Target,Head,Freekick,False,1,85
Switzerland,4,45,Dan NDOYE,On Target - Goal,Right Foot,Loose Ball,True,1,85
Switzerland,5,64,Nico ELVEDI,Incomplete - Blocked,Head,Corner,False,1,85
Switzerland,6,74,Fabian RIEDER,On Target - Goal Prevented,Left Foot,Loose Ball,False,1,85
Switzerland,7,79,Breel EMBOLO,Off Target,Right Foot,Pass,False,1,85
Switzerland,8,80,Fabian RIEDER,Off Target - Saved,Left Foot,Cross,False,1,85
Switzerland,9,95,Noah OKAFOR,Incomplete - Blocked,Right Foot,Pass,False,1,85
Switzerland,10,95,Remo FREULER,On Target - Saved,Right Foot,Loose Ball,False,1,85
Algeria,0,5,Houssem AOUAR,Incomplete - Player On Ball Error,Right Foot,Cross,False,1,85
Algeria,1,13,Houssem AOUAR,On Target - Saved,Right Foot,Pass,False,1,85
Algeria,2,17,Ibrahim MAZA,Incomplete - Blocked,Right Foot,Pass,False,1,85
Algeria,3,42,Fares CHAIBI,On Target - Saved,Right Foot,Pass,False,1,85
Algeria,4,46,Ibrahim MAZA,Off Target,Left Foot,Other,False,1,85
Algeria,5,49,Riyad MAHREZ,Incomplete - Blocked,Left Foot,Cross,False,1,85
Algeria,6,76,Jaouen HADJAM,Off Target,Right Foot,Ball Progression,False,1,85
Algeria,7,92,Ibrahim MAZA,Incomplete - Blocked,Right Foot,Pass,False,1,85
Australia,0,4,Cristian VOLPATO,Off Target,Left Foot,Ball Progression,False,1,86
Australia,1,14,Connor METCALFE,Deflected Off Target - Defensive Event,Right Foot,Loose Ball,False,1,86
Australia,2,14,Aiden ONEILL,Off Target,Left Foot,Pass,False,1,86
Australia,3,34,Aziz BEHICH,On Target - Saved,Left Foot,Pass,False,1,86
Australia,4,46,Cristian VOLPATO,Off Target,Left Foot,Ball Progression,False,1,86
Australia,5,47,Nestory IRANKUNDA,Deflected On Target - Defensive Event,Head,Cross,False,1,86
Australia,6,60,Nestory IRANKUNDA,Incomplete - Blocked,Right Foot,Loose Ball,False,1,86
Australia,7,77,Ajdin HRUSTIC,Incomplete - Blocked,Left Foot,Ball Progression,False,1,86
Australia,8,80,Connor METCALFE,Deflected Off Target - Defensive Event,Left Foot,Loose Ball,False,1,86
Australia,9,85,Ajdin HRUSTIC,Incomplete - Blocked,Left Foot,Pass,False,1,86
Australia,10,87,Jackson IRVINE,Incomplete,Upper Body,Corner,False,1,86
Australia,11,87,Kai TREWIN,Incomplete - Blocked,Right Foot,Loose Ball,False,1,86
Australia,12,105,Mohamed TOURE,Off Target,Head,Loose Ball,False,1,86
Australia,13,117,Awer MABIL,Incomplete - Blocked,Right Foot,Freekick,False,1,86
Australia,14,121,Alessandro CIRCATI,Incomplete - Blocked,Head,Freekick,False,1,86
Australia,15,121,Mohamed TOURE,Deflected Off Target - Defensive Event,Right Foot,Loose Ball,False,1,86
Egypt,0,12,EMAM ASHOUR,Incomplete - Blocked,Right Foot,Freekick,False,1,86
Egypt,1,12,EMAM ASHOUR,On Target - Goal,Head,Pass,True,1,86
Egypt,2,15,OMAR MARMOUSH,Incomplete - Blocked,Right Foot,Pass,False,1,86
Egypt,3,45,OMAR MARMOUSH,Off Target,Right Foot,Pass,False,1,86
Egypt,4,72,EMAM ASHOUR,Off Target,Right Foot,Loose Ball,False,1,86
Egypt,5,85,MARAWAN ATTIA,Incomplete - Blocked,Right Foot,Loose Ball,False,1,86
Egypt,6,92,RAMY RABIA,On Target - Saved,Head,Cross,False,1,86
Egypt,7,93,MOHAMED SALAH,On Target - Saved,Left Foot,Loose Ball,False,1,86
Egypt,8,94,MARAWAN ATTIA,Incomplete - Blocked,Right Foot,Pass,False,1,86
Egypt,9,95,HAISSEM HASSAN,Incomplete - Blocked,Right Foot,Pass,False,1,86
Egypt,10,92,MOHAMED SALAH,Off Target,Right Foot,Pass,False,2,86
Egypt,11,102,EMAM ASHOUR,Off Target,Left Foot,Pass,False,2,86
Egypt,12,108,MARAWAN ATTIA,Deflected On Target - Defensive Event,Right Foot,Pass,False,2,86
Egypt,13,111,EMAM ASHOUR,Deflected Off Target - Defensive Event,Left Foot,Pass,False,2,86
Argentina,0,14,Lionel MESSI,Off Target,Left Foot,Pass,False,1,87
Argentina,1,17,Lionel MESSI,On Target - Saved,Left Foot,Freekick,False,2,87
Argentina,2,28,Lionel MESSI,On Target - Goal,Left Foot,Pass,True,2,87
Argentina,3,44,Enzo FERNANDEZ,On Target - Saved,Right Foot,Loose Ball,False,2,87
Argentina,4,62,Lionel MESSI,On Target - Saved,Right Foot,Ball Progression,False,2,87
Argentina,5,66,Enzo FERNANDEZ,Off Target,Right Foot,Pass,False,2,87
Argentina,6,68,Lionel MESSI,On Target - Saved,Right Foot,Freekick,False,2,87
Argentina,7,72,Lionel MESSI,On Target - Saved,Left Foot,Freekick,False,2,87
Argentina,8,72,Nico GONZALEZ,Off Target,Head,Corner,False,2,87
Argentina,9,83,Nico GONZALEZ,Incomplete - Player On Ball Error,Head,Corner,False,2,87
Argentina,10,86,Alexis MAC ALLISTER,Deflected Off Target - Defensive Event,Right Foot,Loose Ball,False,2,87
Argentina,11,88,Alexis MAC ALLISTER,Incomplete - Blocked,Head,Pass,False,2,87
Argentina,12,91,Leandro PAREDES,On Target - Saved,Right Foot,Pass,False,2,87
Argentina,13,94,Lionel MESSI,Deflected On Target - Saved,Left Foot,Freekick,False,2,87
Argentina,14,94,Enzo FERNANDEZ,On Target - Saved,Head,Other,False,2,87
Argentina,15,91,Lisandro MARTINEZ,On Target - Goal,Left Foot,Pass,True,2,87
Argentina,16,97,Lionel MESSI,Incomplete - Blocked,Left Foot,Pass,False,2,87
Argentina,0,97,Julian ALVAREZ,Deflected Off Target - Defensive Event,Right Foot,Loose Ball,False,1,87
Argentina,1,98,Enzo FERNANDEZ,Incomplete - Blocked,Right Foot,Loose Ball,False,2,87
Argentina,2,105,Lionel MESSI,On Target - Saved,Left Foot,Loose Ball,False,2,87
Argentina,3,105,Gonzalo MONTIEL,Incomplete - Blocked,Right Foot,Other,False,2,87
Argentina,4,110,Cristian ROMERO,Deflected On Target - Defensive Event,Head,Corner,False,2,87
Cabo Verde,0,6,RYAN MENDES,Deflected Off Target - Defensive Event,Left Foot,Other,False,1,87
Cabo Verde,1,48,JOVANE CABRAL,Deflected Off Target - Defensive Event,Right Foot,Loose Ball,False,1,87
Cabo Verde,2,49,RYAN MENDES,Off Target,Right Foot,Other,False,1,87
Cabo Verde,3,53,DEROY DUARTE,On Target - Saved,Left Foot,Loose Ball,False,1,87
Cabo Verde,4,58,DEROY DUARTE,On Target - Goal,Right Foot,Pass,True,1,87
Cabo Verde,5,77,KEVIN PINA,Off Target,Right Foot,Freekick,False,1,87
Cabo Verde,6,96,DINEY BORGES,Incomplete - Player On Ball Error,Head,Loose Ball,False,1,87
Cabo Verde,7,96,STEVEN MOREIRA,Incomplete - Blocked,Right Foot,Pass,False,1,87
Cabo Verde,8,102,SIDNY LOPES CABRAL,On Target - Goal,Right Foot,Ball Progression,True,1,87
Cabo Verde,9,107,YANNICK SEMEDO,Off Target,Right Foot,Pass,False,1,87
Cabo Verde,10,113,WILLY SEMEDO,Incomplete - Blocked,Left Foot,Pass,False,1,87
Cabo Verde,11,115,SIDNY LOPES CABRAL,On Target - Saved,Right Foot,Freekick,False,1,87
Cabo Verde,12,118,DINEY BORGES,Deflected On Target - Saved,Head,Cross,False,1,87
Cabo Verde,13,120,HELIO VARELA,Deflected Off Target - Defensive Event,Right Foot,Pass,False,1,87
Cabo Verde,14,121,JAMIRO MONTEIRO,Incomplete - Defensive Event,Right Foot,Corner,False,1,87
Cabo Verde,15,121,HELIO VARELA,Off Target,Right Foot,Loose Ball,False,1,87
Colombia,0,13,Jhon ARIAS,On Target - Goal,Right Foot,Cross,True,1,88
Colombia,1,19,Luis DIAZ,On Target - Saved,Right Foot,Pass,False,2,88
Colombia,2,38,Luis DIAZ,Off Target,Right Foot,Loose Ball,False,2,88
Colombia,3,41,Luis SUAREZ,Off Target,Head,Cross,False,2,88
Colombia,4,45,Johan MOJICA,On Target - Saved,Head,Cross,False,2,88
Colombia,5,47,Richard RIOS,Off Target,Right Foot,Pass,False,2,88
Colombia,6,54,Gustavo PUERTA,On Target - Saved,Right Foot,Corner,False,2,88
Colombia,7,55,Davinson SANCHEZ,Off Target,Right Foot,Loose Ball,False,2,88
Colombia,8,57,Luis DIAZ,On Target - Saved,Right Foot,Pass,False,2,88
Colombia,9,76,Juan QUINTERO,Off Target,Left Foot,Freekick,False,2,88
Colombia,10,79,Luis DIAZ,Deflected Off Target - Defensive Event,Right Foot,Loose Ball,False,2,88
Colombia,11,80,Davinson SANCHEZ,On Target - Saved,Head,Corner,False,2,88
Colombia,12,83,Juan QUINTERO,Off Target,Left Foot,Pass,False,2,88
Colombia,13,86,Luis DIAZ,Deflected Off Target - Defensive Event,Right Foot,Pass,False,2,88
Colombia,14,91,Richard RIOS,Off Target,Head,Cross,False,2,88
Colombia,15,94,Jaminton CAMPAZ,Off Target,Left Foot,Pass,False,2,88
Colombia,16,94,Luis SUAREZ,Incomplete - Blocked,Right Foot,Pass,False,2,88
Colombia,0,94,Gustavo PUERTA,Incomplete - Defensive Event,Right Foot,Loose Ball,False,1,88
Colombia,1,95,Richard RIOS,On Target - Saved,Right Foot,Ball Progression,False,2,88
Colombia,2,95,Jaminton CAMPAZ,On Target - Saved,Left Foot,Other,False,2,88
Ghana,0,33,Inaki WILLIAMS,Incomplete - Blocked,Right Foot,Pass,False,1,88
Ghana,1,36,Antoine SEMENYO,Deflected Off Target - Defensive Event,Right Foot,Pass,False,1,88
Ghana,2,39,Inaki WILLIAMS,Off Target,Left Foot,Pass,False,1,88
Ghana,3,43,Antoine SEMENYO,Incomplete - Blocked,Right Foot,Pass,False,1,88
Ghana,4,43,Inaki WILLIAMS,Incomplete - Blocked,Left Foot,Loose Ball,False,1,88
Ghana,5,68,Antoine SEMENYO,Incomplete - Blocked,Left Foot,Ball Progression,False,1,88
Ghana,6,68,Thomas PARTEY,Off Target,Right Foot,Loose Ball,False,1,88
Paraguay,0,27,Junior ALONSO,Incomplete - Blocked,Left Foot,Ball Progression,False,1,89
Paraguay,1,27,Diego GOMEZ,Off Target,Right Foot,Loose Ball,False,1,89
Paraguay,2,49,Miguel ALMIRON,Deflected Off Target - Defensive Event,Left Foot,Ball Progression,False,1,89
Paraguay,3,86,Junior ALONSO,Off Target,Left Foot,Pass,False,1,89
Paraguay,4,89,MAURICIO,Off Target - Saved,Right Foot,Pass,False,1,89
France,0,21,Manu KONE,Deflected Off Target - Defensive Event,Left Foot,Pass,False,1,89
France,1,32,Adrien RABIOT,Off Target,Left Foot,Pass,False,1,89
France,2,37,Ousmane DEMBELE,Deflected Off Target - Defensive Event,Left Foot,Pass,False,1,89
France,3,42,Manu KONE,Off Target,Right Foot,Pass,False,1,89
France,4,44,Adrien RABIOT,Deflected Off Target - Defensive Event,Left Foot,Pass,False,1,89
France,5,48,Adrien RABIOT,Off Target,Left Foot,Pass,False,1,89
France,6,51,Ousmane DEMBELE,Off Target,Right Foot,Corner,False,1,89
France,7,53,Manu KONE,On Target - Saved,Right Foot,Pass,False,1,89
France,8,59,Bradley BARCOLA,Off Target,Right Foot,Pass,False,1,89
France,9,63,Kylian MBAPPE,Off Target,Right Foot,Pass,False,1,89
France,10,69,Kylian MBAPPE,On Target - Goal,Right Foot,Penalty,True,1,89
France,11,88,Kylian MBAPPE,On Target - Saved,Right Foot,Pass,False,1,89
France,12,90,Desire DOUE,Incomplete - Blocked,Right Foot,Pass,False,1,89
France,13,95,Kylian MBAPPE,On Target - Saved,Left Foot,Pass,False,1,89
France,14,95,Kylian MBAPPE,On Target - Saved,Left Foot,Other,False,1,89
Canada,0,4,Jonathan DAVID,On Target - Saved,Left Foot,Pass,False,1,90
Canada,1,9,Tani OLUWASEYI,On Target - Saved,Left Foot,Ball Progression,False,1,90
Canada,2,10,Tani OLUWASEYI,Incomplete - Player On Ball Error,Left Foot,Loose Ball,False,1,90
Canada,3,17,Alistair JOHNSTON,Incomplete - Blocked,Head,Corner,False,1,90
Canada,4,48,Luc DE FOUGEROLLES,Off Target,Right Foot,Pass,False,1,90
Canada,5,77,Jonathan DAVID,Off Target,Right Foot,Freekick,False,1,90
Canada,6,78,Tajon BUCHANAN,On Target - Saved,Right Foot,Pass,False,1,90
Canada,7,83,Jonathan DAVID,Incomplete - Blocked,Left Foot,Pass,False,1,90
Canada,8,89,Jonathan OSORIO,Incomplete - Blocked,Right Foot,Pass,False,1,90
Canada,9,96,Jayden NELSON,Incomplete - Blocked,Right Foot,Freekick,False,1,90
Morocco,0,28,Soufiane RAHIMI,Deflected On Target - Saved,Right Foot,Pass,False,1,90
Morocco,1,49,Azzedine OUNAHI,On Target - Goal,Right Foot,Freekick,True,1,90
Morocco,2,81,Azzedine OUNAHI,On Target - Goal,Right Foot,Pass,True,1,90
Morocco,3,84,Soufiane RAHIMI,Off Target,Head,Cross,False,1,90
Morocco,4,97,Soufiane RAHIMI,On Target - Goal,Left Foot,Pass,True,1,90
Brazil,0,13,BRUNO GUIMARAES,On Target - Saved,Right Foot,Penalty,False,1,91
Brazil,1,15,RAYAN,Off Target,Right Foot,Ball Progression,False,1,91
Brazil,2,30,DANILO,Incomplete - Player On Ball Error,Right Foot,Pass,False,1,91
Brazil,3,34,VINICIUS JUNIOR,Incomplete - Blocked,Right Foot,Pass,False,1,91
Brazil,4,39,CASEMIRO,Incomplete - Blocked,Left Foot,Pass,False,1,91
Brazil,5,39,VINICIUS JUNIOR,On Target - Saved,Left Foot,Ball Progression,False,1,91
Brazil,6,48,BRUNO GUIMARAES,Incomplete,Right Foot,Pass,False,1,91
Brazil,7,48,MATHEUS CUNHA,Incomplete - Player On Ball Error,Head,Loose Ball,False,1,91
Brazil,8,58,ENDRICK,Off Target,Left Foot,Pass,False,1,91
Brazil,9,60,ENDRICK,Deflected Off Target - Defensive Event,Left Foot,Pass,False,1,91
Brazil,10,61,RAYAN,Deflected On Target - Saved,Right Foot,Pass,False,1,91
Brazil,11,83,NEYMAR JR,Incomplete - Player On Ball Error,Right Foot,Ball Progression,False,1,91
Brazil,12,93,EDERSON SILVA,Incomplete - Blocked,Right Foot,Pass,False,1,91
Brazil,13,99,NEYMAR JR,On Target - Goal,Right Foot,Penalty,True,1,91
Norway,0,34,Martin ODEGAARD,Off Target,Left Foot,Loose Ball,False,1,91
Norway,1,36,Erling HAALAND,On Target - Saved,Left Foot,Cross,False,1,91
Norway,2,42,Martin ODEGAARD,Deflected Off Target - Defensive Event,Left Foot,Pass,False,1,91
Norway,3,47,Martin ODEGAARD,On Target - Saved,Left Foot,Loose Ball,False,1,91
Norway,4,48,Patrick BERG,Off Target,Right Foot,Ball Progression,False,1,91
Norway,5,66,Erling HAALAND,Off Target,Left Foot,Cross,False,1,91
Norway,6,74,Andreas SCHJELDERUP,On Target - Saved,Right Foot,Pass,False,1,91
Norway,7,79,Erling HAALAND,On Target - Goal,Head,Cross,True,1,91
Norway,8,89,Erling HAALAND,On Target - Goal,Left Foot,Pass,True,1,91
Mexico,0,2,Raul JIMENEZ,Incomplete - Blocked,Right Foot,Ball Progression,False,1,92
Mexico,1,14,Raul JIMENEZ,On Target - Saved,Head,Cross,False,2,92
Mexico,2,18,Gilberto MORA,Incomplete - Blocked,Right Foot,Pass,False,2,92
Mexico,3,31,Luis ROMO,Off Target,Right Foot,Pass,False,2,92
Mexico,4,41,Julian QUINONES,On Target - Goal,Right Foot,Loose Ball,True,2,92
Mexico,5,45,Raul JIMENEZ,Off Target,Left Foot,Pass,False,2,92
Mexico,6,47,Raul JIMENEZ,On Target - Saved,Head,Pass,False,2,92
Mexico,7,47,Julian QUINONES,Incomplete - Blocked,Right Foot,Pass,False,2,92
Mexico,8,56,Julian QUINONES,Off Target,Right Foot,Pass,False,2,92
Mexico,9,68,Raul JIMENEZ,On Target - Goal,Right Foot,Penalty,True,2,92
Mexico,10,77,Brian GUTIERREZ,Incomplete - Blocked,Right Foot,Pass,False,2,92
Mexico,11,79,Edson ALVAREZ,Incomplete - Player On Ball Error,Head,Corner,False,2,92
Mexico,12,81,Santiago GIMENEZ,Off Target,Left Foot,Pass,False,2,92
Mexico,13,88,Alvaro FIDALGO,Deflected On Target - Saved,Right Foot,Pass,False,2,92
Mexico,14,93,Jesus GALLARDO,Off Target,Right Foot,Pass,False,2,92
Mexico,15,95,Raul JIMENEZ,Incomplete - Blocked,Right Foot,Pass,False,2,92
Mexico,16,95,Edson ALVAREZ,Incomplete - Blocked,Right Foot,Pass,False,2,92
Mexico,0,96,Raul JIMENEZ,Off Target,Right Foot,Cross,False,1,92
Mexico,1,101,Raul JIMENEZ,Incomplete - Blocked,Right Foot,Loose Ball,False,2,92
Mexico,2,101,Alvaro FIDALGO,Deflected Off Target - Defensive Event,Right Foot,Loose Ball,False,2,92
England,0,25,Anthony GORDON,On Target - Saved,Right Foot,Ball Progression,False,1,92
England,1,35,Jude BELLINGHAM,On Target - Goal,Head,Cross,True,1,92
England,2,37,Jude BELLINGHAM,Deflected On Target - Goal,Right Foot,Cross,True,1,92
England,3,48,Nico OREILLY,Incomplete,Left Foot,Loose Ball,False,1,92
England,4,59,Harry KANE,On Target - Goal,Right Foot,Penalty,True,1,92
England,5,92,Jude BELLINGHAM,On Target - Saved,Right Foot,Pass,False,1,92
Portugal,0,6,JOAO CANCELO,Off Target,Right Foot,Pass,False,1,93
Portugal,1,9,PEDRO NETO,Incomplete - Blocked,Left Foot,Loose Ball,False,1,93
Portugal,2,11,CRISTIANO RONALDO,On Target - Saved,Right Foot,Pass,False,1,93
Portugal,3,36,CRISTIANO RONALDO,On Target - Saved,Right Foot,Loose Ball,False,1,93
Portugal,4,40,NUNO MENDES,Deflected Off Target - Defensive Event,Left Foot,Pass,False,1,93
Portugal,5,58,CRISTIANO RONALDO,Off Target - Saved,Right Foot,Pass,False,1,93
Portugal,6,75,VITINHA,Incomplete - Blocked,Right Foot,Pass,False,1,93
Portugal,7,75,BRUNO FERNANDES,Off Target,Right Foot,Loose Ball,False,1,93
Portugal,8,96,BERNARDO SILVA,Off Target,Head,Cross,False,1,93
Portugal,9,98,JOAO NEVES,Off Target,Head,Freekick,False,1,93
Spain,0,2,Mikel OYARZABAL,On Target - Saved,Left Foot,Ball Progression,False,1,93
Spain,1,7,Mikel OYARZABAL,Off Target,Left Foot,Pass,False,1,93
Spain,2,13,Alex BAENA,Off Target,Right Foot,Loose Ball,False,1,93
Spain,3,15,Lamine YAMAL,On Target - Saved,Left Foot,Pass,False,1,93
Spain,4,15,Alex BAENA,On Target - Saved,Right Foot,Other,False,1,93
Spain,5,22,Pedro PORRO,Incomplete,Right Foot,Loose Ball,False,1,93
Spain,6,30,Dani OLMO,Off Target,Head,Loose Ball,False,1,93
Spain,7,44,RODRI,Off Target,Right Foot,Loose Ball,False,1,93
Spain,8,60,PEDRI,Deflected Off Target - Defensive Event,Right Foot,Pass,False,1,93
Spain,9,61,Lamine YAMAL,Deflected Off Target - Defensive Event,Left Foot,Loose Ball,False,1,93
Spain,10,64,Alex BAENA,On Target - Saved,Left Foot,Loose Ball,False,1,93
Spain,11,72,Lamine YAMAL,On Target - Saved,Left Foot,Freekick,False,1,93
Spain,12,76,Ferran TORRES,Off Target,Right Foot,Pass,False,1,93
Spain,13,77,Dani OLMO,Deflected Off Target - Defensive Event,Right Foot,Pass,False,1,93
Spain,14,90,Mikel MERINO,On Target - Goal,Left Foot,Pass,True,1,93
USA,0,30,Malik TILLMAN,Deflected On Target - Goal,Right Foot,Freekick,True,1,94
USA,1,44,Alex FREEMAN,Incomplete - Player On Ball Error,Head,Other,False,1,94
USA,2,44,Folarin BALOGUN,Off Target,Right Foot,Loose Ball,False,1,94
USA,3,65,Alex FREEMAN,Off Target,Head,Corner,False,1,94
USA,4,78,Sebastian BERHALTER,Off Target,Left Foot,Loose Ball,False,1,94
USA,5,81,Folarin BALOGUN,On Target - Saved,Left Foot,Pass,False,1,94
USA,6,82,Folarin BALOGUN,Deflected Off Target - Defensive Event,Head,Corner,False,1,94
Belgium,0,1,Charles DE KETELAERE,On Target - Saved,Head,Corner,False,1,94
Belgium,1,7,Youri TIELEMANS,Incomplete - Player On Ball Error,Right Foot,Cross,False,1,94
Belgium,2,8,Charles DE KETELAERE,On Target - Goal,Right Foot,Cross,True,1,94
Belgium,3,13,Leandro TROSSARD,Off Target,Right Foot,Pass,False,1,94
Belgium,4,32,Charles DE KETELAERE,Deflected On Target - Goal,Head,Cross,True,1,94
Belgium,5,38,Nicolas RASKIN,On Target - Saved,Right Foot,Corner,False,1,94
Belgium,6,42,Dodi LUKEBAKIO,Off Target,Head,Freekick,False,1,94
Belgium,7,48,Dodi LUKEBAKIO,Off Target,Left Foot,Pass,False,1,94
Belgium,8,56,Hans VANAKEN,Deflected On Target - Goal,Right Foot,Loose Ball,True,1,94
Belgium,9,61,Leandro TROSSARD,Deflected Off Target - Defensive Event,Left Foot,Pass,False,1,94
Belgium,10,85,Leandro TROSSARD,Incomplete - Blocked,Left Foot,Pass,False,1,94
Belgium,11,92,Romelu LUKAKU,On Target - Goal,Right Foot,Loose Ball,True,1,94
Argentina,0,20,Lionel MESSI,On Target - Saved,Left Foot,Penalty,False,1,95
Argentina,1,27,Alexis MAC ALLISTER,On Target - Saved,Head,Cross,False,2,95
Argentina,2,28,Enzo FERNANDEZ,Deflected Off Target - Defensive Event,Left Foot,Pass,False,2,95
Argentina,3,30,Lionel MESSI,Off Target,Left Foot,Freekick,False,2,95
Argentina,4,37,Lionel MESSI,Off Target,Left Foot,Pass,False,2,95
Argentina,5,38,Julian ALVAREZ,On Target - Saved,Left Foot,Pass,False,2,95
Argentina,6,42,Julian ALVAREZ,Off Target,Right Foot,Pass,False,2,95
Argentina,7,46,Rodrigo DE PAUL,On Target - Saved,Right Foot,Pass,False,2,95
Argentina,8,52,Leandro PAREDES,Off Target,Right Foot,Ball Progression,False,2,95
Argentina,9,57,Leandro PAREDES,Deflected Off Target - Defensive Event,Right Foot,Pass,False,2,95
Argentina,10,60,Alexis MAC ALLISTER,Deflected Off Target - Defensive Event,Head,Freekick,False,2,95
Argentina,11,69,Lisandro MARTINEZ,Incomplete - Player On Ball Error,Left Foot,Loose Ball,False,2,95
Argentina,12,73,Lautaro MARTINEZ,Incomplete - Blocked,Left Foot,Cross,False,2,95
Argentina,13,74,Lautaro MARTINEZ,Off Target,Right Foot,Cross,False,2,95
Argentina,14,77,Lionel MESSI,Incomplete - Blocked,Right Foot,Pass,False,2,95
Argentina,15,78,Cristian ROMERO,On Target - Goal,Head,Cross,True,2,95
Argentina,16,81,Lautaro MARTINEZ,Off Target,Head,Cross,False,2,95
Argentina,0,82,Lionel MESSI,On Target - Goal,Left Foot,Pass,True,1,95
Argentina,1,91,Enzo FERNANDEZ,On Target - Goal,Head,Cross,True,2,95
Egypt,0,14,YASSER IBRAHIM,On Target - Goal,Head,Pass,True,1,95
Egypt,1,34,KARIM HAFEZ,Off Target,Right Foot,Interception,False,1,95
Egypt,2,66,MOSTAFA ZICO,On Target - Goal,Right Foot,Cross,True,1,95
Egypt,3,76,TREZEGUET,Off Target,Right Foot,Pass,False,1,95
Egypt,4,91,TREZEGUET,Incomplete - Blocked,Head,Cross,False,1,95
Switzerland,0,29,Fabian RIEDER,On Target - Saved,Left Foot,Loose Ball,False,1,96
Switzerland,1,31,Dan NDOYE,On Target - Saved,Left Foot,Pass,False,1,96
Switzerland,2,46,Djibril SOW,Off Target,Left Foot,Cross,False,1,96
Switzerland,3,52,Fabian RIEDER,Off Target,Left Foot,Freekick,False,1,96
Switzerland,4,60,Fabian RIEDER,Incomplete - Blocked,Left Foot,Ball Progression,False,1,96
Switzerland,5,90,Dan NDOYE,Incomplete - Player On Ball Error,Right Foot,Pass,False,1,96
Switzerland,6,113,Granit XHAKA,Off Target,Left Foot,Pass,False,1,96
Colombia,0,2,Jhon ARIAS,Incomplete - Blocked,Right Foot,Cross,False,1,96
Colombia,1,20,Gustavo PUERTA,On Target - Saved,Right Foot,Pass,False,1,96
Colombia,2,32,Luis DIAZ,Incomplete - Blocked,Right Foot,Pass,False,1,96
Colombia,3,38,Luis SUAREZ,Incomplete - Blocked,Right Foot,Pass,False,1,96
Colombia,4,38,Gustavo PUERTA,Incomplete - Player On Ball Error,Right Foot,Loose Ball,False,1,96
Colombia,5,59,Luis DIAZ,On Target - Saved,Left Foot,Other,False,1,96
Colombia,6,62,Luis SUAREZ,Off Target,Right Foot,Other,False,1,96
Colombia,7,92,Davinson SANCHEZ,Off Target,Right Foot,Loose Ball,False,1,96
Colombia,8,98,Jhon LUCUMI,Off Target,Head,Corner,False,1,96
Colombia,9,99,Richard RIOS,Off Target,Right Foot,Pass,False,1,96
Colombia,10,100,Jaminton CAMPAZ,On Target - Saved,Left Foot,Ball Progression,False,1,96
Colombia,11,105,Luis DIAZ,Deflected Off Target - Defensive Event,Right Foot,Pass,False,1,96
Colombia,12,111,Juan QUINTERO,Off Target,Left Foot,Pass,False,1,96
Colombia,13,114,Jaminton CAMPAZ,Off Target,Left Foot,Loose Ball,False,1,96
Colombia,14,116,Cucho HERNANDEZ,Incomplete - Player On Ball Error,Head,Freekick,False,1,96
France,0,3,Kylian MBAPPE,Off Target - Saved,Right Foot,Pass,False,1,97
France,1,3,Dayot UPAMECANO,On Target - Saved,Head,Cross,False,2,97
France,2,9,Desire DOUE,Incomplete - Blocked,Right Foot,Pass,False,2,97
France,3,17,Ousmane DEMBELE,Off Target,Head,Cross,False,2,97
France,4,19,Ousmane DEMBELE,Incomplete - Blocked,Left Foot,Pass,False,2,97
France,5,20,Adrien RABIOT,Off Target,Head,Cross,False,2,97
France,6,27,Kylian MBAPPE,On Target - Saved,Right Foot,Penalty,False,2,97
France,7,32,Ousmane DEMBELE,Off Target,Left Foot,Pass,False,2,97
France,8,34,Desire DOUE,On Target - Saved,Right Foot,Tackle,False,2,97
France,9,35,Jules KOUNDE,Deflected Off Target - Defensive Event,Head,Corner,False,2,97
France,10,45,Manu KONE,Incomplete - Blocked,Right Foot,Pass,False,2,97
France,11,46,Michael OLISE,Incomplete - Blocked,Left Foot,Pass,False,2,97
France,12,46,Lucas DIGNE,Off Target,Left Foot,Loose Ball,False,2,97
France,13,54,Desire DOUE,On Target - Saved,Right Foot,Pass,False,2,97
France,14,55,Kylian MBAPPE,Off Target,Right Foot,Pass,False,2,97
France,15,59,Kylian MBAPPE,On Target - Goal,Right Foot,Pass,True,2,97
France,16,65,Ousmane DEMBELE,On Target - Goal,Right Foot,Pass,True,2,97
France,0,85,Michael OLISE,Off Target,Left Foot,Pass,False,1,97
France,1,87,Bradley BARCOLA,On Target - Saved,Right Foot,Loose Ball,False,2,97
France,2,87,Jean-Philippe MATETA,Off Target,Head,Corner,False,2,97
France,3,93,Jean-Philippe MATETA,On Target - Saved,Left Foot,Ball Progression,False,2,97
France,4,96,Michael OLISE,Off Target,Left Foot,Pass,False,2,97
Morocco,0,49,Achraf HAKIMI,Off Target,Right Foot,Freekick,False,1,97
Morocco,1,47,Brahim DIAZ,Incomplete - Blocked,Right Foot,Pass,False,2,97
Morocco,2,82,Azzedine OUNAHI,On Target - Saved,Right Foot,Freekick,False,2,97
Morocco,3,83,Neil EL AYNAOUI,Off Target,Head,Corner,False,2,97
Morocco,4,94,Gessime YASSINE,Off Target,Left Foot,Pass,False,2,97
Spain,0,9,RODRI,Incomplete - Blocked,Right Foot,Cross,False,1,98
Spain,1,12,Alex BAENA,Incomplete - Blocked,Right Foot,Pass,False,1,98
Spain,2,20,Lamine YAMAL,Off Target,Left Foot,Loose Ball,False,1,98
Spain,3,29,Dani OLMO,On Target - Saved,Right Foot,Cross,False,1,98
Spain,4,29,Fabian RUIZ,Deflected On Target - Goal,Right Foot,Other,True,1,98
Spain,5,34,Lamine YAMAL,On Target - Saved,Left Foot,Freekick,False,1,98
Spain,6,39,Lamine YAMAL,Off Target,Left Foot,Ball Progression,False,1,98
Spain,7,44,Pedro PORRO,Off Target,Left Foot,Pass,False,1,98
Spain,8,46,Fabian RUIZ,Incomplete - Blocked,Left Foot,Pass,False,1,98
Spain,9,51,Lamine YAMAL,Deflected Off Target - Defensive Event,Left Foot,Other,False,1,98
Spain,10,52,Dani OLMO,Off Target,Right Foot,Loose Ball,False,1,98
Spain,11,60,Lamine YAMAL,On Target - Saved,Left Foot,Pass,False,1,98
Spain,12,61,Mikel OYARZABAL,Deflected On Target - Saved,Right Foot,Pass,False,1,98
Spain,13,73,Lamine YAMAL,Deflected Off Target - Defensive Event,Left Foot,Pass,False,1,98
Spain,14,87,Pau CUBARSI,On Target - Saved,Right Foot,Pass,False,1,98
Spain,15,87,Mikel MERINO,On Target - Goal,Left Foot,Other,True,1,98
Spain,16,96,Marc CUCURELLA,On Target - Saved,Left Foot,Ball Progression,False,1,98
Belgium,0,14,Charles DE KETELAERE,Incomplete - Blocked,Left Foot,Pass,False,1,98
Belgium,1,40,Charles DE KETELAERE,On Target - Goal,Head,Cross,True,1,98
Belgium,2,54,Maxim DE CUYPER,Off Target,Left Foot,Loose Ball,False,1,98
Belgium,3,61,Kevin DE BRUYNE,On Target - Saved,Right Foot,Loose Ball,False,1,98
Belgium,4,83,Kevin DE BRUYNE,Incomplete - Blocked,Left Foot,Loose Ball,False,1,98
Norway,0,34,Erling HAALAND,On Target - Saved,Head,Cross,False,1,99
Norway,1,35,Andreas SCHJELDERUP,On Target - Goal,Left Foot,Pass,True,1,99
Norway,2,38,Alexander SORLOTH,Off Target,Left Foot,Freekick,False,1,99
Norway,3,39,Martin ODEGAARD,On Target - Saved,Left Foot,Pass,False,1,99
Norway,4,43,Alexander SORLOTH,Deflected Off Target - Defensive Event,Left Foot,Pass,False,1,99
Norway,5,52,Erling HAALAND,Off Target - Saved,Head,Cross,False,1,99
Norway,6,75,Fredrik AURSNES,Incomplete,Right Foot,Loose Ball,False,1,99
Norway,7,75,Kristoffer AJER,Off Target,Head,Loose Ball,False,1,99
Norway,8,84,Antonio NUSA,On Target - Saved,Right Foot,Pass,False,1,99
Norway,9,103,Antonio NUSA,Incomplete - Blocked,Left Foot,Pass,False,1,99
Norway,10,108,Patrick BERG,Off Target,Right Foot,Pass,False,1,99
Norway,11,113,Antonio NUSA,Deflected Off Target - Defensive Event,Right Foot,Pass,False,1,99
Norway,12,113,Oscar BOBB,Off Target,Left Foot,Loose Ball,False,1,99
England,0,28,Harry KANE,Off Target,Right Foot,Freekick,False,1,99
England,1,44,Jude BELLINGHAM,Incomplete - Blocked,Right Foot,Corner,False,1,99
England,2,46,Jude BELLINGHAM,On Target - Goal,Left Foot,Pass,True,1,99
England,3,47,Harry KANE,Off Target - Saved,Right Foot,Loose Ball,False,1,99
England,4,47,Eberechi EZE,Incomplete,Right Foot,Freekick,False,1,99
England,5,51,Bukayo SAKA,Incomplete - Blocked,Left Foot,Pass,False,1,99
England,6,94,Jude BELLINGHAM,Off Target,Head,Pass,False,1,99
England,7,92,Harry KANE,On Target - Saved,Head,Cross,False,2,99
England,8,92,Morgan ROGERS,On Target - Saved,Right Foot,Pass,False,2,99
England,9,92,Jude BELLINGHAM,On Target - Goal,Right Foot,Other,True,2,99
England,10,107,Jude BELLINGHAM,Off Target,Right Foot,Pass,False,2,99
England,11,109,Bukayo SAKA,On Target - Saved,Left Foot,Ball Progression,False,2,99
England,12,109,Djed SPENCE,On Target - Saved,Right Foot,Interception,False,2,99
England,13,109,Bukayo SAKA,On Target - Saved,Right Foot,Other,False,2,99
Argentina,0,8,Alexis MAC ALLISTER,Deflected Off Target - Defensive Event,Right Foot,Pass,False,1,100
Argentina,1,8,Alexis MAC ALLISTER,Incomplete - Player On Ball Error,Head,Corner,False,2,100
Argentina,2,9,Alexis MAC ALLISTER,On Target - Goal,Head,Corner,True,2,100
Argentina,3,49,Nahuel MOLINA,Off Target,Right Foot,Pass,False,2,100
Argentina,4,51,Julian ALVAREZ,Deflected Off Target - Defensive Event,Left Foot,Other,False,2,100
Argentina,5,88,Alexis MAC ALLISTER,Off Target,Head,Cross,False,2,100
Argentina,6,91,Lionel MESSI,Off Target,Right Foot,Pass,False,2,100
Argentina,7,92,Nico GONZALEZ,Off Target,Left Foot,Ball Progression,False,2,100
Argentina,8,98,Lisandro MARTINEZ,On Target - Saved,Left Foot,Loose Ball,False,2,100
Argentina,9,90,Lautaro MARTINEZ,Incomplete - Blocked,Right Foot,Loose Ball,False,2,100
Argentina,10,90,Nico GONZALEZ,Deflected Off Target - Defensive Event,Left Foot,Loose Ball,False,2,100
Argentina,11,91,Julian ALVAREZ,Off Target,Right Foot,Pass,False,2,100
Argentina,12,92,Thiago ALMADA,On Target - Saved,Right Foot,Pass,False,2,100
Argentina,13,94,Thiago ALMADA,Off Target,Right Foot,Pass,False,2,100
Argentina,14,102,Lionel MESSI,Incomplete - Blocked,Left Foot,Freekick,False,2,100
Argentina,15,105,Lisandro MARTINEZ,Incomplete - Blocked,Right Foot,Ball Progression,False,2,100
Argentina,16,106,Cristian ROMERO,Off Target,Head,Corner,False,2,100
Argentina,0,111,Lionel MESSI,On Target - Saved,Left Foot,Pass,False,1,100
Argentina,1,111,Julian ALVAREZ,On Target - Goal,Right Foot,Pass,True,2,100
Argentina,2,118,Lionel MESSI,Deflected Off Target - Defensive Event,Left Foot,Pass,False,2,100
Argentina,3,120,Thiago ALMADA,On Target - Saved,Right Foot,Ball Progression,False,2,100
Argentina,4,120,Lautaro MARTINEZ,On Target - Goal,Right Foot,Other,True,2,100
Switzerland,0,6,Granit XHAKA,Off Target,Left Foot,Loose Ball,False,1,100
Switzerland,1,19,Djibril SOW,On Target - Saved,Right Foot,Pass,False,1,100
Switzerland,2,46,Fabian RIEDER,Deflected Off Target - Defensive Event,Left Foot,Pass,False,1,100
Switzerland,3,54,Dan NDOYE,Incomplete - Blocked,Right Foot,Pass,False,1,100
Switzerland,4,59,Breel EMBOLO,On Target - Saved,Head,Cross,False,1,100
Switzerland,5,64,Dan NDOYE,On Target - Saved,Head,Cross,False,1,100
Switzerland,6,65,Granit XHAKA,On Target - Saved,Left Foot,Pass,False,1,100
Switzerland,7,66,Dan NDOYE,On Target - Goal,Right Foot,Pass,True,1,100
Switzerland,8,98,Granit XHAKA,Off Target,Left Foot,Pass,False,1,100
Switzerland,9,104,Ardon JASHARI,Off Target,Left Foot,Pass,False,1,100
France,0,5,Adrien RABIOT,Off Target,Left Foot,Loose Ball,False,1,101
France,1,35,Bradley BARCOLA,Off Target,Right Foot,Ball Progression,False,1,101
France,2,64,Aurelien TCHOUAMENI,Off Target,Right Foot,Corner,False,1,101
France,3,66,Kylian MBAPPE,Deflected Off Target - Defensive Event,Right Foot,Pass,False,1,101
France,4,67,Desire DOUE,Incomplete - Blocked,Right Foot,Pass,False,1,101
France,5,80,Desire DOUE,On Target - Saved,Right Foot,Loose Ball,False,1,101
France,6,88,Kylian MBAPPE,Off Target,Right Foot,Freekick,False,1,101
France,7,94,Ousmane DEMBELE,On Target - Saved,Left Foot,Pass,False,1,101
France,8,96,Ousmane DEMBELE,On Target - Saved,Right Foot,Pass,False,1,101
France,9,96,Kylian MBAPPE,Off Target,Right Foot,Pass,False,1,101
Spain,0,10,Alex BAENA,Incomplete - Blocked,Right Foot,Freekick,False,1,101
Spain,1,21,Mikel OYARZABAL,On Target - Goal,Left Foot,Penalty,True,1,101
Spain,2,33,Dani OLMO,Off Target,Right Foot,Pass,False,1,101
Spain,3,36,Pedro PORRO,Off Target,Right Foot,Pass,False,1,101
Spain,4,37,Fabian RUIZ,Deflected Off Target - Defensive Event,Left Foot,Cross,False,1,101
Spain,5,51,Mikel OYARZABAL,Off Target,Left Foot,Pass,False,1,101
Spain,6,57,Alex BAENA,Incomplete - Blocked,Right Foot,Pass,False,1,101
Spain,7,57,Pedro PORRO,On Target - Goal,Right Foot,Pass,True,1,101
Spain,8,77,Ferran TORRES,Off Target,Head,Pass,False,1,101
Spain,9,93,Nico WILLIAMS,Off Target,Left Foot,Ball Progression,False,1,101
England,0,32,John STONES,Off Target,Head,Freekick,False,1,102
England,1,54,Anthony GORDON,On Target - Goal,Right Foot,Cross,True,1,102
England,2,65,Declan RICE,On Target - Saved,Right Foot,Pass,False,1,102
England,3,65,Harry KANE,Incomplete - Blocked,Right Foot,Pass,False,1,102
England,4,78,Morgan ROGERS,Incomplete - Blocked,Right Foot,Loose Ball,False,1,102
Argentina,0,37,Lionel MESSI,Deflected Off Target - Defensive Event,Left Foot,Ball Progression,False,1,102
Argentina,1,37,Enzo FERNANDEZ,Off Target,Right Foot,Loose Ball,False,1,102
Argentina,2,46,Julian ALVAREZ,On Target - Saved,Right Foot,Loose Ball,False,1,102
Argentina,3,46,Julian ALVAREZ,Off Target - Saved,Right Foot,Ball Progression,False,1,102
Argentina,4,53,Leandro PAREDES,Off Target,Right Foot,Pass,False,1,102
Argentina,5,60,Enzo FERNANDEZ,Off Target,Right Foot,Pass,False,1,102
Argentina,6,68,Nico GONZALEZ,On Target - Saved,Head,Cross,False,1,102
Argentina,7,75,Alexis MAC ALLISTER,Off Target,Head,Cross,False,1,102
Argentina,8,75,Julian ALVAREZ,Incomplete - Player On Ball Error,Left Foot,Other,False,1,102
Argentina,9,75,Alexis MAC ALLISTER,On Target - Saved,Head,Cross,False,1,102
Argentina,10,83,Rodrigo DE PAUL,Incomplete - Blocked,Right Foot,Pass,False,1,102
Argentina,11,84,Enzo FERNANDEZ,Off Target - Saved,Right Foot,Pass,False,1,102
Argentina,12,84,Enzo FERNANDEZ,On Target - Goal,Right Foot,Pass,True,1,102
Argentina,13,91,Alexis MAC ALLISTER,Deflected Off Target - Defensive Event,Right Foot,Pass,False,1,102
Argentina,14,91,Lautaro MARTINEZ,On Target - Goal,Head,Cross,True,1,102
France,0,4,Kylian MBAPPE,Incomplete - Blocked,Right Foot,Pass,False,1,103
France,1,10,Rayan CHERKI,On Target - Saved,Left Foot,Loose Ball,False,2,103
France,2,10,Warren ZAIRE-EMERY,Deflected Off Target - Defensive Event,Left Foot,Loose Ball,False,2,103
France,3,21,Kylian MBAPPE,Off Target,Right Foot,Pass,False,2,103
France,4,34,Kylian MBAPPE,On Target - Saved,Right Foot,Pass,False,2,103
France,5,47,Kylian MBAPPE,On Target - Goal,Left Foot,Pass,True,2,103
France,6,50,Adrien RABIOT,Off Target,Left Foot,Loose Ball,False,2,103
France,7,53,Bradley BARCOLA,On Target - Goal,Right Foot,Pass,True,2,103
France,8,60,Michael OLISE,Off Target,Left Foot,Ball Progression,False,2,103
France,9,63,Ousmane DEMBELE,On Target - Saved,Left Foot,Pass,False,2,103
France,10,64,Dayot UPAMECANO,Deflected On Target - Saved,Right Foot,Pass,False,2,103
France,11,65,Kylian MBAPPE,On Target - Goal,Left Foot,Pass,True,2,103
France,12,67,Kylian MBAPPE,Off Target,Right Foot,Pass,False,2,103
France,13,74,Michael OLISE,Off Target,Left Foot,Cross,False,2,103
France,14,78,Kylian MBAPPE,Incomplete - Blocked,Left Foot,Loose Ball,False,2,103
France,15,80,Michael OLISE,Off Target,Right Foot,Pass,False,2,103
France,16,83,Kylian MBAPPE,On Target - Saved,Right Foot,Ball Progression,False,2,103
France,0,90,Bradley BARCOLA,Deflected Off Target - Defensive Event,Right Foot,Pass,False,1,103
France,1,95,Ousmane DEMBELE,On Target - Goal,Left Foot,Pass,True,2,103
England,0,2,Declan RICE,On Target - Goal,Right Foot,Ball Progression,True,1,103
England,1,6,Marcus RASHFORD,Deflected Off Target - Defensive Event,Right Foot,Cross,False,2,103
England,2,7,Eberechi EZE,Incomplete - Blocked,Left Foot,Pass,False,2,103
England,3,17,Bukayo SAKA,Deflected Off Target - Defensive Event,Left Foot,Ball Progression,False,2,103
England,4,17,Ezri KONSA,On Target - Goal,Head,Corner,True,2,103
England,5,32,Marcus RASHFORD,On Target - Saved,Right Foot,Ball Progression,False,2,103
England,6,36,Marcus RASHFORD,On Target - Saved,Right Foot,Pass,False,2,103
England,7,36,Bukayo SAKA,On Target - Goal Prevented,Left Foot,Ball Progression,False,2,103
England,8,36,Bukayo SAKA,Deflected On Target - Goal,Left Foot,Pass,True,2,103
England,9,45,Bukayo SAKA,On Target - Goal,Left Foot,Pass,True,2,103
England,10,48,Ivan TONEY,Deflected Off Target - Defensive Event,Right Foot,Pass,False,2,103
England,11,49,Ollie WATKINS,Off Target,Right Foot,Pass,False,2,103
England,12,53,Eberechi EZE,Off Target,Left Foot,Ball Progression,False,2,103
England,13,58,Ivan TONEY,On Target - Saved,Head,Corner,False,2,103
England,14,63,Eberechi EZE,Incomplete - Blocked,Left Foot,Pass,False,2,103
England,15,79,Jude BELLINGHAM,On Target - Saved,Right Foot,Ball Progression,False,2,103
England,16,79,Morgan ROGERS,Incomplete - Blocked,Left Foot,Other,False,2,103
England,0,86,Bukayo SAKA,On Target - Goal,Left Foot,Penalty,True,1,103
England,1,97,Jude BELLINGHAM,On Target - Goal,Right Foot,Ball Progression,True,2,103
Spain,0,4,Lamine YAMAL,Deflected On Target - Saved,Left Foot,Pass,False,1,104
Spain,1,38,Mikel OYARZABAL,On Target - Saved,Left Foot,Pass,False,2,104
Spain,2,42,Marc CUCURELLA,Off Target,Left Foot,Pass,False,2,104
Spain,3,45,Alex BAENA,On Target - Saved,Right Foot,Loose Ball,False,2,104
Spain,4,60,Lamine YAMAL,Incomplete - Blocked,Left Foot,Freekick,False,2,104
Spain,5,63,Dani OLMO,On Target - Saved,Right Foot,Pass,False,2,104
Spain,6,64,Dani OLMO,Deflected Off Target - Defensive Event,Head,Loose Ball,False,2,104
Spain,7,66,Ferran TORRES,On Target - Saved,Head,Cross,False,2,104
Spain,8,76,PEDRI,On Target - Saved,Left Foot,Pass,False,2,104
Spain,9,76,Pau CUBARSI,On Target - Saved,Right Foot,Pass,False,2,104
Spain,10,80,Aymeric LAPORTE,On Target - Saved,Head,Cross,False,2,104
Spain,11,86,Ferran TORRES,Off Target,Right Foot,Pass,False,2,104
Spain,12,88,RODRI,Off Target,Right Foot,Pass,False,2,104
Spain,13,92,Nico WILLIAMS,On Target - Saved,Right Foot,Pass,False,2,104
Spain,14,97,Lamine YAMAL,On Target - Saved,Left Foot,Freekick,False,2,104
Spain,15,92,Nico WILLIAMS,On Target - Saved,Head,Pass,False,2,104
Spain,16,100,Lamine YAMAL,Off Target,Left Foot,Pass,False,2,104
Spain,0,102,Mikel MERINO,Off Target,Head,Cross,False,1,104
Spain,1,103,Nico WILLIAMS,Incomplete - Blocked,Right Foot,Pass,False,2,104
Spain,2,105,Ferran TORRES,On Target - Goal,Left Foot,Pass,True,2,104
Argentina,0,116,Lionel MESSI,Incomplete - Blocked,Left Foot,Pass,False,1,104
Argentina,1,121,Giuliano SIMEONE,Off Target,Right Foot,Pass,False,1,104
