team,player,minute,direction,source,match_id,total_distance_m,zone4_m,zone5_m,high_speed_runs,sprints,top_speed_kmh,phys_matched,minutes_played,break2,entry_vs_break,timing_group,is_gk
Mexico,Alexis VEGA,79,on,pdf_marker,1,1915.4,104.0,48.9,28.0,10.0,28.0,True,11,,,after_break,False
Mexico,Armando GONZALEZ,76,on,pdf_marker,1,2086.0,186.9,78.4,25.0,14.0,32.0,True,14,,,after_break,False
Mexico,Gilberto MORA,66,on,pdf_marker,1,3082.9,251.5,46.6,43.0,17.0,27.1,True,24,,,after_break,False
Mexico,Luis CHAVEZ,66,on,pdf_marker,1,2876.7,249.1,46.8,42.0,16.0,27.1,True,24,,,after_break,False
South Africa,Thalente MBATHA,56,on,pdf_marker,1,3973.8,331.5,56.5,59.0,24.0,34.4,True,34,,,after_break,False
South Africa,Oswin APPOLLIS,77,on,pdf_marker,1,2145.3,183.1,38.3,37.0,16.0,29.9,True,13,,,after_break,False
South Africa,Evidence MAKGOPA,76,on,pdf_marker,1,2064.9,144.8,65.2,17.0,11.0,32.4,True,14,,,after_break,False
Mexico,Edson Omar Alvarez,76,on,lineup_derived,1,2007.7,143.9,104.6,28.0,15.0,31.5,True,14,,,after_break,False
South Korea,PARK Jinseob,84,on,pdf_marker,2,,,,,,,False,6,70.0,14.0,after_break,False
South Korea,OH Hyeongyu,69,on,pdf_marker,2,,,,,,,False,21,70.0,-1.0,at_break,False
South Korea,KIM Jingyu,84,on,pdf_marker,2,,,,,,,False,6,70.0,14.0,after_break,False
South Korea,EOM Jisung,69,on,pdf_marker,2,,,,,,,False,21,70.0,-1.0,at_break,False
Czechia,Adam HLOZEK,64,on,pdf_marker,2,3767.4,218.1,70.4,49.0,20.0,30.8,True,26,70.0,-6.0,before_break,False
Czechia,Mojmir CHYTIL,85,on,pdf_marker,2,1627.3,118.2,62.7,17.0,8.0,29.7,True,5,70.0,15.0,after_break,False
Czechia,Michal SADILEK,64,on,pdf_marker,2,3922.7,364.4,84.2,71.0,30.0,29.3,True,26,70.0,-6.0,before_break,False
Czechia,Tomas CHORY,64,on,pdf_marker,2,3339.2,213.2,49.5,36.0,18.0,28.3,True,26,70.0,-6.0,before_break,False
South Korea,Hee Chan Hwang,62,on,lineup_derived,2,,,,,,,False,28,70.0,-8.0,before_break,False
Canada,Cyle LARIN,76,on,pdf_marker,3,2068.2,144.1,69.7,21.0,10.0,31.3,True,14,69.0,7.0,after_break,False
Canada,Jacob SHAFFELBURG,61,on,pdf_marker,3,4045.5,227.2,181.7,46.0,20.0,31.6,True,29,69.0,-8.0,before_break,False
Canada,Ali AHMED,61,on,pdf_marker,3,3903.0,312.5,75.6,47.0,26.0,26.6,True,29,69.0,-8.0,before_break,False
Canada,Jonathan OSORIO,89,on,lineup_derived,3,644.0,40.0,10.0,4.0,23.0,24.0,True,1,69.0,20.0,after_break,True
Canada,Promise DAVID,61,on,pdf_marker,3,7432.5,314.3,205.3,84.0,32.0,31.7,True,29,69.0,-8.0,before_break,False
Bosnia and Herzegovina,Armin GIGOVIC,62,on,pdf_marker,3,3998.3,318.0,135.0,45.0,22.0,29.5,True,28,69.0,-7.0,before_break,False
Bosnia and Herzegovina,Samed BAZDAR,62,on,pdf_marker,3,3649.9,213.4,124.5,28.0,13.0,29.8,True,28,69.0,-7.0,before_break,False
Bosnia and Herzegovina,Ivan SUNJIC,74,on,pdf_marker,3,2526.1,108.0,30.1,37.0,10.0,26.5,True,16,69.0,5.0,after_break,False
Bosnia and Herzegovina,Dzenis BURNIC,84,on,pdf_marker,3,1352.0,37.9,15.6,15.0,3.0,26.7,True,6,69.0,15.0,after_break,False
Bosnia and Herzegovina,Kerim ALAJBEGOVIC,74,on,pdf_marker,3,2352.7,93.0,57.8,25.0,7.0,31.6,True,16,69.0,5.0,after_break,False
USA,Ricardo PEPI,72,on,pdf_marker,4,3341.0,239.9,163.5,45.0,21.0,30.8,True,18,68.0,4.0,after_break,False
USA,Sebastian BERHALTER,45,on,pdf_marker,4,6313.5,402.8,65.2,92.0,28.0,31.0,True,45,68.0,-23.0,before_break,False
USA,Timothy WEAH,72,on,pdf_marker,4,3275.1,352.6,42.0,51.0,25.0,28.4,True,18,68.0,4.0,after_break,False
Paraguay,Gustavo VELAZQUEZ,80,on,pdf_marker,4,2009.8,112.6,45.0,19.0,9.0,31.3,True,10,68.0,12.0,after_break,False
Paraguay,Ramon SOSA,79,on,pdf_marker,4,2289.6,192.1,8.0,36.0,16.0,26.1,True,11,68.0,11.0,after_break,False
Paraguay,MAURICIO,45,on,pdf_marker,4,5908.7,438.0,49.0,95.0,32.0,27.6,True,45,68.0,-23.0,before_break,False
Paraguay,Alejandro ROMERO GAMARRA,80,on,pdf_marker,4,2181.0,154.7,35.0,11.0,18.0,23.5,True,10,68.0,12.0,after_break,True
Paraguay,Alex ARCE,62,on,pdf_marker,4,,,,,,,False,28,68.0,-6.0,before_break,False
USA,Giovanni Alejandro Reyna,82,on,lineup_derived,4,2184.2,89.4,5.9,35.0,7.0,25.5,True,8,68.0,14.0,after_break,False
Qatar,AHMED ALAAELDIN,60,on,pdf_marker,5,,,,,,,False,30,68.0,-8.0,before_break,False
Qatar,HASSAN ALHAYDOS,89,on,pdf_marker,5,1103.2,97.2,16.7,17.0,8.0,29.0,True,1,68.0,21.0,after_break,False
Qatar,KARIM BOUDIAF,60,on,pdf_marker,5,4361.2,197.8,32.0,72.0,12.0,27.5,True,30,68.0,-8.0,before_break,False
Qatar,AHMED FATHY,60,on,pdf_marker,5,4509.7,310.2,41.0,77.0,24.0,27.5,True,30,68.0,-8.0,before_break,False
Qatar,MOHAMED MANAI,79,on,pdf_marker,5,2364.4,179.8,14.6,34.0,12.0,27.1,True,11,68.0,11.0,after_break,False
Switzerland,Miro MUHEIM,89,on,lineup_derived,5,1040.2,78.6,17.0,18.0,7.0,29.5,True,1,68.0,21.0,after_break,False
Switzerland,Johan MANZAMBI,66,on,pdf_marker,5,3570.0,282.6,49.5,45.0,21.0,27.7,True,24,68.0,-2.0,at_break,False
Switzerland,Ardon JASHARI,89,on,pdf_marker,5,1008.6,51.5,19.0,3.0,22.0,24.1,True,1,68.0,21.0,after_break,True
Switzerland,Fabian RIEDER,66,on,pdf_marker,5,,,,,,,False,24,68.0,-2.0,at_break,False
Switzerland,Zeki AMDOUNI,79,on,pdf_marker,5,2065.9,89.4,14.4,26.0,8.0,27.0,True,11,68.0,11.0,after_break,False
Brazil,MATHEUS CUNHA,61,on,pdf_marker,6,4005.3,270.2,57.3,63.0,21.0,29.8,True,29,68.0,-7.0,before_break,False
Brazil,FABINHO,45,on,pdf_marker,6,5755.9,329.8,55.6,65.0,22.0,28.1,True,45,68.0,-23.0,before_break,False
Brazil,DANILO SANTOS,80,on,pdf_marker,6,2551.1,156.6,23.2,49.0,9.0,27.4,True,10,68.0,12.0,after_break,False
Morocco,Chemsdine TALBI,65,on,pdf_marker,6,3838.4,259.4,88.3,53.0,21.0,29.7,True,25,68.0,-3.0,at_break,False
Morocco,Soufiane RAHIMI,89,on,pdf_marker,6,1411.4,138.0,71.7,26.0,12.0,31.1,True,1,68.0,21.0,after_break,False
Morocco,Samir EL MOURABET,65,on,pdf_marker,6,4358.1,397.8,95.6,62.0,27.0,28.5,True,25,68.0,-3.0,at_break,False
Morocco,Ayoube AMAIMOUNI,80,on,pdf_marker,6,2700.7,261.6,73.0,40.0,21.0,30.0,True,10,68.0,12.0,after_break,False
Morocco,Anass SALAH EDDINE,80,on,pdf_marker,6,,,,,,,False,10,68.0,12.0,after_break,False
Brazil,Luiz Danilo,46,on,lineup_derived,6,,,,,,,False,44,68.0,-22.0,before_break,False
Brazil,Henrique André Luiz,61,on,lineup_derived,6,3896.9,345.4,116.7,60.0,26.0,29.0,True,29,68.0,-7.0,before_break,False
Haiti,Lenny JOSEPH,76,on,pdf_marker,7,2338.2,165.0,39.7,26.0,12.0,29.0,True,14,67.0,9.0,after_break,False
Haiti,Yassin FORTUNE,85,on,pdf_marker,7,1501.2,59.7,34.8,24.0,5.0,28.2,True,5,67.0,18.0,after_break,False
Haiti,Josue CASIMIR,61,on,pdf_marker,7,3609.2,274.3,127.2,26.0,23.0,33.5,True,29,67.0,-6.0,before_break,False
Scotland,Lyndon DYKES,75,on,pdf_marker,7,2781.6,243.6,83.1,33.0,13.0,28.2,True,15,67.0,8.0,after_break,False
Scotland,Ryan CHRISTIE,75,on,pdf_marker,7,3061.2,206.3,57.2,49.0,16.0,29.9,True,15,67.0,8.0,after_break,False
Scotland,Nathan PATTERSON,75,on,pdf_marker,7,2577.2,149.0,94.1,27.0,13.0,31.6,True,15,67.0,8.0,after_break,False
Scotland,Findlay CURTIS,83,on,pdf_marker,7,2108.2,135.3,98.7,24.0,12.0,31.2,True,7,67.0,16.0,after_break,False
Australia,Aziz BEHICH,84,on,pdf_marker,8,1528.8,49.9,22.4,11.0,4.0,31.2,True,6,68.0,16.0,after_break,True
Australia,Jackson IRVINE,84,on,pdf_marker,8,1724.7,131.7,36.6,32.0,7.0,26.9,True,6,68.0,16.0,after_break,False
Australia,Nishan VELUPILLAY,61,on,pdf_marker,8,4205.8,297.8,129.1,58.0,25.0,31.1,True,29,68.0,-7.0,before_break,False
Australia,Tete YENGI,74,on,pdf_marker,8,2651.1,176.4,36.9,32.0,15.0,31.6,True,16,68.0,6.0,after_break,False
Türkiye,Salih OZCAN Third,81,on,pdf_marker,8,1979.9,173.4,15.5,26.0,12.0,28.3,True,9,68.0,13.0,after_break,False
Türkiye,Deniz GUL,85,on,pdf_marker,8,1322.1,64.8,6.7,9.0,6.0,25.8,True,5,68.0,17.0,after_break,True
Türkiye,Kenan YILDIZ,45,on,pdf_marker,8,5024.7,115.0,25.7,37.0,13.0,28.1,True,45,68.0,-23.0,before_break,False
Türkiye,Irfan Can KAHVECI,80,on,lineup_derived,8,,,,,,,False,10,68.0,12.0,after_break,False
Türkiye,Yunus AKGUN,62,on,pdf_marker,8,3353.0,205.7,66.7,26.0,22.0,31.7,True,28,68.0,-6.0,before_break,False
Australia,Jason Kato Geria,74,on,lineup_derived,8,2596.1,169.2,84.7,16.0,10.0,29.5,True,16,68.0,6.0,after_break,False
Germany,Antonio RUEDIGER,73,on,pdf_marker,9,2404.9,166.8,34.1,21.0,10.0,31.8,True,17,69.0,4.0,after_break,False
Germany,Leon GORETZKA,73,on,pdf_marker,9,2797.5,217.4,87.5,40.0,15.0,29.6,True,17,69.0,4.0,after_break,False
Germany,David RAUM,73,on,pdf_marker,9,2917.9,344.7,152.2,45.0,27.0,31.1,True,17,69.0,4.0,after_break,False
Germany,Deniz UNDAV,64,on,pdf_marker,9,3350.8,166.2,36.7,51.0,12.0,27.4,True,26,69.0,-5.0,before_break,False
Curaçao,Jeremy ANTONISSE,45,on,pdf_marker,9,6143.9,375.9,192.4,89.0,30.0,31.3,True,45,69.0,-24.0,before_break,False
Curaçao,Jearl MARGARITHA,65,on,pdf_marker,9,3212.1,172.0,79.6,35.0,19.0,30.7,True,25,69.0,-4.0,before_break,False
Curaçao,Gervane KASTANEER,83,on,pdf_marker,9,1192.8,79.4,16.9,11.0,5.0,26.8,True,7,69.0,14.0,after_break,True
Germany,Waldemar Anton,83,on,lineup_derived,9,1459.2,87.8,32.1,19.0,8.0,27.8,True,7,69.0,14.0,after_break,False
Netherlands,Nathan AKE,81,on,pdf_marker,10,1661.9,50.7,25.6,10.0,5.0,30.5,True,9,67.0,14.0,after_break,True
Netherlands,Memphis DEPAY,70,on,pdf_marker,10,3091.1,223.5,70.5,53.0,20.0,31.3,True,20,67.0,3.0,at_break,False
Netherlands,Brian BROBBEY,84,on,pdf_marker,10,1300.2,42.0,2.7,20.0,3.0,25.5,True,6,67.0,17.0,after_break,False
Netherlands,Teun KOOPMEINERS,70,on,pdf_marker,10,3435.7,204.4,37.5,68.0,18.0,29.7,True,20,67.0,3.0,at_break,False
Netherlands,Quinten TIMBER,71,on,pdf_marker,10,3073.6,192.1,20.8,53.0,14.0,30.7,True,19,67.0,4.0,after_break,False
Japan,Yukinari SUGAWARA,75,on,pdf_marker,10,2529.9,72.4,49.9,25.0,8.0,28.5,True,15,67.0,8.0,after_break,False
Japan,Junya ITO,66,on,pdf_marker,10,2894.8,208.9,90.4,31.0,17.0,33.0,True,24,67.0,-1.0,at_break,False
Japan,Koki OGAWA,75,on,pdf_marker,10,2437.4,185.8,57.9,28.0,15.0,28.1,True,15,67.0,8.0,after_break,False
Japan,Takehiro TOMIYASU,75,on,pdf_marker,10,2661.6,78.2,36.0,8.0,26.0,24.1,True,15,67.0,8.0,after_break,True
Japan,Kento SHIOGAI,84,on,pdf_marker,10,,,,,,,False,6,67.0,17.0,after_break,False
Côte d'Ivoire,Odilon KOSSOUNOU,89,on,pdf_marker,11,1102.0,77.0,25.0,15.0,6.0,28.5,True,1,69.0,20.0,after_break,False
Côte d'Ivoire,Amad DIALLO,56,on,pdf_marker,11,4333.0,270.3,189.6,55.0,25.0,30.3,True,34,69.0,-13.0,before_break,False
Côte d'Ivoire,Ibrahim SANGARE,77,on,pdf_marker,11,2403.3,148.1,35.3,30.0,10.0,29.2,True,13,69.0,8.0,after_break,False
Côte d'Ivoire,Christ Inao OULAI,77,on,pdf_marker,11,2235.3,128.7,72.1,26.0,11.0,28.6,True,13,69.0,8.0,after_break,False
Ecuador,Kevin RODRIGUEZ,77,on,pdf_marker,11,2427.2,232.3,66.2,38.0,17.0,30.1,True,13,69.0,8.0,after_break,False
Ecuador,Angelo PRECIADO,62,on,pdf_marker,11,3645.9,167.0,203.6,40.0,18.0,33.2,True,28,69.0,-7.0,before_break,False
Ecuador,Nilson ANGULO,56,on,pdf_marker,11,4588.5,282.2,247.6,61.0,27.0,31.5,True,34,69.0,-13.0,before_break,False
Ecuador,Jackson POROZO,62,on,pdf_marker,11,3226.4,136.5,94.0,28.0,13.0,32.7,True,28,69.0,-7.0,before_break,False
Côte d'Ivoire,Ange-Yoan Laurent Bonny,56,on,lineup_derived,11,4230.2,346.9,77.5,57.0,23.0,31.4,True,34,69.0,-13.0,before_break,False
Sweden,Daniel SVENSSON,90,on,pdf_marker,12,885.8,70.9,33.9,15.0,6.0,29.6,True,0,69.0,21.0,after_break,False
Sweden,Anthony ELANGA,90,on,pdf_marker,12,680.6,34.2,42.7,7.0,4.0,31.1,True,0,69.0,21.0,after_break,True
Sweden,Mattias SVANBERG,84,on,lineup_derived,12,1553.5,125.5,7.9,25.0,9.0,26.4,True,6,69.0,15.0,after_break,False
Sweden,Elliot STROUD,65,on,pdf_marker,12,3541.0,288.1,142.1,42.0,15.0,32.8,True,25,69.0,-4.0,before_break,False
Tunisia,Ismael GHARBI,83,on,pdf_marker,12,1364.9,88.9,45.4,19.0,8.0,27.5,True,7,69.0,14.0,after_break,False
Tunisia,Mohamed HADJ MAHMOUD,72,on,pdf_marker,12,2556.5,200.6,99.7,30.0,18.0,31.0,True,18,69.0,3.0,at_break,False
Tunisia,Firas CHAOUAT,84,on,pdf_marker,12,1187.3,68.3,51.5,11.0,6.0,31.6,True,6,69.0,15.0,after_break,True
Tunisia,Sebastian TOUNEKTI,72,on,pdf_marker,12,2384.7,182.8,15.9,29.0,13.0,27.2,True,18,69.0,3.0,at_break,False
Sweden,Lucas Erik Holger Bergvall,65,on,lineup_derived,12,3785.2,249.6,106.2,48.0,16.0,30.4,True,25,69.0,-4.0,before_break,False
Tunisia,Mohamed Elyes Achouri,72,on,lineup_derived,12,,,,,,,False,18,69.0,3.0,at_break,False
Spain,Mikel MERINO,71,on,pdf_marker,13,3034.0,157.8,63.8,45.0,11.0,30.5,True,19,68.0,3.0,at_break,False
Spain,Lamine YAMAL,71,on,pdf_marker,13,2513.4,87.8,25.5,23.0,6.0,29.0,True,19,68.0,3.0,at_break,False
Cabo Verde,JOAO PAULO,76,on,pdf_marker,13,2192.2,156.6,30.8,18.0,10.0,28.9,True,14,68.0,8.0,after_break,False
Cabo Verde,DEROY DUARTE,61,on,pdf_marker,13,3899.6,148.5,82.1,43.0,12.0,30.3,True,29,68.0,-7.0,before_break,False
Cabo Verde,NUNO DA COSTA,61,on,pdf_marker,13,3629.5,142.8,43.5,29.0,10.0,28.8,True,29,68.0,-7.0,before_break,False
Spain,Daniel Olmo,81,on,lineup_derived,13,1762.1,104.7,60.6,27.0,10.0,27.6,True,9,68.0,13.0,after_break,False
Spain,Nicholas Williams,87,on,lineup_derived,13,1114.7,138.8,101.4,16.0,11.0,32.4,True,3,68.0,19.0,after_break,False
Cabo Verde,Johnson Willy,61,on,lineup_derived,13,4115.5,271.0,117.6,39.0,18.0,29.0,True,29,68.0,-7.0,before_break,False
Cabo Verde,Emanuel Telmo,79,on,lineup_derived,13,1903.5,165.4,100.0,26.0,11.0,31.7,True,11,68.0,11.0,after_break,False
Belgium,Maxim DE CUYPER,56,on,pdf_marker,14,4235.4,255.7,180.3,49.0,19.0,32.9,True,34,67.0,-11.0,before_break,False
Belgium,Romelu LUKAKU,66,on,pdf_marker,14,2565.9,111.6,64.7,26.0,8.0,30.0,True,24,67.0,-1.0,at_break,False
Belgium,Hans VANAKEN,86,on,pdf_marker,14,1214.0,50.1,7.5,21.0,4.0,25.7,True,4,67.0,19.0,after_break,False
Belgium,Nicolas RASKIN,56,on,pdf_marker,14,4253.9,230.4,169.6,34.0,16.0,31.9,True,34,67.0,-11.0,before_break,False
Egypt,RAMY RABIA,71,on,pdf_marker,14,2634.9,102.6,59.1,34.0,10.0,31.1,True,19,67.0,4.0,after_break,False
Egypt,HAMZA ABDELKARIM,76,on,pdf_marker,14,2226.9,204.3,124.4,25.0,19.0,31.3,True,14,67.0,9.0,after_break,False
Egypt,KARIM HAFEZ,88,on,pdf_marker,14,1022.3,101.2,90.6,13.0,7.0,31.2,True,2,67.0,21.0,after_break,False
Egypt,IBRAHIM ADEL,89,on,pdf_marker,14,1006.5,125.7,32.9,18.0,8.0,27.9,True,1,67.0,22.0,after_break,False
Egypt,ZIZO,76,on,pdf_marker,14,2376.6,253.8,82.2,29.0,16.0,32.7,True,14,67.0,9.0,after_break,False
Belgium,Matias Fernandez-Pardo,86,on,lineup_derived,14,1307.3,136.7,63.0,20.0,12.0,32.0,True,4,67.0,19.0,after_break,False
Saudi Arabia,NASSER ALDAWSARI,63,on,pdf_marker,15,3903.1,231.7,50.4,62.0,21.0,30.2,True,27,69.0,-6.0,before_break,False
Saudi Arabia,NAWAF BU WASHL,81,on,pdf_marker,15,2030.3,166.4,48.4,23.0,17.0,30.0,True,9,69.0,12.0,after_break,False
Saudi Arabia,ALA ALHAJJI,89,on,lineup_derived,15,796.2,80.5,10.6,15.0,5.0,25.6,True,1,69.0,20.0,after_break,False
Saudi Arabia,ABDULLAH ALHAMDDAN,89,on,lineup_derived,15,912.0,168.9,72.1,14.0,12.0,29.7,True,1,69.0,20.0,after_break,False
Uruguay,Nicolas DE LA CRUZ,72,on,pdf_marker,15,3035.6,230.7,22.2,44.0,16.0,27.7,True,18,69.0,3.0,at_break,False
Uruguay,Agustin CANOBBIO,45,on,pdf_marker,15,5678.0,353.4,57.7,75.0,26.0,27.8,True,45,69.0,-24.0,before_break,False
Uruguay,Brian RODRIGUEZ,81,on,pdf_marker,15,1857.4,92.8,44.3,27.0,8.0,31.8,True,9,69.0,12.0,after_break,False
Uruguay,Rodrigo AGUIRRE,90,on,pdf_marker,15,898.7,81.7,30.3,12.0,4.0,30.6,True,0,69.0,21.0,after_break,False
Uruguay,Juan Manuel SANABRIA,45,on,pdf_marker,15,5774.7,386.8,232.1,60.0,28.0,32.6,True,45,69.0,-24.0,before_break,False
Saudi Arabia,Mohammed Ali Lajami,89,on,lineup_derived,15,609.7,56.1,3.0,6.0,4.0,25.8,True,1,69.0,20.0,after_break,True
IR Iran,Mehdi GHAYEDI,45,on,pdf_marker,16,4683.2,287.8,159.4,50.0,24.0,30.2,True,45,68.0,-23.0,before_break,False
IR Iran,Ali ALIPOUR,53,on,pdf_marker,16,4655.7,328.4,93.3,51.0,27.0,29.9,True,37,68.0,-15.0,before_break,False
IR Iran,Amirhossein HOSSEINZADEH,80,on,pdf_marker,16,1911.9,155.7,59.8,23.0,9.0,29.0,True,10,68.0,12.0,after_break,False
New Zealand,Jesse RANDALL,89,on,lineup_derived,16,664.5,82.7,43.8,14.0,6.0,31.7,True,1,68.0,21.0,after_break,False
New Zealand,Ryan THOMAS,68,on,pdf_marker,16,3350.4,198.5,48.9,51.0,14.0,28.3,True,22,68.0,0.0,at_break,False
New Zealand,Callan ELLIOT,78,on,pdf_marker,16,1875.7,86.3,49.5,19.0,8.0,30.9,True,12,68.0,10.0,after_break,False
IR Iran,Ehsan Hajisafi,65,on,lineup_derived,16,3421.6,224.0,49.2,41.0,15.0,26.6,True,25,68.0,-3.0,at_break,False
New Zealand,Tyler Grant Bindon,89,on,lineup_derived,16,501.7,85.7,5.0,9.0,5.0,25.7,True,1,68.0,21.0,after_break,True
New Zealand,Benjamin Craig Old,68,on,lineup_derived,16,2817.9,156.9,128.0,32.0,15.0,32.4,True,22,68.0,0.0,at_break,False
France,Bradley BARCOLA,80,on,pdf_marker,17,2294.6,161.4,168.1,21.0,9.0,33.9,True,10,68.0,12.0,after_break,False
France,Rayan CHERKI,87,on,pdf_marker,17,1658.4,149.6,107.3,21.0,11.0,30.0,True,3,68.0,19.0,after_break,False
Senegal,Pathe CISS,88,on,pdf_marker,17,1469.2,89.5,25.0,6.0,9.0,25.0,True,2,68.0,20.0,after_break,True
Senegal,Bamba DIENG,83,on,pdf_marker,17,,,,,,,False,7,68.0,15.0,after_break,False
Senegal,Iliman NDIAYE,83,on,pdf_marker,17,2202.7,123.7,81.3,31.0,11.0,30.5,True,7,68.0,15.0,after_break,False
Senegal,Ibrahim MBAYE,76,on,pdf_marker,17,2514.4,181.5,75.8,30.0,17.0,31.9,True,14,68.0,8.0,after_break,False
Senegal,Habib DIARRA,76,on,pdf_marker,17,2798.8,174.4,126.6,32.0,15.0,33.3,True,14,68.0,8.0,after_break,False
Iraq,MOHANAD ALI,78,on,pdf_marker,18,2368.0,198.6,46.3,36.0,16.0,28.9,True,12,69.0,9.0,after_break,False
Iraq,ZIDANE IQBAL,59,on,pdf_marker,18,4290.7,237.0,43.2,69.0,15.0,28.2,True,31,69.0,-10.0,before_break,False
Iraq,MARKO FARJI,59,on,pdf_marker,18,3978.9,226.6,73.0,58.0,18.0,31.9,True,31,69.0,-10.0,before_break,False
Iraq,MUSTAFA SAADOON,73,on,pdf_marker,18,2482.8,190.1,80.4,26.0,15.0,31.6,True,17,69.0,4.0,after_break,False
Norway,Patrick BERG,81,on,pdf_marker,18,2095.4,88.9,17.0,35.0,8.0,26.4,True,9,69.0,12.0,after_break,False
Norway,Kristian THORSTVEDT,73,on,pdf_marker,18,3184.7,217.0,20.5,45.0,15.0,26.5,True,17,69.0,4.0,after_break,False
Norway,Andreas SCHJELDERUP,73,on,pdf_marker,18,2660.2,142.9,88.7,26.0,11.0,32.8,True,17,69.0,4.0,after_break,False
Norway,Oscar BOBB,73,on,pdf_marker,18,2689.6,139.2,45.8,29.0,14.0,33.4,True,17,69.0,4.0,after_break,False
Iraq,Ihab Ahmed Ahmed,73,on,lineup_derived,18,2789.0,265.8,72.1,36.0,21.0,28.0,True,17,69.0,4.0,after_break,False
Norway,Leo Skiri Ostigard,73,on,lineup_derived,18,2654.4,98.6,12.5,26.0,7.0,26.8,True,17,69.0,4.0,after_break,False
Argentina,Julian ALVAREZ,55,on,pdf_marker,19,4394.7,366.4,143.7,56.0,28.0,29.9,True,35,69.0,-14.0,before_break,False
Argentina,Nicolas OTAMENDI,80,on,pdf_marker,19,1707.0,21.9,12.7,18.0,3.0,26.2,True,10,69.0,11.0,after_break,False
Argentina,Nahuel MOLINA,45,on,pdf_marker,19,5371.3,277.4,94.5,64.0,26.0,33.7,True,45,69.0,-24.0,before_break,False
Algeria,Ramiz ZERROUKI,82,on,pdf_marker,19,1955.0,52.0,3.0,24.0,5.0,25.3,True,8,69.0,13.0,after_break,False
Algeria,Riyad MAHREZ,64,on,pdf_marker,19,3481.9,228.4,116.1,42.0,14.0,30.3,True,26,69.0,-5.0,before_break,False
Algeria,Adil BOULBINA,82,on,pdf_marker,19,,,,,,,False,8,69.0,13.0,after_break,False
Argentina,Nicolas Ivan Gonzalez,55,on,lineup_derived,19,,,,,,,False,35,69.0,-14.0,before_break,False
Argentina,Nicolas Paz,80,on,lineup_derived,19,,,,,,,False,10,69.0,11.0,after_break,False
Algeria,Houssem-Eddine Chaabane Aouar,64,on,lineup_derived,19,3820.9,170.2,28.0,50.0,16.0,31.5,True,26,69.0,-5.0,before_break,False
Algeria,Mohammed Elamine Amoura,64,on,lineup_derived,19,3799.5,298.1,98.5,57.0,24.0,29.0,True,26,69.0,-5.0,before_break,False
Austria,Marko ARNAUTOVIC,45,on,pdf_marker,20,5137.4,209.4,26.5,53.0,19.0,28.8,True,45,72.0,-27.0,before_break,False
Austria,Carney CHUKWUEMEKA,59,on,pdf_marker,20,4502.7,264.8,123.6,63.0,19.0,29.4,True,31,72.0,-13.0,before_break,False
Austria,Patrick WIMMER,83,on,pdf_marker,20,2223.6,193.4,112.5,31.0,14.0,30.3,True,7,72.0,11.0,after_break,False
Austria,Paul WANNER,59,on,pdf_marker,20,4577.1,256.2,24.5,67.0,19.0,27.9,True,31,72.0,-13.0,before_break,False
Jordan,ODEH FAKHOURY,89,on,pdf_marker_late,20,10442.1,778.7,305.0,158.0,60.0,34.5,True,1,72.0,17.0,after_break,False
Jordan,MAHMOUD ALMARDI,82,on,pdf_marker,20,2632.6,107.5,30.9,45.0,8.0,27.5,True,8,72.0,10.0,after_break,False
Jordan,ALI AZAIZEH,89,on,pdf_marker,20,1740.7,94.7,52.2,23.0,8.0,30.0,True,1,72.0,17.0,after_break,False
Jordan,MOHAMMAD ALDAOUD,88,on,pdf_marker,20,1620.2,100.6,8.5,28.0,7.0,25.9,True,2,72.0,16.0,after_break,False
Austria,Kevin Danso,59,on,lineup_derived,20,4025.2,166.1,46.3,44.0,14.0,29.7,True,31,72.0,-13.0,before_break,False
Jordan,Amer Saleem Saleem,72,on,lineup_derived,20,2818.7,141.3,11.3,25.0,10.0,26.7,True,18,72.0,0.0,at_break,False
Jordan,Ahmad Salameh Saed,81,on,lineup_derived,20,2425.1,132.1,23.7,36.0,12.0,31.0,True,9,72.0,9.0,after_break,False
Portugal,RAFAEL LEAO,72,on,pdf_marker,21,2434.2,155.3,56.8,31.0,11.0,30.1,True,18,69.0,3.0,at_break,False
Portugal,FRANCISCO CONCEICAO,45,on,pdf_marker,21,5560.7,237.9,149.1,64.0,23.0,32.9,True,45,69.0,-24.0,before_break,False
Congo DR,Joris KAYEMBE,75,on,pdf_marker,21,2510.7,200.6,5.5,32.0,13.0,25.5,True,15,69.0,6.0,after_break,False
Congo DR,Noah SADIKI,57,on,pdf_marker,21,4751.4,387.6,147.5,71.0,30.0,30.5,True,33,69.0,-12.0,before_break,False
Congo DR,Charles PICKEL,75,on,pdf_marker,21,2870.6,274.3,283.1,47.0,21.0,33.2,True,15,69.0,6.0,after_break,False
Congo DR,Simon BANZA,85,on,pdf_marker,21,1383.0,131.6,39.6,23.0,8.0,29.0,True,5,69.0,16.0,after_break,False
Congo DR,Gedeon KALULU,85,on,pdf_marker,21,1186.8,116.5,23.2,20.0,6.0,28.0,True,5,69.0,16.0,after_break,False
Portugal,SEMEDONélson Nelson,72,on,lineup_derived,21,3086.1,210.3,132.5,46.0,16.0,31.1,True,18,69.0,3.0,at_break,False
Portugal,RAMOSGonçalo Goncalo,83,on,lineup_derived,21,1627.4,189.1,68.6,27.0,14.0,31.9,True,7,69.0,14.0,after_break,False
England,Marcus RASHFORD,72,on,pdf_marker,22,3064.2,207.2,163.6,49.0,19.0,32.5,True,18,69.0,3.0,at_break,False
England,Morgan ROGERS,72,on,pdf_marker,22,3331.6,177.2,100.6,43.0,14.0,30.7,True,18,69.0,3.0,at_break,False
Croatia,Mateo KOVACIC,58,on,pdf_marker,22,4601.9,143.9,37.6,59.0,15.0,26.7,True,32,69.0,-11.0,before_break,False
Croatia,Andrej KRAMARIC,78,on,pdf_marker,22,2556.4,201.0,45.7,49.0,13.0,30.6,True,12,69.0,9.0,after_break,False
Croatia,Nikola VLASIC,78,on,pdf_marker,22,2404.5,235.8,169.1,26.0,15.0,31.8,True,12,69.0,9.0,after_break,False
Croatia,Igor MATANOVIC,66,on,pdf_marker,22,3527.9,258.4,124.9,45.0,20.0,30.5,True,24,69.0,-3.0,at_break,False
Croatia,Marco PASALIC,66,on,pdf_marker,22,3408.7,274.2,72.0,43.0,24.0,30.3,True,24,69.0,-3.0,at_break,False
England,Keaninkin Marc-Isreal Guehi,87,on,lineup_derived,22,1167.5,34.8,11.0,12.0,2.0,26.2,True,3,69.0,18.0,after_break,False
England,Bukayo Ayoyinka Saka,72,on,lineup_derived,22,3035.5,244.2,151.1,41.0,18.0,32.0,True,18,69.0,3.0,at_break,False
England,Tehuti Djed-Hotep Spence,80,on,lineup_derived,22,1981.8,136.6,126.2,16.0,10.0,35.2,True,10,69.0,11.0,after_break,False
Ghana,Benjamin ASARE,45,on,pdf_marker,23,2107.7,19.0,8.4,1.0,2.0,26.6,True,45,68.0,-23.0,before_break,True
Ghana,Abdul FATAWU,58,on,pdf_marker,23,4666.9,318.5,70.8,55.0,26.0,28.3,True,32,68.0,-10.0,before_break,False
Ghana,Kwasi SIBO,78,on,pdf_marker,23,2691.0,110.9,8.5,32.0,7.0,25.6,True,12,68.0,10.0,after_break,False
Ghana,Prince ADU,87,on,pdf_marker,23,1494.8,134.5,31.5,17.0,10.0,31.2,True,3,68.0,19.0,after_break,False
Panama,Ismael DIAZ,74,on,pdf_marker,23,2983.3,187.5,90.8,35.0,19.0,29.5,True,16,68.0,6.0,after_break,False
Panama,Jose FAJARDO,63,on,pdf_marker,23,4127.6,317.7,151.3,44.0,24.0,30.4,True,27,68.0,-5.0,before_break,False
Panama,Anibal GODOY,90,on,pdf_marker,23,1239.0,61.3,14.8,18.0,4.0,27.2,True,0,68.0,22.0,after_break,False
Panama,Azarias LONDONO,63,on,pdf_marker,23,4084.9,229.0,108.7,49.0,20.0,30.8,True,27,68.0,-5.0,before_break,False
Ghana,Brandon Michael Clarke Thomas-Asante,58,on,lineup_derived,23,4788.2,355.5,172.7,66.0,31.0,33.2,True,32,68.0,-10.0,before_break,False
Uzbekistan,Dostonbek KHAMDAMOV,45,on,pdf_marker,24,5750.2,357.2,72.1,75.0,25.0,32.3,True,45,69.0,-24.0,before_break,False
Uzbekistan,Azizbek AMONOV,77,on,pdf_marker,24,2708.1,220.7,82.3,36.0,16.0,30.1,True,13,69.0,8.0,after_break,False
Uzbekistan,Igor SERGEEV,89,on,lineup_derived,24,787.5,69.5,11.3,8.0,4.0,27.0,True,1,69.0,20.0,after_break,True
Uzbekistan,Jakhongir UROZOV,77,on,pdf_marker,24,2631.4,84.2,27.7,39.0,8.0,30.8,True,13,69.0,8.0,after_break,False
Colombia,Richard RIOS,80,on,pdf_marker,24,2495.6,153.9,41.2,38.0,15.0,28.9,True,10,69.0,11.0,after_break,False
Colombia,Jaminton CAMPAZ,72,on,pdf_marker,24,3153.0,267.9,24.0,39.0,17.0,26.1,True,18,69.0,3.0,at_break,False
Colombia,Andres GOMEZ,89,on,lineup_derived,24,1042.1,85.7,22.2,16.0,6.0,28.4,True,1,69.0,20.0,after_break,False
Uzbekistan,Farrukh Sayfiev,46,on,lineup_derived,24,5770.1,442.8,145.1,71.0,31.0,30.6,True,44,69.0,-23.0,before_break,False
Colombia,Kevin Duvan Castano,89,on,lineup_derived,24,974.6,83.5,11.3,17.0,6.0,27.2,True,1,69.0,20.0,after_break,False
Colombia,Juan Camilo Hernandez,80,on,lineup_derived,24,,,,,,,False,10,69.0,11.0,after_break,False
Mexico,Santiago GIMENEZ,80,on,pdf_marker,25,1943.6,104.8,83.4,31.0,8.0,30.9,True,10,68.0,12.0,after_break,False
Mexico,Israel REYES,80,on,pdf_marker,25,1887.9,74.2,21.0,4.0,17.0,22.9,True,10,68.0,12.0,after_break,True
Mexico,Orbelin PINEDA,71,on,pdf_marker,25,,,,,,,False,19,68.0,3.0,at_break,False
Mexico,Obed VARGAS,71,on,pdf_marker,25,3104.4,209.7,59.6,51.0,12.0,31.5,True,19,68.0,3.0,at_break,False
Mexico,Cesar HUERTA,84,on,pdf_marker,25,1580.4,98.9,38.3,21.0,7.0,28.4,True,6,68.0,16.0,after_break,False
South Korea,CHO Guesung Third,77,on,pdf_marker,25,,,,,,,False,13,68.0,9.0,after_break,False
South Korea,OH Hyeongyu,57,on,pdf_marker,25,,,,,,,False,33,68.0,-11.0,before_break,False
South Korea,YANG Hyunjun,71,on,pdf_marker,25,,,,,,,False,19,68.0,3.0,at_break,False
South Korea,EOM Jisung,71,on,pdf_marker,25,,,,,,,False,19,68.0,3.0,at_break,False
South Korea,Hee Chan Hwang,57,on,lineup_derived,25,,,,,,,False,33,68.0,-11.0,before_break,False
Czechia,David ZIMA,78,on,pdf_marker,26,2311.5,111.8,23.0,9.0,15.0,24.6,True,12,69.0,9.0,after_break,True
Czechia,Pavel SULC,55,on,pdf_marker,26,,,,,,,False,35,69.0,-14.0,before_break,False
Czechia,Lukas PROVOD,67,on,pdf_marker,26,3602.8,274.5,84.8,57.0,21.0,30.7,True,23,69.0,-2.0,at_break,False
Czechia,Jaroslav ZELENY,55,on,pdf_marker,26,4633.9,314.2,74.2,66.0,20.0,29.2,True,35,69.0,-14.0,before_break,False
Czechia,Tomas SOUCEK,67,on,pdf_marker,26,3640.1,251.2,37.6,68.0,17.0,26.9,True,23,69.0,-2.0,at_break,False
South Africa,Relebohile MOFOKENG,45,on,pdf_marker,26,6568.0,302.8,129.1,102.0,23.0,30.0,True,45,69.0,-24.0,before_break,False
South Africa,Evidence MAKGOPA,66,on,pdf_marker,26,3253.8,174.7,90.2,43.0,14.0,28.6,True,24,69.0,-3.0,at_break,False
South Africa,Kamogelo SEBELEBELE,84,on,pdf_marker,26,1742.9,126.0,64.5,27.0,11.0,28.3,True,6,69.0,15.0,after_break,False
Canada,Jacob SHAFFELBURG,71,on,pdf_marker,27,3826.6,402.2,71.4,53.0,29.0,29.9,True,19,68.0,3.0,at_break,False
Canada,Moise BOMBITO,45,on,pdf_marker,27,4895.5,155.9,93.0,45.0,12.0,31.5,True,45,68.0,-23.0,before_break,False
Canada,Niko SIGUR,83,on,pdf_marker,27,2251.8,145.8,5.6,32.0,11.0,25.5,True,7,68.0,15.0,after_break,False
Qatar,AHMED FATHY,49,on,lineup_derived,27,3981.9,240.9,50.9,63.0,18.0,27.7,True,41,68.0,-19.0,before_break,False
Qatar,ALHASHMI ALHUSSEIN,59,on,pdf_marker,27,4072.3,236.3,64.1,50.0,20.0,30.2,True,31,68.0,-9.0,before_break,False
Qatar,MOHAMED MANAI,45,on,pdf_marker,27,5611.5,345.4,144.7,81.0,24.0,30.2,True,45,68.0,-23.0,before_break,False
Canada,Tanitoluwa Oluwatimilehin Oluwaseyi,71,on,lineup_derived,27,3048.9,200.8,51.4,27.0,15.0,33.4,True,19,68.0,3.0,at_break,False
Canada,Nathan-Dylan Saliba,56,on,lineup_derived,27,4375.6,152.2,24.1,55.0,11.0,27.8,True,34,68.0,-12.0,before_break,False
Qatar,Michel Lucas,87,on,lineup_derived,27,1535.0,127.4,10.9,17.0,9.0,27.0,True,3,68.0,19.0,after_break,False
Qatar,Hussain Sultan,40,on,lineup_derived,27,6624.9,208.7,90.0,80.0,17.0,31.9,True,50,68.0,-28.0,before_break,False
Switzerland,Johan MANZAMBI,71,on,pdf_marker,28,2824.8,176.2,58.2,35.0,13.0,29.6,True,19,69.0,2.0,at_break,False
Switzerland,Djibril SOW,71,on,pdf_marker,28,3174.4,339.7,34.8,65.0,27.0,27.1,True,19,69.0,2.0,at_break,False
Switzerland,Ruben VARGAS,71,on,pdf_marker,28,2554.8,147.5,116.9,30.0,13.0,31.2,True,19,69.0,2.0,at_break,False
Switzerland,Luca JAQUEZ,86,on,pdf_marker,28,1309.1,111.1,55.2,12.0,7.0,29.6,True,4,69.0,17.0,after_break,False
Switzerland,Cedric ITTEN,89,on,pdf_marker,28,1047.1,69.1,58.8,14.0,7.0,30.1,True,1,69.0,20.0,after_break,False
Bosnia and Herzegovina,Ivan BASIC,63,on,pdf_marker,28,3580.7,251.8,41.2,44.0,15.0,27.0,True,27,69.0,-6.0,before_break,False
Bosnia and Herzegovina,Amir HADZIAHMETOVIC,85,on,pdf_marker,28,1349.7,146.7,9.9,21.0,5.0,26.5,True,5,69.0,16.0,after_break,False
Bosnia and Herzegovina,Esmir BAJRAKTAREVIC,64,on,pdf_marker,28,3534.5,238.7,79.2,41.0,21.0,28.7,True,26,69.0,-5.0,before_break,False
Bosnia and Herzegovina,Jovo LUKIC,85,on,pdf_marker,28,1275.9,150.4,33.6,21.0,15.0,27.6,True,5,69.0,16.0,after_break,False
Bosnia and Herzegovina,Ermin MAHMIC,89,on,lineup_derived,28,753.9,67.4,5.8,12.0,5.0,25.8,True,1,69.0,20.0,after_break,False
Brazil,DANILO SANTOS,81,on,pdf_marker,29,1885.9,199.7,29.2,25.0,11.0,27.8,True,9,69.0,12.0,after_break,False
Brazil,ENDRICK,64,on,pdf_marker,29,3237.1,189.2,141.6,24.0,16.0,33.0,True,26,69.0,-5.0,before_break,False
Brazil,RAYAN,40,on,pdf_marker,29,6771.8,523.8,145.7,84.0,38.0,32.5,True,50,69.0,-29.0,before_break,False
Haiti,Derrick ETIENNE,81,on,pdf_marker,29,1841.9,118.6,109.2,26.0,8.0,33.7,True,9,69.0,12.0,after_break,False
Haiti,Lenny JOSEPH,71,on,pdf_marker,29,2577.6,149.8,94.6,20.0,13.0,31.4,True,19,69.0,2.0,at_break,False
Haiti,Wilson ISIDOR,45,on,pdf_marker,29,5764.7,369.6,174.4,73.0,30.0,32.2,True,45,69.0,-24.0,before_break,False
Haiti,Dominique SIMON,45,on,pdf_marker,29,6098.3,383.2,68.8,115.0,29.0,30.5,True,45,69.0,-24.0,before_break,False
Brazil,José Ederson Silva,81,on,lineup_derived,29,2090.3,212.0,188.9,34.0,17.0,32.3,True,9,69.0,12.0,after_break,False
Brazil,MARTINELLIGabriel Gabriel,64,on,lineup_derived,29,,,,,,,False,26,69.0,-5.0,before_break,False
Haiti,Don Deedson Deedson,63,on,lineup_derived,29,3324.8,181.3,133.6,34.0,14.0,32.0,True,27,69.0,-6.0,before_break,False
Scotland,Lyndon DYKES,71,on,pdf_marker,30,3117.8,308.2,37.3,45.0,21.0,27.5,True,19,68.0,3.0,at_break,False
Scotland,Ross STEWART,89,on,pdf_marker,30,1157.1,89.3,26.9,22.0,7.0,27.6,True,1,68.0,21.0,after_break,False
Scotland,Anthony RALSTON,89,on,pdf_marker,30,1030.8,133.5,9.3,18.0,7.0,25.7,True,1,68.0,21.0,after_break,False
Morocco,Chemsdine TALBI,84,on,pdf_marker,30,1826.2,205.6,88.9,35.0,15.0,33.8,True,6,68.0,16.0,after_break,False
Morocco,Soufiane RAHIMI,84,on,pdf_marker,30,1922.4,226.0,52.5,34.0,15.0,28.8,True,6,68.0,16.0,after_break,False
Morocco,Samir EL MOURABET,90,on,pdf_marker,30,1169.9,151.3,6.8,25.0,10.0,26.3,True,0,68.0,22.0,after_break,False
Morocco,Ayoube AMAIMOUNI,84,on,pdf_marker,30,1897.7,228.2,66.8,33.0,14.0,29.9,True,6,68.0,16.0,after_break,False
Scotland,Ben Gannon Gannon-Doak,60,on,lineup_derived,30,3895.2,211.1,130.7,40.0,14.0,34.0,True,30,68.0,-8.0,before_break,False
USA,Auston TRUSTY,80,on,pdf_marker,31,1756.5,78.9,28.0,23.0,7.0,29.1,True,10,68.0,12.0,after_break,False
USA,Sebastian BERHALTER,74,on,pdf_marker,31,,,,,,,False,16,68.0,6.0,after_break,False
USA,Haji WRIGHT,89,on,lineup_derived,31,353.0,26.4,66.1,6.0,3.0,31.2,True,1,68.0,21.0,after_break,True
Australia,Connor METCALFE,45,on,pdf_marker,31,5621.9,367.0,166.9,78.0,29.0,32.3,True,45,68.0,-23.0,before_break,False
Australia,Nestory IRANKUNDA,45,on,pdf_marker,31,4494.6,238.6,240.8,36.0,22.0,34.8,True,45,68.0,-23.0,before_break,False
Australia,Cristian VOLPATO,61,on,pdf_marker,31,4151.0,297.5,53.0,60.0,24.0,28.4,True,29,68.0,-7.0,before_break,False
Australia,Jackson IRVINE,78,on,pdf_marker,31,2442.4,205.9,57.5,41.0,17.0,27.9,True,12,68.0,10.0,after_break,False
USA,Giovanni Alejandro Reyna,89,on,lineup_derived,31,361.5,63.0,7.0,3.0,14.0,21.9,True,1,68.0,21.0,after_break,True
USA,Joseph Michael Scally,80,on,lineup_derived,31,1887.6,75.2,22.7,27.0,7.0,30.3,True,10,68.0,12.0,after_break,False
Australia,Jason Kato Geria,46,on,lineup_derived,31,5328.9,214.1,158.2,62.0,19.0,31.6,True,44,68.0,-22.0,before_break,False
Türkiye,Orkun KOKCU,86,on,pdf_marker,32,1443.9,91.6,34.4,20.0,6.0,31.1,True,4,68.0,18.0,after_break,False
Türkiye,Deniz GUL,60,on,pdf_marker,32,3830.7,184.4,96.7,34.0,16.0,30.1,True,30,68.0,-8.0,before_break,False
Türkiye,Eren ELMALI,70,on,lineup_derived,32,3409.6,163.2,98.2,35.0,13.0,32.4,True,20,68.0,2.0,at_break,False
Türkiye,Can UZUN,60,on,pdf_marker,32,4445.5,216.4,64.7,59.0,19.0,28.5,True,30,68.0,-8.0,before_break,False
Paraguay,Gustavo VELAZQUEZ,67,on,pdf_marker,32,3153.2,188.0,56.4,31.0,12.0,29.4,True,23,68.0,-1.0,at_break,False
Paraguay,Jose CANALE,89,on,lineup_derived,32,967.2,55.5,24.7,16.0,4.0,28.7,True,1,68.0,21.0,after_break,False
Paraguay,Damian BOBADILLA,45,on,pdf_marker,32,6594.4,436.2,80.6,89.0,25.0,27.5,True,45,68.0,-23.0,before_break,False
Paraguay,Gabriel AVALOS,89,on,lineup_derived,32,900.3,42.2,13.0,4.0,26.0,23.3,True,1,68.0,21.0,after_break,True
Paraguay,Alexandro MAIDANA,81,on,pdf_marker,32,,,,,,,False,9,68.0,13.0,after_break,False
Türkiye,Barı ş Alper Yilmaz,46,on,lineup_derived,32,5710.2,366.4,117.9,70.0,29.0,31.7,True,44,68.0,-22.0,before_break,False
Germany,Antonio RUEDIGER,45,on,pdf_marker,33,5172.9,250.8,146.5,41.0,15.0,31.7,True,45,72.0,-27.0,before_break,False
Germany,Leon GORETZKA,85,on,pdf_marker,33,1489.9,75.2,98.1,17.0,7.0,31.0,True,5,72.0,13.0,after_break,False
Germany,Jamie LEWELING,60,on,pdf_marker,33,4276.0,259.0,174.3,55.0,20.0,31.2,True,30,72.0,-12.0,before_break,False
Germany,Nadiem AMIRI,60,on,pdf_marker,33,4280.4,303.0,135.5,65.0,22.0,29.6,True,30,72.0,-12.0,before_break,False
Germany,Deniz UNDAV,60,on,pdf_marker,33,3791.7,254.4,33.5,42.0,20.0,28.9,True,30,72.0,-12.0,before_break,False
Côte d'Ivoire,Seko FOFANA,75,on,pdf_marker,33,2576.5,193.5,114.0,38.0,17.0,31.8,True,15,72.0,3.0,at_break,False
Côte d'Ivoire,Simon ADINGRA,75,on,pdf_marker,33,2769.1,187.0,120.7,35.0,14.0,30.0,True,15,72.0,3.0,at_break,False
Côte d'Ivoire,Guela DOUE,81,on,pdf_marker,33,1689.4,71.9,40.0,23.0,6.0,30.6,True,9,72.0,9.0,after_break,False
Côte d'Ivoire,Nicolas PEPE,85,on,pdf_marker,33,1392.4,102.8,121.4,18.0,7.0,33.8,True,5,72.0,13.0,after_break,False
Côte d'Ivoire,Evann GUESSAND,75,on,pdf_marker,33,2292.8,153.4,147.6,26.0,13.0,30.0,True,15,72.0,3.0,at_break,False
Ecuador,Kevin RODRIGUEZ,45,on,pdf_marker,34,5027.0,254.6,95.5,55.0,20.0,33.4,True,45,68.0,-23.0,before_break,False
Ecuador,Jordy CAICEDO,89,on,pdf_marker,34,659.8,52.5,35.8,7.0,4.0,30.4,True,1,68.0,21.0,after_break,True
Ecuador,Angelo PRECIADO,83,on,pdf_marker,34,1515.6,77.4,18.7,16.0,6.0,26.6,True,7,68.0,15.0,after_break,False
Ecuador,Nilson ANGULO,70,on,pdf_marker,34,2834.6,191.2,94.7,33.0,12.0,32.8,True,20,68.0,2.0,at_break,False
Curaçao,Godfried ROEMERATOE,84,on,pdf_marker,34,1454.1,94.1,19.0,6.0,14.0,24.3,True,6,68.0,16.0,after_break,True
Curaçao,Kenji GORRE,75,on,pdf_marker,34,,,,,,,False,15,68.0,7.0,after_break,False
Curaçao,Jearl MARGARITHA,76,on,pdf_marker,34,2473.5,263.9,72.3,27.0,17.0,30.4,True,14,68.0,8.0,after_break,False
Curaçao,Gervane KASTANEER,83,on,pdf_marker,34,1306.6,83.4,10.7,12.0,9.0,28.4,True,7,68.0,15.0,after_break,False
Curaçao,Róshón Felix Romar Jordan Van Eijma,75,on,lineup_derived,34,1852.0,64.9,5.4,18.0,5.0,26.7,True,15,68.0,7.0,after_break,False
Netherlands,Memphis DEPAY,72,on,pdf_marker,35,2886.2,314.7,55.5,44.0,24.0,30.6,True,18,69.0,3.0,at_break,False
Netherlands,Guus TIL,59,on,pdf_marker,35,4267.3,297.4,150.7,56.0,28.0,30.0,True,31,69.0,-10.0,before_break,False
Netherlands,Noa LANG,90,on,pdf_marker,35,675.0,83.0,30.9,10.0,7.0,28.7,True,0,69.0,21.0,after_break,True
Netherlands,Teun KOOPMEINERS,59,on,pdf_marker,35,4388.1,298.2,47.8,65.0,22.0,29.3,True,31,69.0,-10.0,before_break,False
Netherlands,Crysencio SUMMERVILLE,45,on,pdf_marker,35,5169.9,378.6,162.7,53.0,33.0,31.6,True,45,69.0,-24.0,before_break,False
Sweden,Anthony ELANGA,55,on,pdf_marker,35,4005.8,302.9,224.2,28.0,25.0,36.5,True,35,69.0,-14.0,before_break,False
Sweden,Besfort ZENELI,56,on,pdf_marker,35,4952.0,388.5,102.3,83.0,32.0,30.0,True,34,69.0,-13.0,before_break,False
Sweden,Elliot STROUD,89,on,lineup_derived,35,393.0,39.1,69.0,5.0,2.0,29.2,True,1,69.0,20.0,after_break,True
Sweden,Taha ALI,79,on,pdf_marker,35,1803.9,162.8,40.0,26.0,11.0,29.2,True,11,69.0,10.0,after_break,False
Sweden,Lucas Erik Holger Bergvall,55,on,lineup_derived,35,4709.8,298.3,131.5,66.0,24.0,32.3,True,35,69.0,-14.0,before_break,False
Tunisia,Ismael GHARBI,45,on,pdf_marker,36,5432.9,238.3,96.9,65.0,23.0,31.0,True,45,70.0,-25.0,before_break,False
Tunisia,Rani KHEDIRA,89,on,lineup_derived,36,868.5,87.6,29.3,14.0,5.0,28.7,True,1,70.0,19.0,after_break,False
Tunisia,Firas CHAOUAT,64,on,pdf_marker,36,3340.8,187.6,78.4,47.0,16.0,31.6,True,26,70.0,-6.0,before_break,False
Tunisia,Mohamed Amine BEN HMIDA,45,on,pdf_marker,36,4901.4,130.1,101.5,30.0,12.0,32.9,True,45,70.0,-25.0,before_break,False
Japan,Yukinari SUGAWARA,74,on,pdf_marker,36,2445.7,112.3,107.0,16.0,10.0,32.6,True,16,70.0,4.0,after_break,False
Japan,Keisuke GOTO,85,on,pdf_marker,36,1396.3,126.1,137.8,15.0,10.0,31.1,True,5,70.0,15.0,after_break,False
Japan,Yuito SUZUKI,79,on,pdf_marker,36,2226.6,143.2,213.8,32.0,14.0,33.6,True,11,70.0,9.0,after_break,False
Japan,Ayumu SEKO,79,on,pdf_marker,36,1869.7,42.2,15.0,16.0,4.0,26.5,True,11,70.0,9.0,after_break,False
Japan,Junnosuke SUZUKI,73,on,pdf_marker,36,2449.6,273.4,48.0,29.0,18.0,28.6,True,17,70.0,3.0,at_break,False
Tunisia,Mohamed Elyes Achouri,89,on,lineup_derived,36,,,,,,,False,1,70.0,19.0,after_break,False
Belgium,Dodi LUKEBAKIO,58,on,pdf_marker,37,4193.4,282.1,51.5,50.0,27.0,28.5,True,32,70.0,-12.0,before_break,False
Belgium,Hans VANAKEN,58,on,pdf_marker,37,4462.7,184.4,50.9,60.0,13.0,27.7,True,32,70.0,-12.0,before_break,False
Belgium,Timothy CASTAGNE,58,on,pdf_marker,37,5100.9,371.1,86.8,88.0,31.0,29.7,True,32,70.0,-12.0,before_break,False
IR Iran,Milad MOHAMMADI,66,on,pdf_marker,37,3423.9,218.5,86.9,48.0,20.0,29.0,True,24,70.0,-4.0,before_break,False
IR Iran,Alireza JAHANBAKHSH Third,45,on,pdf_marker,37,5639.8,320.5,94.7,72.0,25.0,30.1,True,45,70.0,-25.0,before_break,False
IR Iran,Amirhossein HOSSEINZADEH,85,on,pdf_marker,37,1288.1,84.8,7.5,24.0,8.0,26.0,True,5,70.0,15.0,after_break,False
IR Iran,Shahriyar MOGHANLOO,79,on,pdf_marker,37,2345.7,182.8,1.9,38.0,12.0,25.3,True,11,70.0,9.0,after_break,False
Belgium,Arthur Nicolas Theate,73,on,lineup_derived,37,2586.9,104.7,22.1,22.0,9.0,29.7,True,17,70.0,3.0,at_break,False
Belgium,Matias Fernandez-Pardo,87,on,lineup_derived,37,1189.8,96.7,55.6,17.0,8.0,34.4,True,3,70.0,17.0,after_break,False
IR Iran,Mahdi Torabi,66,on,lineup_derived,37,3461.7,256.6,13.7,65.0,18.0,27.6,True,24,70.0,-4.0,before_break,False
New Zealand,Francis DE VRIES,85,on,pdf_marker,38,1935.8,195.7,119.6,32.0,14.0,31.8,True,5,72.0,13.0,after_break,False
New Zealand,Jesse RANDALL,76,on,pdf_marker,38,2812.6,225.5,243.2,23.0,19.0,34.6,True,14,72.0,4.0,after_break,False
New Zealand,Ryan THOMAS,76,on,pdf_marker,38,2952.2,324.0,87.3,55.0,23.0,30.5,True,14,72.0,4.0,after_break,False
Egypt,RAMY RABIA,41,on,pdf_marker,38,6403.0,310.0,98.4,72.0,21.0,31.2,True,49,72.0,-31.0,before_break,False
Egypt,MOHAMED ABDELMONEIM,89,on,lineup_derived,38,363.8,50.4,12.1,11.0,4.0,26.1,True,1,72.0,17.0,after_break,True
Egypt,TREZEGUET,76,on,pdf_marker,38,2941.4,217.3,139.5,42.0,21.0,32.7,True,14,72.0,4.0,after_break,False
Egypt,HAMZA ABDELKARIM,76,on,pdf_marker,38,2747.8,207.9,145.7,33.0,18.0,29.1,True,14,72.0,4.0,after_break,False
Egypt,ZIZO,85,on,pdf_marker,38,1841.2,158.1,219.2,15.0,9.0,32.6,True,5,72.0,13.0,after_break,False
New Zealand,Tyler Grant Bindon,85,on,lineup_derived,38,1854.2,152.4,68.9,27.0,9.0,31.7,True,5,72.0,13.0,after_break,False
New Zealand,Benjamin Craig Old,66,on,lineup_derived,38,3514.5,353.0,236.1,49.0,27.0,30.8,True,24,72.0,-6.0,before_break,False
Egypt,Abdelmegeed Abdelsalam Hossam Abdelmaguid,84,on,lineup_derived,38,1047.9,83.0,15.4,9.0,8.0,27.5,True,6,72.0,12.0,after_break,True
Spain,Mikel MERINO,61,on,pdf_marker,39,4299.7,270.6,16.1,74.0,19.0,26.4,True,29,68.0,-7.0,before_break,False
Spain,Ferran TORRES,45,on,pdf_marker,39,4999.4,267.1,152.9,44.0,25.0,32.3,True,45,68.0,-23.0,before_break,False
Spain,Fabian RUIZ,70,on,pdf_marker,39,3150.6,120.5,13.1,46.0,9.0,26.7,True,20,68.0,2.0,at_break,False
Spain,Yeremy PINO,45,on,pdf_marker,39,5673.8,452.4,136.2,80.0,31.0,29.8,True,45,68.0,-23.0,before_break,False
Saudi Arabia,KHALID ALGHANNAM,90,on,pdf_marker,39,790.3,36.6,10.0,4.0,18.0,23.4,True,0,68.0,22.0,after_break,True
Saudi Arabia,ALA ALHAJJI,60,on,pdf_marker,39,,,,,,,False,30,68.0,-8.0,before_break,False
Saudi Arabia,ABDULLAH ALHAMDDAN,45,on,pdf_marker,39,6031.9,464.4,141.7,100.0,32.0,30.5,True,45,68.0,-23.0,before_break,False
Saudi Arabia,MOHAMMED ABU ALSHAMAT,60,on,pdf_marker,39,3905.9,274.2,98.4,51.0,20.0,31.3,True,30,68.0,-8.0,before_break,False
Spain,Nicholas Williams,61,on,lineup_derived,39,3547.7,260.0,142.9,41.0,25.0,33.7,True,29,68.0,-7.0,before_break,False
Saudi Arabia,Ibrahim Mohamed,46,on,lineup_derived,39,5336.4,248.9,128.1,69.0,19.0,29.9,True,44,68.0,-22.0,before_break,False
Uruguay,Nicolas DE LA CRUZ,70,on,pdf_marker,40,2893.1,258.9,133.1,40.0,20.0,29.9,True,20,71.0,-1.0,at_break,False
Uruguay,Darwin NUNEZ,70,on,pdf_marker,40,2699.2,162.3,179.7,20.0,14.0,34.6,True,20,71.0,-1.0,at_break,False
Uruguay,Brian RODRIGUEZ,82,on,pdf_marker,40,1849.7,122.1,96.1,29.0,13.0,34.9,True,8,71.0,11.0,after_break,False
Cabo Verde,DEROY DUARTE,45,on,pdf_marker,40,5187.8,192.1,70.2,54.0,15.0,30.0,True,45,71.0,-26.0,before_break,False
Cabo Verde,LAROS DUARTE,71,on,pdf_marker,40,3079.2,133.2,40.6,45.0,12.0,29.3,True,19,71.0,0.0,at_break,False
Cabo Verde,NUNO DA COSTA,58,on,pdf_marker,40,3720.1,216.3,75.3,44.0,19.0,30.4,True,32,71.0,-13.0,before_break,False
Cabo Verde,HELIO VARELA,59,on,pdf_marker,40,4053.7,256.3,141.2,50.0,21.0,32.2,True,31,71.0,-12.0,before_break,False
Cabo Verde,SEMEDOJair Yannick,80,on,lineup_derived,40,2227.6,224.0,46.8,36.0,14.0,27.4,True,10,71.0,9.0,after_break,False
France,Malo GUSTO,83,on,pdf_marker,41,1092.4,28.5,5.1,7.0,3.0,26.2,True,7,,,after_break,True
France,Marcus THURAM,89,on,lineup_derived,41,295.8,21.0,5.0,2.0,20.0,22.1,True,1,,,after_break,True
France,Desire DOUE,67,on,pdf_marker,41,,,,,,,False,23,,,after_break,False
France,Rayan CHERKI,68,on,pdf_marker,41,3304.6,223.7,70.6,58.0,18.0,30.8,True,22,,,after_break,False
France,Maghnes AKLIOUCHE,83,on,pdf_marker,41,1369.8,70.2,14.3,24.0,5.0,26.6,True,7,,,after_break,False
Iraq,REBIN SULAKA,60,on,pdf_marker,41,3415.6,164.4,54.5,29.0,13.0,30.7,True,30,,,after_break,False
Iraq,YOUSSEF AMYN,60,on,pdf_marker,41,3954.9,207.0,29.9,52.0,18.0,28.3,True,30,,,after_break,False
Iraq,ALI ALHAMADI,26,on,pdf_marker,41,8132.8,368.2,73.7,88.0,28.0,30.7,True,64,,,after_break,False
Iraq,MARKO FARJI,69,on,pdf_marker,41,,,,,,,False,21,,,after_break,False
Iraq,Hazar Anwar Aimar,68,on,lineup_derived,41,3139.1,90.8,41.0,6.0,21.0,24.6,True,22,,,after_break,True
Norway,Patrick BERG,45,on,pdf_marker,42,,,,,,,False,45,68.0,-23.0,before_break,False
Norway,Marcus HOLMGREN PEDERSEN,13,on,pdf_marker,42,10137.1,592.2,312.4,115.0,50.0,33.4,True,77,68.0,-55.0,before_break,False
Norway,Andreas SCHJELDERUP,71,on,pdf_marker,42,3509.3,240.8,126.9,42.0,16.0,29.5,True,19,68.0,3.0,at_break,False
Norway,Oscar BOBB,84,on,pdf_marker,42,1974.1,192.9,31.0,28.0,12.0,27.0,True,6,68.0,16.0,after_break,False
Senegal,Mory DIAW,63,on,pdf_marker,42,,,,,,,False,27,68.0,-5.0,before_break,False
Senegal,Pathe CISS,63,on,pdf_marker,42,3547.9,158.9,4.9,34.0,12.0,25.2,True,27,68.0,-5.0,before_break,False
Senegal,Ismail JAKOBS,54,on,pdf_marker,42,5042.1,340.1,162.2,67.0,28.0,31.6,True,36,68.0,-14.0,before_break,False
Senegal,Pape Matar SARR,72,on,pdf_marker,42,3215.3,231.8,25.9,43.0,14.0,28.2,True,18,68.0,4.0,after_break,False
Senegal,Ibrahim MBAYE,54,on,pdf_marker,42,4104.7,203.8,107.3,52.0,17.0,34.7,True,36,68.0,-14.0,before_break,False
Norway,Leo Skiri Ostigard,84,on,lineup_derived,42,1704.1,24.3,19.0,3.0,6.0,21.3,True,6,68.0,16.0,after_break,True
Argentina,Leandro PAREDES,82,on,pdf_marker,43,2049.8,173.2,49.5,35.0,9.0,29.3,True,8,69.0,13.0,after_break,False
Argentina,Julian ALVAREZ,64,on,pdf_marker,43,3636.7,352.2,133.9,46.0,28.0,33.6,True,26,69.0,-5.0,before_break,False
Argentina,Nicolas OTAMENDI,58,on,pdf_marker,43,3681.0,146.2,39.6,36.0,11.0,28.8,True,32,69.0,-11.0,before_break,False
Austria,Marko ARNAUTOVIC Third,68,on,pdf_marker,43,2733.6,123.5,4.7,36.0,9.0,25.9,True,22,69.0,-1.0,at_break,False
Austria,Carney CHUKWUEMEKA,85,on,pdf_marker,43,1481.5,134.3,47.0,25.0,9.0,30.7,True,5,69.0,16.0,after_break,False
Austria,Patrick WIMMER,79,on,pdf_marker,43,2155.7,105.1,109.8,23.0,9.0,31.5,True,11,69.0,10.0,after_break,False
Austria,Alexander PRASS,68,on,pdf_marker,43,3243.0,198.4,210.7,37.0,15.0,31.0,True,22,69.0,-1.0,at_break,False
Austria,Marco FRIEDL,68,on,pdf_marker,43,2757.1,170.0,41.8,30.0,12.0,29.5,True,22,69.0,-1.0,at_break,False
Argentina,Nicolás Alejandro Tagliafico,82,on,lineup_derived,43,1791.2,123.6,28.6,22.0,7.0,28.6,True,8,69.0,13.0,after_break,False
Argentina,Nicolas Ivan Gonzalez,64,on,lineup_derived,43,,,,,,,False,26,69.0,-5.0,before_break,False
Jordan,ABDALLAH ALFAKHORI,76,on,lineup_derived,44,,,,,,,False,14,,,after_break,False
Jordan,ALI AZAIZEH,85,on,pdf_marker,44,10959.5,773.6,335.3,146.0,58.0,32.6,True,5,,,after_break,False
Algeria,Zineddine BELAID,86,on,pdf_marker,44,1471.6,103.0,13.6,18.0,8.0,27.2,True,4,,,after_break,False
Algeria,Anis HADJ MOUSSA,76,on,pdf_marker,44,2464.6,168.1,83.0,26.0,17.0,29.4,True,14,,,after_break,False
Algeria,Nadhir BENBOUALI,45,on,pdf_marker,44,5586.1,363.9,122.2,66.0,35.0,30.1,True,45,,,after_break,False
Algeria,Jaouen HADJAM,85,on,pdf_marker,44,1599.5,194.9,25.4,20.0,13.0,27.0,True,5,,,after_break,False
Algeria,Nabil BENTALEB,45,on,pdf_marker,44,6053.9,388.2,93.9,80.0,27.0,29.7,True,45,,,after_break,False
Jordan,Ali Hasan Mohammad,85,on,lineup_derived,44,,,,,,,False,5,,,after_break,False
Jordan,Faisal Yousef Mohammad,89,on,lineup_derived,44,,,,,,,False,1,,,after_break,False
Jordan,Amer Saleem Saleem,89,on,lineup_derived,44,775.8,63.2,11.0,6.0,24.0,24.1,True,1,,,after_break,True
Portugal,BERNARDO SILVA,76,on,pdf_marker,45,2816.6,224.1,67.1,48.0,16.0,29.6,True,14,69.0,7.0,after_break,False
Portugal,FRANCISCO TRINCAO,64,on,pdf_marker,45,4066.9,376.4,109.2,56.0,32.0,29.2,True,26,69.0,-5.0,before_break,False
Portugal,RAFAEL LEAO,83,on,pdf_marker,45,1377.3,106.1,23.0,21.0,7.0,30.8,True,7,69.0,14.0,after_break,False
Portugal,FRANCISCO CONCEICAO,45,on,pdf_marker,45,5209.4,393.5,313.6,43.0,30.0,33.4,True,45,69.0,-24.0,before_break,False
Uzbekistan,Khojiakbar ALIJONOV,45,on,pdf_marker,45,5294.6,418.1,238.3,77.0,29.0,32.4,True,45,69.0,-24.0,before_break,False
Uzbekistan,Akmal MOZGOVOY,45,on,pdf_marker,45,5874.2,364.7,129.5,89.0,29.0,32.2,True,45,69.0,-24.0,before_break,False
Uzbekistan,Ruslanbek JIYANOV,89,on,lineup_derived,45,588.9,54.6,33.1,9.0,4.0,29.4,True,1,69.0,20.0,after_break,True
Uzbekistan,Igor SERGEEV,73,on,pdf_marker,45,2813.5,201.1,38.0,12.0,23.0,24.8,True,17,69.0,4.0,after_break,False
Uzbekistan,Sherzod ESANOV,89,on,lineup_derived,45,5254.7,354.1,188.8,59.0,27.0,34.1,True,1,69.0,20.0,after_break,False
Portugal,SEMEDONélson Nelson,46,on,lineup_derived,45,5360.6,361.7,315.0,72.0,28.0,33.8,True,44,69.0,-23.0,before_break,False
Colombia,Richard RIOS,77,on,pdf_marker,46,2217.5,160.4,66.1,28.0,13.0,28.7,True,13,68.0,9.0,after_break,False
Colombia,Jhon CORDOBA,58,on,pdf_marker,46,3413.1,162.0,33.8,42.0,10.0,28.2,True,32,68.0,-10.0,before_break,False
Colombia,Juan QUINTERO,58,on,pdf_marker,46,3929.9,263.6,13.2,45.0,13.0,26.0,True,32,68.0,-10.0,before_break,False
Congo DR,Nathanael MBUKU Third,82,on,pdf_marker,46,1843.5,141.6,39.9,22.0,8.0,32.4,True,8,68.0,14.0,after_break,False
Congo DR,Joris KAYEMBE,72,on,pdf_marker,46,2282.4,172.4,42.4,25.0,10.0,29.7,True,18,68.0,4.0,after_break,False
Congo DR,Noah SADIKI,45,on,pdf_marker,46,5321.1,223.0,91.2,58.0,17.0,30.9,True,45,68.0,-23.0,before_break,False
Congo DR,Charles PICKEL,72,on,pdf_marker,46,2669.7,178.0,68.3,30.0,14.0,30.8,True,18,68.0,4.0,after_break,False
Congo DR,Simon BANZA,57,on,pdf_marker,46,3747.5,205.5,77.9,47.0,15.0,29.9,True,33,68.0,-11.0,before_break,False
England,Nico OREILLY,66,on,pdf_marker,47,3206.2,194.1,88.4,37.0,16.0,32.8,True,24,70.0,-4.0,before_break,False
England,Bukayo SAKA,65,on,pdf_marker,47,2981.2,104.3,36.2,34.0,9.0,30.0,True,25,70.0,-5.0,before_break,False
England,Marcus RASHFORD,83,on,pdf_marker,47,1492.5,95.4,50.0,16.0,10.0,29.2,True,7,70.0,13.0,after_break,False
England,Morgan ROGERS,74,on,pdf_marker,47,2685.4,111.1,35.5,32.0,10.0,26.6,True,16,70.0,4.0,after_break,False
England,Eberechi EZE,74,on,pdf_marker,47,2270.2,146.4,8.1,19.0,9.0,26.7,True,16,70.0,4.0,after_break,False
Ghana,Abdul FATAWU,66,on,pdf_marker,47,3287.0,173.9,67.7,50.0,14.0,30.8,True,24,70.0,-4.0,before_break,False
Ghana,Kojo Peprah OPPONG,87,on,pdf_marker,47,,,,,,,False,3,70.0,17.0,after_break,False
Ghana,Prince ADU,67,on,pdf_marker,47,2867.8,132.6,124.2,32.0,12.0,33.7,True,23,70.0,-3.0,at_break,False
Ghana,Abdul Rahman Rahman,89,on,lineup_derived,47,,,,,,,False,1,70.0,19.0,after_break,False
Panama,Tomas RODRIGUEZ,90,on,pdf_marker,48,509.3,32.5,20.7,9.0,3.0,30.7,True,0,69.0,21.0,after_break,True
Panama,Eric DAVIS,90,on,pdf_marker,48,604.7,46.2,5.6,12.0,4.0,26.0,True,0,69.0,21.0,after_break,False
Panama,Cecilio WATERMAN,77,on,pdf_marker,48,1645.1,116.0,79.9,15.0,9.0,30.3,True,13,69.0,8.0,after_break,False
Panama,Azarias LONDONO,83,on,pdf_marker,48,1394.9,69.2,31.1,17.0,5.0,27.1,True,7,69.0,14.0,after_break,False
Croatia,Andrej KRAMARIC,45,on,pdf_marker,48,6146.8,450.8,171.5,92.0,31.0,30.3,True,45,69.0,-24.0,before_break,False
Croatia,Ante BUDIMIR,45,on,pdf_marker,48,5475.0,408.9,221.9,55.0,33.0,31.0,True,45,69.0,-24.0,before_break,False
Croatia,Mario PASALIC,81,on,pdf_marker,48,1617.2,120.9,6.6,30.0,11.0,26.7,True,9,69.0,12.0,after_break,False
Croatia,Petar SUCIC,72,on,pdf_marker,48,2757.6,159.6,80.2,43.0,11.0,31.6,True,18,69.0,3.0,at_break,False
Croatia,Luka SUCIC,72,on,pdf_marker,48,2774.8,221.4,101.2,31.0,17.0,29.8,True,18,69.0,3.0,at_break,False
Czechia,Patrik SCHICK,64,on,pdf_marker,49,3442.0,250.0,20.9,46.0,15.0,26.0,True,26,68.0,-4.0,before_break,False
Czechia,Lukas PROVOD,56,on,pdf_marker,49,4480.4,310.9,134.8,62.0,22.0,31.0,True,34,68.0,-12.0,before_break,False
Czechia,Tomas CHORY,87,on,pdf_marker,49,1218.8,122.1,54.5,19.0,10.0,28.3,True,3,68.0,19.0,after_break,False
Czechia,Tomas SOUCEK,64,on,pdf_marker,49,2470.7,178.5,82.8,43.0,10.0,28.5,True,26,68.0,-4.0,before_break,False
Czechia,Alexandr SOJKA,87,on,pdf_marker,49,1477.6,147.9,29.3,32.0,10.0,26.8,True,3,68.0,19.0,after_break,False
Mexico,Guillermo OCHOA,78,on,pdf_marker,49,7134.9,442.8,75.1,76.0,37.0,29.7,True,12,68.0,10.0,after_break,False
Mexico,Alvaro FIDALGO,72,on,pdf_marker,49,3319.6,313.1,174.9,57.0,22.0,31.1,True,18,68.0,4.0,after_break,False
Mexico,Santiago GIMENEZ,63,on,pdf_marker,49,3485.5,172.9,55.0,52.0,14.0,29.8,True,27,68.0,-5.0,before_break,False
Mexico,Obed VARGAS,63,on,pdf_marker,49,4004.8,202.5,53.0,79.0,17.0,28.2,True,27,68.0,-5.0,before_break,False
Mexico,Jesus GALLARDO,78,on,pdf_marker,49,2127.0,117.3,23.4,25.0,8.0,30.7,True,12,68.0,10.0,after_break,False
South Africa,Tshepang MOREMI,62,on,lineup_derived,50,4272.2,347.3,170.7,51.0,30.0,33.0,True,28,69.0,-7.0,before_break,False
South Africa,Iqraam RAYNERS,75,on,pdf_marker,50,2481.5,173.8,109.5,28.0,15.0,30.6,True,15,69.0,6.0,after_break,False
South Africa,Jayden ADAMS,80,on,pdf_marker,50,2192.7,153.4,8.5,30.0,11.0,26.4,True,10,69.0,11.0,after_break,False
South Korea,CHO Guesung,74,on,pdf_marker,50,,,,,,,False,16,69.0,5.0,after_break,False
South Korea,PARK Jinseob,65,on,pdf_marker,50,,,,,,,False,25,69.0,-4.0,before_break,False
South Korea,CASTROP Jens,45,on,pdf_marker,50,,,,,,,False,45,69.0,-24.0,before_break,False
South Korea,KIM Jingyu,45,on,pdf_marker,50,,,,,,,False,45,69.0,-24.0,before_break,False
South Korea,Heung Min Son,46,on,lineup_derived,50,,,,,,,False,44,69.0,-23.0,before_break,False
Switzerland,Dan NDOYE,80,on,pdf_marker,51,2053.9,162.6,44.5,31.0,15.0,27.8,True,10,71.0,9.0,after_break,False
Switzerland,Christian FASSNACHT,85,on,pdf_marker,51,1743.8,192.5,71.6,31.0,14.0,31.7,True,5,71.0,14.0,after_break,False
Switzerland,Michel AEBISCHER,74,on,pdf_marker,51,2903.7,270.4,88.6,51.0,22.0,31.3,True,16,71.0,3.0,at_break,False
Switzerland,Cedric ITTEN,85,on,pdf_marker,51,1632.0,121.4,9.6,22.0,11.0,27.7,True,5,71.0,14.0,after_break,False
Canada,Stephen EUSTAQUIO,58,on,pdf_marker,51,4815.2,206.0,26.6,79.0,12.0,26.9,True,32,71.0,-13.0,before_break,False
Canada,Liam MILLAR,58,on,pdf_marker,51,4328.5,229.0,188.6,51.0,19.0,32.0,True,32,71.0,-13.0,before_break,False
Canada,Jacob SHAFFELBURG,83,on,pdf_marker,51,1952.7,239.8,70.4,27.0,17.0,29.5,True,7,71.0,12.0,after_break,False
Canada,Promise DAVID,74,on,lineup_derived,51,2194.3,126.6,30.9,21.0,10.0,30.1,True,16,71.0,3.0,at_break,False
Switzerland,Silvan Dominic Widmer,74,on,lineup_derived,51,2335.4,112.2,30.9,35.0,10.0,27.1,True,16,71.0,3.0,at_break,False
Canada,Tanitoluwa Oluwatimilehin Oluwaseyi,58,on,lineup_derived,51,3749.9,239.9,102.1,42.0,22.0,33.7,True,32,71.0,-13.0,before_break,False
Bosnia and Herzegovina,Benjamin TAHIROVIC,45,on,pdf_marker,52,5809.0,336.2,113.4,74.0,24.0,30.9,True,45,69.0,-24.0,before_break,False
Bosnia and Herzegovina,Amar MEMIC,45,on,pdf_marker,52,5330.0,394.1,226.7,54.0,32.0,31.7,True,45,69.0,-24.0,before_break,False
Bosnia and Herzegovina,Dzenis BURNIC,82,on,pdf_marker,52,1721.5,101.5,20.7,22.0,8.0,28.4,True,8,69.0,13.0,after_break,False
Bosnia and Herzegovina,Ermin MAHMIC,64,on,pdf_marker,52,4063.9,286.7,142.6,57.0,23.0,30.3,True,26,69.0,-5.0,before_break,False
Qatar,AHMED ALAAELDIN,79,on,pdf_marker,52,1839.7,136.4,40.0,22.0,12.0,27.3,True,11,69.0,10.0,after_break,False
Qatar,AHMED ALGANEHI,55,on,pdf_marker,52,4200.6,340.5,139.1,51.0,24.0,30.0,True,35,69.0,-14.0,before_break,False
Qatar,ALMOEZ ALI,72,on,pdf_marker,52,2859.0,140.8,17.2,38.0,11.0,26.6,True,18,69.0,3.0,at_break,False
Qatar,MOHAMED MANAI,79,on,pdf_marker,52,,,,,,,False,11,69.0,10.0,after_break,False
Bosnia and Herzegovina,Dennis Hadzikadunic,63,on,lineup_derived,52,3338.8,114.9,46.3,32.0,11.0,28.3,True,27,69.0,-6.0,before_break,False
Qatar,Hatim Abdulaziz Hatem,46,on,lineup_derived,52,5827.0,424.4,31.1,86.0,28.0,27.1,True,44,69.0,-23.0,before_break,False
Scotland,Kieran TIERNEY,45,on,pdf_marker,53,5462.9,246.0,165.9,51.0,26.0,32.6,True,45,68.0,-23.0,before_break,False
Scotland,Che ADAMS,89,on,lineup_derived,53,703.1,69.6,4.0,16.0,4.0,25.6,True,1,68.0,21.0,after_break,False
Scotland,Ryan CHRISTIE,82,on,pdf_marker,53,1943.6,82.8,58.0,29.0,7.0,31.4,True,8,68.0,14.0,after_break,False
Scotland,Anthony RALSTON,82,on,pdf_marker,53,1776.7,75.6,40.4,17.0,6.0,27.6,True,8,68.0,14.0,after_break,False
Scotland,Findlay CURTIS,89,on,lineup_derived,53,811.2,29.3,73.1,11.0,4.0,33.8,True,1,68.0,21.0,after_break,True
Brazil,ALEX SANDRO Third,82,on,pdf_marker,53,1822.5,114.8,14.6,31.0,8.0,26.6,True,8,68.0,14.0,after_break,False
Brazil,NEYMAR JR,76,on,pdf_marker,53,2431.0,141.2,15.4,33.0,8.0,26.4,True,14,68.0,8.0,after_break,False
Brazil,FABINHO,65,on,pdf_marker,53,3200.6,88.2,8.9,36.0,8.0,27.4,True,25,68.0,-3.0,at_break,False
Brazil,ENDRICK,82,on,pdf_marker,53,1569.0,92.9,123.8,13.0,9.0,33.9,True,8,68.0,14.0,after_break,False
Brazil,MARTINELLIGabriel Gabriel,66,on,lineup_derived,53,,,,,,,False,24,68.0,-2.0,at_break,False
Morocco,Noussair MAZRAOUI,83,on,pdf_marker,54,1298.7,54.4,11.0,4.0,8.0,23.8,True,7,68.0,15.0,after_break,True
Morocco,Soufiane RAHIMI,70,on,pdf_marker,54,3005.4,283.1,92.0,40.0,20.0,29.8,True,20,68.0,2.0,at_break,False
Morocco,Samir EL MOURABET,83,on,pdf_marker,54,1477.3,93.7,21.5,24.0,7.0,27.2,True,7,68.0,15.0,after_break,False
Morocco,Gessime YASSINE,70,on,pdf_marker,54,2611.7,256.1,21.1,23.0,15.0,26.2,True,20,68.0,2.0,at_break,False
Haiti,Carlens ARCUS,80,on,pdf_marker,54,1676.5,209.7,89.6,24.0,12.0,30.2,True,10,68.0,12.0,after_break,False
Haiti,Duckens NAZON,67,on,pdf_marker,54,2597.1,65.6,50.8,27.0,8.0,27.7,True,23,68.0,-1.0,at_break,False
Haiti,Frantzdy PIERROT,83,on,pdf_marker,54,1239.7,69.4,9.4,12.0,3.0,26.4,True,7,68.0,15.0,after_break,False
Haiti,Dominique SIMON,80,on,pdf_marker,54,1780.0,125.9,14.4,35.0,7.0,26.0,True,10,68.0,12.0,after_break,False
Morocco,Azz-Eddine Ounahi,70,on,lineup_derived,54,8458.6,380.4,241.9,84.0,32.0,32.4,True,20,68.0,2.0,at_break,False
Haiti,Don Deedson Deedson,67,on,lineup_derived,54,2617.0,175.8,119.7,28.0,15.0,31.4,True,23,68.0,-1.0,at_break,False
Türkiye,Irfan Can KAHVECI,89,on,lineup_derived,55,,,,,,,False,1,67.0,22.0,after_break,False
Türkiye,Kaan AYHAN,88,on,pdf_marker,55,1239.0,97.9,77.0,13.0,7.0,30.6,True,2,67.0,21.0,after_break,False
Türkiye,Can UZUN,84,on,pdf_marker,55,,,,,,,False,6,67.0,17.0,after_break,False
USA,Sergino DEST,76,on,pdf_marker,55,2819.4,202.5,136.9,40.0,18.0,32.9,True,14,67.0,9.0,after_break,False
USA,Christian PULISIC,58,on,pdf_marker,55,4955.8,287.8,151.5,67.0,24.0,32.4,True,32,67.0,-9.0,before_break,False
USA,Malik TILLMAN,86,on,pdf_marker,55,1432.0,77.0,20.5,22.0,4.0,26.8,True,4,67.0,19.0,after_break,False
Türkiye,Ça ğ lar Soyuncu,84,on,lineup_derived,55,1394.5,32.3,9.0,3.0,17.0,24.2,True,6,67.0,17.0,after_break,True
USA,Alexander Michael Freeman,76,on,lineup_derived,55,2513.3,167.4,96.9,30.0,11.0,29.8,True,14,67.0,9.0,after_break,False
USA,Alejandro Zendejas,76,on,lineup_derived,55,3064.7,287.6,50.4,53.0,20.0,27.9,True,14,67.0,9.0,after_break,False
Paraguay,MAURICIO,45,on,pdf_marker,56,,,,,,,False,45,68.0,-23.0,before_break,False
Paraguay,Jose CANALE,84,on,pdf_marker,56,10661.4,453.2,150.0,147.0,35.0,32.3,True,6,68.0,16.0,after_break,False
Paraguay,Damian BOBADILLA,89,on,lineup_derived,56,578.2,60.0,3.1,10.0,5.0,25.4,True,1,68.0,21.0,after_break,True
Paraguay,Alex ARCE,67,on,pdf_marker,56,3357.5,255.2,84.2,55.0,19.0,29.6,True,23,68.0,-1.0,at_break,False
Australia,Ajdin HRUSTIC,58,on,pdf_marker,56,4673.2,347.5,128.7,82.0,29.0,29.0,True,32,68.0,-10.0,before_break,False
Australia,Tete YENGI,84,on,pdf_marker,56,,,,,,,False,6,68.0,16.0,after_break,False
Paraguay,Júnior Osmar Ignacio Alonso,89,on,lineup_derived,56,466.9,26.1,8.0,2.0,11.0,23.7,True,1,68.0,21.0,after_break,True
Australia,Paul Michael Junior Okon-Engstler,84,on,lineup_derived,56,1489.8,108.4,29.0,7.0,26.0,23.4,True,6,68.0,16.0,after_break,True
Ecuador,Felix TORRES,85,on,pdf_marker,57,,,,,,,False,5,69.0,16.0,after_break,False
Ecuador,Pervis ESTUPINAN,71,on,pdf_marker,57,2912.7,184.0,40.3,47.0,14.0,27.0,True,19,69.0,2.0,at_break,False
Ecuador,Kevin RODRIGUEZ,64,on,pdf_marker,57,3638.4,282.4,114.9,44.0,26.0,32.5,True,26,69.0,-5.0,before_break,False
Ecuador,Jordy CAICEDO,85,on,pdf_marker,57,1531.0,67.3,13.4,21.0,8.0,26.7,True,5,69.0,16.0,after_break,False
Ecuador,Angelo PRECIADO,64,on,pdf_marker,57,3528.7,190.2,124.5,43.0,15.0,31.4,True,26,69.0,-5.0,before_break,False
Germany,Pascal GROSS,73,on,pdf_marker,57,3218.5,239.1,31.8,58.0,15.0,30.7,True,17,69.0,4.0,after_break,False
Germany,Maximilian BEIER,64,on,pdf_marker,57,3573.9,203.4,177.9,46.0,16.0,32.7,True,26,69.0,-5.0,before_break,False
Germany,Angelo STILLER,45,on,pdf_marker,57,5947.3,255.4,53.9,85.0,18.0,26.6,True,45,69.0,-24.0,before_break,False
Germany,Malick THIAW,60,on,pdf_marker,57,3878.9,204.7,23.5,51.0,15.0,26.5,True,30,69.0,-9.0,before_break,False
Germany,Deniz UNDAV,60,on,pdf_marker,57,3667.3,190.9,40.7,46.0,14.0,26.4,True,30,69.0,-9.0,before_break,False
Curaçao,Shurandy SAMBO,90,on,pdf_marker,58,726.3,54.7,9.0,4.0,11.0,24.9,True,0,68.0,22.0,after_break,True
Curaçao,Jeremy ANTONISSE,62,on,pdf_marker,58,,,,,,,False,28,68.0,-6.0,before_break,False
Curaçao,Tyrese NOSLIN,77,on,pdf_marker,58,2453.1,281.9,86.9,42.0,19.0,30.7,True,13,68.0,9.0,after_break,False
Curaçao,Brandley KUWAS,90,on,pdf_marker,58,839.6,101.5,14.9,16.0,7.0,29.2,True,0,68.0,22.0,after_break,False
Curaçao,Gervane KASTANEER,77,on,pdf_marker,58,1961.0,87.8,28.4,21.0,7.0,27.6,True,13,68.0,9.0,after_break,False
Côte d'Ivoire,Jean Michael SERI Third,77,on,pdf_marker,58,2281.4,97.6,26.7,28.0,7.0,27.2,True,13,68.0,9.0,after_break,False
Côte d'Ivoire,Elye WAHI,67,on,pdf_marker,58,2826.7,208.8,115.9,37.0,19.0,29.5,True,23,68.0,-1.0,at_break,False
Côte d'Ivoire,Oumar DIAKITE,67,on,pdf_marker,58,2889.6,118.8,164.0,24.0,11.0,32.1,True,23,68.0,-1.0,at_break,False
Côte d'Ivoire,Bazoumana TOURE,67,on,pdf_marker,58,3173.4,213.2,138.0,40.0,18.0,30.4,True,23,68.0,-1.0,at_break,False
Côte d'Ivoire,Christ Inao OULAI,45,on,pdf_marker,58,5009.2,200.8,24.9,58.0,17.0,26.4,True,45,68.0,-23.0,before_break,False
Tunisia,Mortadha BEN OUANES,68,on,pdf_marker,59,3379.0,196.6,74.2,38.0,18.0,28.6,True,22,69.0,-1.0,at_break,False
Tunisia,Mohamed HADJ MAHMOUD,67,on,pdf_marker,59,3364.0,224.0,119.9,37.0,18.0,29.8,True,23,69.0,-2.0,at_break,False
Tunisia,Firas CHAOUAT,75,on,pdf_marker,59,2418.8,161.1,121.4,25.0,13.0,34.4,True,15,69.0,6.0,after_break,False
Tunisia,Sebastian TOUNEKTI,90,on,pdf_marker,59,754.4,59.3,27.1,9.0,6.0,29.0,True,0,69.0,21.0,after_break,True
Netherlands,Justin KLUIVERT,72,on,pdf_marker,59,2836.5,172.0,87.2,44.0,14.0,30.1,True,18,69.0,3.0,at_break,False
Netherlands,Memphis DEPAY,77,on,pdf_marker,59,2207.1,92.9,31.3,40.0,6.0,29.7,True,13,69.0,8.0,after_break,False
Netherlands,Noa LANG,84,on,pdf_marker,59,1447.2,106.0,15.2,25.0,5.0,26.1,True,6,69.0,15.0,after_break,False
Netherlands,Teun KOOPMEINERS,72,on,pdf_marker,59,2954.1,84.4,14.1,38.0,5.0,25.6,True,18,69.0,3.0,at_break,False
Netherlands,Crysencio SUMMERVILLE,72,on,pdf_marker,59,2549.1,157.2,68.6,26.0,16.0,29.2,True,18,69.0,3.0,at_break,False
Tunisia,Mohamed Elyes Achouri,67,on,lineup_derived,59,,,,,,,False,23,69.0,-2.0,at_break,False
Japan,Shogo TANIGUCHI,39,on,pdf_marker,60,5742.3,184.2,50.0,60.0,18.0,30.4,True,51,68.0,-29.0,before_break,False
Japan,Junya ITO,66,on,pdf_marker,60,2730.8,112.6,89.3,23.0,10.0,33.3,True,24,68.0,-2.0,at_break,False
Japan,Tsuyoshi WATANABE,75,on,pdf_marker,60,2089.6,79.7,23.7,23.0,6.0,27.7,True,15,68.0,7.0,after_break,False
Japan,Koki OGAWA,66,on,pdf_marker,60,3089.8,108.7,10.9,43.0,11.0,25.7,True,24,68.0,-2.0,at_break,False
Sweden,Daniel SVENSSON,75,on,pdf_marker,60,2559.6,189.7,32.8,30.0,13.0,27.9,True,15,68.0,7.0,after_break,False
Sweden,Benjamin NYGREN,88,on,pdf_marker,60,1221.1,133.3,9.6,20.0,11.0,27.5,True,2,68.0,20.0,after_break,False
Sweden,Ken SEMA,75,on,pdf_marker,60,2294.5,97.8,16.8,22.0,7.0,27.7,True,15,68.0,7.0,after_break,False
Sweden,Carl STARFELT,87,on,pdf_marker,60,1116.7,48.3,7.2,8.0,3.0,26.3,True,3,68.0,19.0,after_break,True
Japan,Yuto Nagatomo,75,on,lineup_derived,60,2551.7,121.2,78.3,38.0,9.0,28.6,True,15,68.0,7.0,after_break,False
Sweden,Lucas Erik Holger Bergvall,37,on,lineup_derived,60,7566.7,344.4,105.6,98.0,31.0,32.6,True,53,68.0,-31.0,before_break,False
New Zealand,Francis DE VRIES,79,on,pdf_marker,61,1986.0,102.1,120.1,24.0,10.0,32.3,True,11,69.0,10.0,after_break,False
New Zealand,Jesse RANDALL,45,on,pdf_marker,61,5847.2,517.2,269.1,76.0,44.0,33.5,True,45,69.0,-24.0,before_break,False
Belgium,Romelu LUKAKU,85,on,lineup_derived,61,1200.9,55.0,105.3,11.0,5.0,30.9,True,5,69.0,16.0,after_break,True
Belgium,Alexis SAELEMAEKERS,72,on,pdf_marker,61,2932.9,187.4,197.7,31.0,13.0,32.3,True,18,69.0,3.0,at_break,False
Belgium,Nicolas RASKIN,85,on,pdf_marker,61,1415.8,139.5,7.8,19.0,8.0,25.4,True,5,69.0,16.0,after_break,False
Belgium,Amadou ONANA,72,on,pdf_marker,61,2887.8,146.5,55.6,40.0,11.0,30.4,True,18,69.0,3.0,at_break,False
New Zealand,Michael Joseph Boxall,64,on,lineup_derived,61,2884.9,150.2,188.6,19.0,12.0,32.9,True,26,69.0,-5.0,before_break,False
New Zealand,Benjamin Craig Old,46,on,lineup_derived,61,5818.8,456.7,211.2,79.0,32.0,32.2,True,44,69.0,-23.0,before_break,False
New Zealand,Mc,64,on,lineup_derived,61,,,,,,,False,26,69.0,-5.0,before_break,False
Belgium,Matias Fernandez-Pardo,56,on,lineup_derived,61,4605.6,370.2,325.5,46.0,32.0,34.8,True,34,69.0,-13.0,before_break,False
Egypt,HAMZA ABDELKARIM,76,on,pdf_marker,62,2641.9,146.0,51.4,37.0,10.0,29.4,True,14,69.0,7.0,after_break,False
Egypt,MARAWAN ATTIA,45,on,pdf_marker,62,6165.5,356.4,79.0,94.0,29.0,29.3,True,45,69.0,-24.0,before_break,False
Egypt,ZIZO,57,on,pdf_marker,62,4336.6,303.2,117.2,46.0,21.0,28.9,True,33,69.0,-12.0,before_break,False
IR Iran,Saleh HARDANI,45,on,pdf_marker,62,5015.5,211.0,117.5,55.0,20.0,31.7,True,45,69.0,-24.0,before_break,False
IR Iran,Alireza JAHANBAKHSH,89,on,lineup_derived,62,877.2,40.4,44.9,12.0,5.0,29.0,True,1,69.0,20.0,after_break,False
IR Iran,Shahriyar MOGHANLOO,67,on,pdf_marker,62,3624.5,144.1,36.2,53.0,11.0,28.9,True,23,69.0,-2.0,at_break,False
Egypt,Ahmed Ibrahim Yasser,14,on,lineup_derived,62,8890.2,399.8,159.7,104.0,32.0,33.4,True,76,69.0,-55.0,before_break,False
Egypt,Mohamed Abdelsalam Omar,46,on,lineup_derived,62,,,,,,,False,44,69.0,-23.0,before_break,False
Uruguay,Sergio ROCHET,45,on,pdf_marker,63,3079.4,27.3,16.5,6.0,3.0,28.2,True,45,68.0,-23.0,before_break,True
Uruguay,Nicolas DE LA CRUZ,45,on,pdf_marker,63,6185.9,445.2,128.3,90.0,29.0,29.6,True,45,68.0,-23.0,before_break,False
Uruguay,Brian RODRIGUEZ,70,on,pdf_marker,63,2790.6,184.5,36.7,34.0,14.0,29.2,True,20,68.0,2.0,at_break,False
Uruguay,Federico VINAS,57,on,pdf_marker,63,3897.5,274.5,91.3,38.0,21.0,29.1,True,33,68.0,-11.0,before_break,False
Spain,Ferran TORRES,76,on,pdf_marker,63,2150.0,109.3,59.0,22.0,11.0,30.6,True,14,68.0,8.0,after_break,False
Spain,Fabian RUIZ,60,on,pdf_marker,63,4086.2,126.7,59.1,55.0,12.0,30.1,True,30,68.0,-8.0,before_break,False
Spain,Yeremy PINO,66,on,pdf_marker,63,3173.1,219.5,84.0,34.0,14.0,30.7,True,24,68.0,-2.0,at_break,False
Spain,Daniel Olmo,60,on,lineup_derived,63,3833.6,172.5,56.5,56.0,17.0,28.8,True,30,68.0,-8.0,before_break,False
Spain,Nicholas Williams,76,on,lineup_derived,63,2121.9,128.1,61.1,16.0,12.0,31.5,True,14,68.0,8.0,after_break,False
Cabo Verde,LAROS DUARTE,71,on,pdf_marker,64,3113.6,148.6,90.5,42.0,11.0,31.8,True,19,69.0,2.0,at_break,False
Cabo Verde,NUNO DA COSTA,61,on,pdf_marker,64,3420.3,193.9,95.1,28.0,16.0,30.1,True,29,69.0,-8.0,before_break,False
Cabo Verde,HELIO VARELA,61,on,pdf_marker,64,4025.9,249.0,129.9,58.0,22.0,31.4,True,29,69.0,-8.0,before_break,False
Saudi Arabia,MUSAB ALJUWAYR,45,on,pdf_marker,64,6394.5,406.5,33.6,98.0,28.0,29.5,True,45,69.0,-24.0,before_break,False
Saudi Arabia,ABDULLAH ALHAMDDAN,66,on,pdf_marker,64,3783.1,373.2,65.4,56.0,26.0,31.6,True,24,69.0,-3.0,at_break,False
Saudi Arabia,MOTEB ALHARBI,82,on,pdf_marker,64,1761.6,196.6,140.7,20.0,18.0,33.3,True,8,69.0,13.0,after_break,False
Saudi Arabia,MOHAMMED ABU ALSHAMAT,66,on,pdf_marker,64,3748.4,268.8,102.9,58.0,21.0,28.8,True,24,69.0,-3.0,at_break,False
Cabo Verde,RODRIGUESGarry Garry,71,on,lineup_derived,64,3101.9,267.7,99.5,49.0,20.0,31.2,True,19,69.0,2.0,at_break,False
Cabo Verde,MOREIRASteven Steven,89,on,lineup_derived,64,,,,,,,False,1,69.0,20.0,after_break,False
Saudi Arabia,Mohammed Ali Lajami,33,on,lineup_derived,64,6813.2,366.7,85.8,56.0,21.0,30.6,True,57,69.0,-36.0,before_break,False
Norway,Morten THORSBY,45,on,pdf_marker,65,6152.6,389.1,146.0,107.0,30.0,29.8,True,45,68.0,-23.0,before_break,False
Norway,Marcus HOLMGREN PEDERSEN,45,on,pdf_marker,65,5262.5,294.0,161.5,47.0,24.0,35.6,True,45,68.0,-23.0,before_break,False
Norway,Antonio NUSA,83,on,pdf_marker,65,1389.8,61.8,32.9,18.0,7.0,30.4,True,7,68.0,15.0,after_break,False
Norway,Jens Petter HAUGE,83,on,pdf_marker,65,1718.7,153.2,47.3,26.0,14.0,29.2,True,7,68.0,15.0,after_break,False
Norway,Sondre LANGAS,67,on,pdf_marker,65,2880.7,122.1,128.3,26.0,11.0,35.5,True,23,68.0,-1.0,at_break,False
France,Malo GUSTO,87,on,pdf_marker,65,953.5,30.2,7.0,3.0,12.0,23.4,True,3,68.0,19.0,after_break,True
France,Bradley BARCOLA,65,on,pdf_marker,65,,,,,,,False,25,68.0,-3.0,at_break,False
France,Ibrahima KONATE,76,on,pdf_marker,65,1968.4,40.2,18.0,3.0,22.0,24.7,True,14,68.0,8.0,after_break,True
France,Rayan CHERKI,65,on,pdf_marker,65,3592.1,244.1,87.1,45.0,16.0,29.4,True,25,68.0,-3.0,at_break,False
France,Jean-Philippe Mateta,86,on,lineup_derived,65,,,,,,,False,4,68.0,18.0,after_break,False
Senegal,Pathe CISS,58,on,pdf_marker,66,3784.9,181.6,29.1,38.0,11.0,26.9,True,32,67.0,-9.0,before_break,False
Senegal,Assane DIAO,81,on,pdf_marker,66,1835.5,158.4,48.6,23.0,12.0,29.6,True,9,67.0,14.0,after_break,False
Senegal,Nicolas JACKSON,57,on,pdf_marker,66,3855.2,172.2,63.9,33.0,13.0,30.7,True,33,67.0,-10.0,before_break,False
Senegal,Iliman NDIAYE,57,on,pdf_marker,66,4404.8,237.3,146.5,56.0,21.0,32.6,True,33,67.0,-10.0,before_break,False
Senegal,Pape GUEYE,57,on,pdf_marker,66,4418.2,240.9,58.3,54.0,19.0,28.4,True,33,67.0,-10.0,before_break,False
Iraq,JALAL HASSAN,45,on,pdf_marker,66,,,,,,,False,45,67.0,-22.0,before_break,False
Iraq,MUNAF YOUNUS,16,on,pdf_marker,66,8749.7,297.6,78.2,63.0,22.0,30.1,True,74,67.0,-51.0,before_break,False
Iraq,ALI YOUSIF,58,on,pdf_marker,66,4539.7,338.1,150.2,69.0,22.0,32.4,True,32,67.0,-9.0,before_break,False
Iraq,AHMED MAKNAZI,58,on,pdf_marker,66,4276.4,227.8,95.7,55.0,16.0,29.7,True,32,67.0,-9.0,before_break,False
Iraq,KEVIN YAKOB,67,on,pdf_marker,66,3609.1,190.1,29.3,47.0,15.0,27.8,True,23,67.0,0.0,at_break,False
Jordan,MOUSA ALTAMARI,45,on,pdf_marker,67,5270.7,375.3,205.9,61.0,29.0,31.6,True,45,68.0,-23.0,before_break,False
Jordan,MAHMOUD ALMARDI,45,on,pdf_marker,67,5904.1,366.5,71.9,94.0,27.0,30.1,True,45,68.0,-23.0,before_break,False
Argentina,Valentin BARCO,71,on,pdf_marker,67,2814.6,216.7,32.8,41.0,14.0,28.2,True,19,68.0,3.0,at_break,False
Argentina,Lionel MESSI,60,on,pdf_marker,67,2517.2,116.7,3.4,16.0,9.0,25.7,True,30,68.0,-8.0,before_break,False
Argentina,Thiago ALMADA,60,on,pdf_marker,67,3789.6,320.3,76.1,51.0,22.0,29.2,True,30,68.0,-8.0,before_break,False
Argentina,Alexis MAC ALLISTER,61,on,pdf_marker,67,3505.6,148.7,7.0,43.0,10.0,26.4,True,29,68.0,-7.0,before_break,False
Argentina,Jose Manuel LOPEZ,82,on,pdf_marker,67,1465.8,124.4,18.5,22.0,11.0,27.6,True,8,68.0,14.0,after_break,False
Jordan,Rasem Adel Amer Jamous,76,on,lineup_derived,67,2137.0,152.2,19.8,48.0,10.0,27.1,True,14,68.0,8.0,after_break,False
Jordan,Faisal Yousef Mohammad,89,on,lineup_derived,67,697.4,60.7,14.6,11.0,6.0,26.7,True,1,68.0,21.0,after_break,True
Jordan,Amer Saleem Saleem,89,on,lineup_derived,67,2137.0,152.2,19.8,48.0,10.0,27.1,True,1,68.0,21.0,after_break,False
Algeria,Zineddine BELAID,71,on,pdf_marker,68,2309.4,39.2,19.0,4.0,15.0,24.2,True,19,68.0,3.0,at_break,True
Algeria,Fares GHEDJEMIS,89,on,lineup_derived,68,300.0,73.2,4.3,5.0,4.0,26.1,True,1,68.0,21.0,after_break,True
Algeria,Samir CHERGUI,71,on,pdf_marker,68,2625.1,60.9,18.5,20.0,6.0,27.9,True,19,68.0,3.0,at_break,False
Austria,Kevin DANSO Third,62,on,pdf_marker,68,3326.7,72.4,11.6,24.0,4.0,26.4,True,28,68.0,-6.0,before_break,False
Austria,Florian GRILLITSCH,45,on,pdf_marker,68,5995.0,247.2,23.4,63.0,19.0,26.7,True,45,68.0,-23.0,before_break,False
Austria,Michael GREGORITSCH,45,on,pdf_marker,68,5373.6,231.8,61.0,20.0,14.0,25.0,True,45,68.0,-23.0,before_break,False
Austria,Sasa KALAJDZIC,89,on,lineup_derived,68,,,,,,,False,1,68.0,21.0,after_break,False
Austria,Paul WANNER,45,on,pdf_marker,68,5849.0,179.9,60.8,54.0,13.0,27.7,True,45,68.0,-23.0,before_break,False
Algeria,Rayan Ait-Nouri,71,on,lineup_derived,68,,,,,,,False,19,68.0,3.0,at_break,False
Colombia,Daniel MUNOZ,87,on,pdf_marker,69,1158.0,146.6,65.9,15.0,13.0,31.6,True,3,68.0,19.0,after_break,False
Colombia,Richard RIOS,60,on,pdf_marker,69,3786.7,232.6,112.7,55.0,20.0,31.0,True,30,68.0,-8.0,before_break,False
Colombia,Juan QUINTERO,76,on,pdf_marker,69,2192.1,83.7,63.1,27.0,5.0,31.0,True,14,68.0,8.0,after_break,False
Colombia,Luis SUAREZ,60,on,pdf_marker,69,3092.9,167.4,139.7,19.0,15.0,34.4,True,30,68.0,-8.0,before_break,False
Portugal,DIOGO DALOT,45,on,pdf_marker,69,4952.7,328.0,95.4,53.0,20.0,31.9,True,45,68.0,-23.0,before_break,False
Portugal,JOAO NEVES,45,on,pdf_marker,69,,,,,,,False,45,68.0,-23.0,before_break,False
Portugal,RAFAEL LEAO,70,on,pdf_marker,69,2331.9,143.6,163.9,18.0,11.0,34.9,True,20,68.0,2.0,at_break,False
Portugal,SAMU COSTA,70,on,pdf_marker,69,2859.9,119.9,89.3,33.0,7.0,30.6,True,20,68.0,2.0,at_break,False
Colombia,Kevin Duvan Castano,76,on,lineup_derived,69,2192.8,158.4,9.2,31.0,9.0,25.4,True,14,68.0,8.0,after_break,False
Portugal,Luiz Matheus,89,on,lineup_derived,69,432.8,22.3,6.0,2.0,15.0,23.3,True,1,68.0,21.0,after_break,True
Congo DR,Ngalayel MUKAU,72,on,pdf_marker,70,3203.1,76.0,51.0,9.0,10.0,24.8,True,18,70.0,2.0,at_break,True
Congo DR,Theo BONGONDA,72,on,pdf_marker,70,,,,,,,False,18,70.0,2.0,at_break,False
Congo DR,Joris KAYEMBE,83,on,pdf_marker,70,1824.8,163.4,56.9,24.0,9.0,28.7,True,7,70.0,13.0,after_break,False
Congo DR,Meschack ELIA,72,on,pdf_marker,70,3143.3,223.9,84.2,41.0,23.0,30.6,True,18,70.0,2.0,at_break,False
Congo DR,Fiston MAYELE,51,on,pdf_marker,70,4982.1,327.2,152.6,65.0,32.0,32.9,True,39,70.0,-19.0,before_break,False
Uzbekistan,Jamshid ISKANDEROV Third,82,on,pdf_marker,70,2148.9,106.8,19.8,34.0,8.0,28.4,True,8,70.0,12.0,after_break,False
Uzbekistan,Odiljon XAMROBEKOV,59,on,pdf_marker,70,4597.6,209.8,61.9,66.0,17.0,29.5,True,31,70.0,-11.0,before_break,False
Uzbekistan,Oston URUNOV,73,on,pdf_marker,70,3034.7,195.2,64.5,33.0,16.0,29.2,True,17,70.0,3.0,at_break,False
Uzbekistan,Azizjon GANIEV,59,on,pdf_marker,70,4443.0,291.8,80.0,57.0,24.0,27.2,True,31,70.0,-11.0,before_break,False
Uzbekistan,Igor SERGEEV,82,on,pdf_marker,70,,,,,,,False,8,70.0,12.0,after_break,False
Panama,Ismael DIAZ,71,on,pdf_marker,71,3175.8,211.7,76.0,48.0,18.0,31.8,True,19,69.0,2.0,at_break,False
Panama,Eric DAVIS,88,on,pdf_marker,71,1204.4,188.4,44.4,18.0,14.0,26.9,True,2,69.0,19.0,after_break,False
Panama,Jose FAJARDO,45,on,pdf_marker,71,5571.1,416.7,142.8,73.0,33.0,30.1,True,45,69.0,-24.0,before_break,False
Panama,Alberto QUINTERO,88,on,pdf_marker,71,1246.3,116.1,69.6,17.0,8.0,29.5,True,2,69.0,19.0,after_break,False
Panama,Azarias LONDONO,71,on,pdf_marker,71,3056.4,203.9,46.6,34.0,16.0,32.7,True,19,69.0,2.0,at_break,False
England,Jordan HENDERSON,84,on,pdf_marker,71,1790.7,108.2,13.4,35.0,6.0,28.3,True,6,69.0,15.0,after_break,False
England,Eberechi EZE,71,on,pdf_marker,71,3121.8,270.7,57.1,44.0,16.0,31.9,True,19,69.0,2.0,at_break,False
England,George Arthur Watkins,84,on,lineup_derived,71,1546.8,87.5,95.5,26.0,9.0,30.8,True,6,69.0,15.0,after_break,False
England,Azuka Tristan Madueke,63,on,lineup_derived,71,3449.0,289.9,251.3,30.0,25.0,34.3,True,27,69.0,-6.0,before_break,False
England,Tehuti Djed-Hotep Spence,63,on,lineup_derived,71,3514.8,232.0,153.7,32.0,20.0,33.6,True,27,69.0,-6.0,before_break,False
Croatia,Josko GVARDIOL,88,on,pdf_marker,72,1356.6,106.9,57.2,20.0,7.0,34.1,True,2,69.0,19.0,after_break,False
Croatia,Mario PASALIC,78,on,pdf_marker,72,2380.5,261.5,45.2,36.0,12.0,27.5,True,12,69.0,9.0,after_break,False
Croatia,Igor MATANOVIC,67,on,pdf_marker,72,2970.0,246.2,88.8,49.0,20.0,29.3,True,23,69.0,-2.0,at_break,False
Croatia,Marco PASALIC,88,on,pdf_marker,72,1402.3,112.3,45.3,22.0,9.0,28.6,True,2,69.0,19.0,after_break,False
Ghana,Abdul FATAWU,45,on,pdf_marker,72,5181.7,391.5,206.9,57.0,32.0,32.9,True,45,69.0,-24.0,before_break,False
Ghana,Kojo Peprah OPPONG,45,on,pdf_marker,72,4761.2,136.9,46.4,56.0,13.0,30.6,True,45,69.0,-24.0,before_break,False
Ghana,Ernest NUAMAH,71,on,pdf_marker,72,2665.9,261.2,36.8,39.0,19.0,28.0,True,19,69.0,2.0,at_break,False
Ghana,Caleb Marfo Yirenkyi,85,on,lineup_derived,72,1635.1,144.2,84.2,27.0,10.0,29.2,True,5,69.0,16.0,after_break,False
Ghana,Brandon Michael Clarke Thomas-Asante,71,on,lineup_derived,72,2652.6,212.4,51.2,36.0,18.0,26.9,True,19,69.0,2.0,at_break,False
South Africa,Thalente MBATHA,45,on,pdf_marker,73,5587.4,408.0,109.1,83.0,31.0,29.9,True,45,67.0,-22.0,before_break,False
South Africa,Tshepang MOREMI,86,on,pdf_marker,73,1313.2,121.0,50.3,16.0,11.0,32.6,True,4,67.0,19.0,after_break,False
South Africa,Iqraam RAYNERS,86,on,pdf_marker,73,1306.9,86.7,70.0,15.0,7.0,31.2,True,4,67.0,19.0,after_break,False
Canada,Luc DE FOUGEROLLES Third,59,on,pdf_marker,73,4393.0,319.3,68.4,57.0,24.0,30.2,True,31,67.0,-8.0,before_break,False
Canada,Jacob SHAFFELBURG,71,on,pdf_marker,73,3430.7,307.1,204.7,43.0,23.0,32.9,True,19,67.0,4.0,after_break,False
Canada,Alphonso DAVIES,75,on,pdf_marker,73,2589.6,212.0,87.9,37.0,17.0,29.9,True,15,67.0,8.0,after_break,False
Canada,Niko SIGUR,59,on,pdf_marker,73,4885.9,279.9,86.1,64.0,19.0,31.0,True,31,67.0,-8.0,before_break,False
Canada,Promise DAVID,70,on,pdf_marker,73,2820.4,114.9,80.1,20.0,13.0,30.1,True,20,67.0,3.0,at_break,False
Brazil,FABINHO,89,on,lineup_derived,74,951.0,108.2,19.5,16.0,6.0,26.2,True,1,68.0,21.0,after_break,False
Brazil,DANILO SANTOS,89,on,lineup_derived,74,448.0,68.7,8.1,8.0,6.0,27.9,True,1,68.0,21.0,after_break,True
Brazil,ENDRICK,45,on,pdf_marker,74,5224.7,208.9,128.5,35.0,16.0,32.4,True,45,68.0,-23.0,before_break,False
Japan,Yukinari SUGAWARA,66,on,pdf_marker,74,3198.4,175.0,33.3,40.0,11.0,28.4,True,24,68.0,-2.0,at_break,False
Japan,Shuto MACHINO,78,on,pdf_marker,74,2487.7,94.5,69.9,27.0,8.0,32.6,True,12,68.0,10.0,after_break,False
Japan,Ao TANAKA,78,on,pdf_marker,74,2165.5,123.4,23.6,31.0,9.0,29.0,True,12,68.0,10.0,after_break,False
Japan,Koki OGAWA,89,on,lineup_derived,74,412.5,44.4,9.2,7.0,3.0,25.3,True,1,68.0,21.0,after_break,True
Japan,Junnosuke SUZUKI,66,on,pdf_marker,74,3307.9,219.5,76.8,39.0,16.0,29.2,True,24,68.0,-2.0,at_break,False
Brazil,MARTINELLIGabriel Gabriel,66,on,lineup_derived,74,3518.4,214.1,149.3,49.0,20.0,33.0,True,24,68.0,-2.0,at_break,False
Germany,Waldemar ANTON,79,on,pdf_marker,75,5875.6,396.3,124.5,79.0,27.0,33.3,True,41,70.0,9.0,after_break,False
Germany,Jamal MUSIALA,63,on,pdf_marker,75,6888.0,356.4,157.9,75.0,25.0,32.3,True,57,70.0,-7.0,before_break,False
Germany,Nick WOLTEMADE,88,on,pdf_marker,75,4199.1,193.0,105.5,37.0,13.0,31.4,True,32,70.0,18.0,after_break,False
Germany,Nadiem AMIRI,110,on,pdf_marker,75,1158.3,94.2,43.6,15.0,4.0,28.6,True,10,70.0,40.0,after_break,False
Germany,Malick THIAW,110,on,pdf_marker,75,1229.1,68.9,48.4,18.0,5.0,32.2,True,10,70.0,40.0,after_break,False
Paraguay,Gustavo VELAZQUEZ,90,on,pdf_marker,75,2850.0,95.9,20.1,18.0,8.0,29.7,True,30,70.0,20.0,after_break,False
Paraguay,120 Fabian BALBUENA,119,on,lineup_derived,75,90.0,24.3,2.0,1.0,9.0,21.6,True,1,70.0,49.0,after_break,True
Paraguay,Antonio SANABRIA,99,on,pdf_marker,75,,,,,,,False,21,70.0,29.0,after_break,False
Paraguay,MAURICIO,57,on,pdf_marker,75,7361.9,419.3,197.5,88.0,33.0,32.1,True,63,70.0,-13.0,before_break,False
Paraguay,Braian OJEDA,99,on,pdf_marker,75,2756.4,200.2,46.2,31.0,13.0,28.0,True,21,70.0,29.0,after_break,False
Paraguay,Gustavo CABALLERO,55,on,pdf_marker,75,8308.6,514.8,196.6,116.0,36.0,31.5,True,65,70.0,-15.0,before_break,False
Germany,Leon Christoph Goretzka,46,on,lineup_derived,75,8207.6,320.8,255.1,83.0,27.0,33.7,True,74,70.0,-24.0,before_break,False
Netherlands,Justin KLUIVERT,113,on,pdf_marker,76,,,,,,,False,7,67.0,46.0,after_break,False
Netherlands,Wout WEGHORST,71,on,pdf_marker,76,7014.0,424.3,130.8,109.0,30.0,28.6,True,49,67.0,4.0,after_break,False
Netherlands,Teun KOOPMEINERS,71,on,pdf_marker,76,5996.8,149.5,66.8,57.0,12.0,27.2,True,49,67.0,4.0,after_break,False
Netherlands,Jorrel HATO,86,on,pdf_marker,76,4437.9,190.7,148.2,45.0,17.0,33.2,True,34,67.0,19.0,after_break,False
Netherlands,Quinten TIMBER,86,on,pdf_marker,76,4703.6,208.6,83.6,43.0,15.0,31.9,True,34,67.0,19.0,after_break,False
Morocco,Chemsdine TALBI,87,on,pdf_marker,76,4919.3,354.0,182.0,53.0,29.0,31.3,True,33,67.0,20.0,after_break,False
Morocco,Soufiane RAHIMI,86,on,pdf_marker,76,5338.4,225.3,206.2,55.0,18.0,34.6,True,34,67.0,19.0,after_break,False
Morocco,Samir EL MOURABET,79,on,pdf_marker,76,6040.0,294.8,130.8,84.0,26.0,33.1,True,41,67.0,12.0,after_break,False
Morocco,Gessime YASSINE,79,on,pdf_marker,76,5820.1,214.5,85.8,60.0,16.0,28.4,True,41,67.0,12.0,after_break,False
Morocco,Anass SALAH EDDINE,76,on,pdf_marker,76,4865.0,221.6,81.3,36.0,19.0,32.2,True,44,67.0,9.0,after_break,False
Netherlands,Marten Elco De Roon,110,on,lineup_derived,76,1374.6,59.0,23.0,4.0,7.0,24.0,True,10,67.0,43.0,after_break,True
Côte d'Ivoire,Elye WAHI,60,on,pdf_marker,77,3663.4,157.5,186.9,37.0,14.0,33.2,True,30,68.0,-8.0,before_break,False
Côte d'Ivoire,Oumar DIAKITE,87,on,pdf_marker,77,1283.6,148.1,14.6,22.0,11.0,29.7,True,3,68.0,19.0,after_break,False
Côte d'Ivoire,Amad DIALLO,60,on,pdf_marker,77,3790.8,275.5,206.8,52.0,18.0,32.8,True,30,68.0,-8.0,before_break,False
Côte d'Ivoire,Evann GUESSAND,89,on,lineup_derived,77,444.0,7.9,6.0,1.0,24.0,20.4,True,1,68.0,21.0,after_break,True
Côte d'Ivoire,Bazoumana TOURE,89,on,lineup_derived,77,,,,,,,False,1,68.0,21.0,after_break,False
Norway,Fredrik AURSNES,83,on,pdf_marker,77,1701.0,123.4,26.4,29.0,10.0,27.8,True,7,68.0,15.0,after_break,False
Norway,Andreas SCHJELDERUP,71,on,pdf_marker,77,2850.5,178.6,116.7,37.0,13.0,32.8,True,19,68.0,3.0,at_break,False
Norway,Oscar BOBB,71,on,pdf_marker,77,2951.2,223.4,88.2,30.0,14.0,29.3,True,19,68.0,3.0,at_break,False
France,Malo GUSTO,75,on,pdf_marker,78,2165.1,117.7,31.6,25.0,10.0,28.6,True,15,68.0,7.0,after_break,False
France,Theo HERNANDEZ,78,on,pdf_marker,78,1880.0,79.7,70.7,22.0,6.0,30.6,True,12,68.0,10.0,after_break,False
France,Desire DOUE,75,on,pdf_marker,78,2287.0,189.8,121.8,25.0,15.0,31.3,True,15,68.0,7.0,after_break,False
France,Rayan CHERKI,85,on,pdf_marker,78,1352.1,109.5,65.1,33.0,7.0,29.8,True,5,68.0,17.0,after_break,False
Sweden,Benjamin NYGREN,82,on,pdf_marker,78,1687.3,154.0,77.5,24.0,12.0,30.9,True,8,68.0,14.0,after_break,False
Sweden,Mattias SVANBERG,82,on,pdf_marker,78,1603.6,118.1,20.3,24.0,6.0,25.9,True,8,68.0,14.0,after_break,False
Sweden,Besfort ZENELI,66,on,pdf_marker,78,3678.2,285.5,161.4,54.0,19.0,31.4,True,24,68.0,-2.0,at_break,False
Sweden,Gustaf NILSSON,89,on,pdf_marker,78,713.6,46.7,11.0,2.0,26.0,24.2,True,1,68.0,21.0,after_break,True
Sweden,Taha ALI,66,on,pdf_marker,78,,,,,,,False,24,68.0,-2.0,at_break,False
France,Jean-Philippe Mateta,85,on,lineup_derived,78,1294.7,112.0,57.1,12.0,8.0,28.7,True,5,68.0,17.0,after_break,False
Mexico,Santiago GIMENEZ,74,on,pdf_marker,79,2625.4,150.5,84.5,28.0,12.0,30.7,True,16,68.0,6.0,after_break,False
Mexico,Israel REYES,80,on,pdf_marker,79,2139.4,138.0,27.0,8.0,17.0,24.2,True,10,68.0,12.0,after_break,True
Mexico,Orbelin PINEDA,80,on,pdf_marker,79,,,,,,,False,10,68.0,12.0,after_break,False
Mexico,Obed VARGAS,73,on,pdf_marker,79,2935.6,293.9,58.6,51.0,18.0,28.2,True,17,68.0,5.0,after_break,False
Mexico,Brian GUTIERREZ,58,on,pdf_marker,79,4255.9,232.5,171.1,53.0,19.0,34.8,True,32,68.0,-10.0,before_break,False
Ecuador,Kendry PAEZ,79,on,pdf_marker,79,2319.6,150.0,70.5,33.0,15.0,29.6,True,11,68.0,11.0,after_break,False
Ecuador,Kevin RODRIGUEZ,59,on,pdf_marker,79,4045.1,235.0,102.2,50.0,26.0,28.9,True,31,68.0,-9.0,before_break,False
Ecuador,Jordy CAICEDO,79,on,pdf_marker,79,1917.8,85.2,40.2,16.0,10.0,29.1,True,11,68.0,11.0,after_break,False
Ecuador,Angelo PRECIADO,45,on,pdf_marker,79,5350.7,242.5,240.0,45.0,22.0,32.3,True,45,68.0,-23.0,before_break,False
Ecuador,Yaimar MEDINA,45,on,pdf_marker,79,5486.2,341.0,200.1,58.0,28.0,30.5,True,45,68.0,-23.0,before_break,False
England,John STONES,89,on,lineup_derived,80,480.9,42.1,18.9,5.0,3.0,27.7,True,1,68.0,21.0,after_break,True
England,Anthony GORDON,61,on,pdf_marker,80,3724.6,316.9,72.7,52.0,21.0,28.6,True,29,68.0,-7.0,before_break,False
England,Eberechi EZE,70,on,pdf_marker,80,2771.8,121.3,51.6,33.0,12.0,30.0,True,20,68.0,2.0,at_break,False
Congo DR,Theo BONGONDA,76,on,pdf_marker,80,2383.0,138.6,35.3,17.0,8.0,32.0,True,14,68.0,8.0,after_break,False
Congo DR,Joris KAYEMBE,89,on,pdf_marker,80,754.4,40.9,13.7,7.0,2.0,26.1,True,1,68.0,21.0,after_break,True
Congo DR,Meschack ELIA,64,on,pdf_marker,80,3387.5,216.7,218.6,45.0,18.0,34.3,True,26,68.0,-4.0,before_break,False
Congo DR,Fiston MAYELE,89,on,pdf_marker,80,795.7,34.4,7.0,3.0,25.0,24.6,True,1,68.0,21.0,after_break,True
Congo DR,Edo KAYEMBE,76,on,pdf_marker,80,754.4,40.9,13.7,7.0,2.0,26.1,True,14,68.0,8.0,after_break,True
England,Bukayo Ayoyinka Saka,60,on,lineup_derived,80,3788.5,269.4,66.3,47.0,20.0,28.9,True,30,68.0,-8.0,before_break,False
Belgium,Romelu LUKAKU,45,on,pdf_marker,81,7818.9,438.0,21.2,95.0,32.0,26.3,True,75,70.0,-25.0,before_break,False
Belgium,Dodi LUKEBAKIO,56,on,pdf_marker,81,8099.0,400.4,282.6,85.0,36.0,32.8,True,64,70.0,-14.0,before_break,False
Belgium,Thomas MEUNIER,78,on,pdf_marker,81,7236.6,578.1,208.0,98.0,44.0,30.6,True,42,70.0,8.0,after_break,False
Belgium,Diego MOREIRA,63,on,pdf_marker,81,8031.5,709.1,358.1,109.0,55.0,32.5,True,57,70.0,-7.0,before_break,False
Belgium,Nicolas RASKIN,56,on,pdf_marker,81,9302.0,476.8,112.9,101.0,28.0,29.4,True,64,70.0,-14.0,before_break,False
Belgium,Amadou ONANA,109,on,pdf_marker,81,1986.3,92.7,30.3,14.0,5.0,26.2,True,11,70.0,39.0,after_break,False
Senegal,Lamine CAMARA,66,on,lineup_derived,81,7286.7,436.8,205.4,102.0,37.0,32.6,True,54,70.0,-4.0,before_break,False
Senegal,Nicolas JACKSON,94,on,pdf_marker,81,3784.6,209.7,123.5,38.0,22.0,31.9,True,26,70.0,24.0,after_break,False
Senegal,Pape Matar SARR,73,on,pdf_marker,81,7113.5,476.9,46.3,114.0,30.0,28.9,True,47,70.0,3.0,at_break,False
Senegal,Ibrahim MBAYE,73,on,pdf_marker,81,6160.6,412.0,358.0,63.0,40.0,33.3,True,47,70.0,3.0,at_break,False
Senegal,Bara Sapoko NDIAYE,96,on,pdf_marker,81,3984.9,154.1,28.3,56.0,15.0,27.0,True,24,70.0,26.0,after_break,False
Senegal,El Hadji Malick DIOUF,93,on,pdf_marker,81,3700.2,173.6,104.6,39.0,15.0,30.5,True,27,70.0,23.0,after_break,False
USA,Ricardo PEPI,88,on,pdf_marker,82,1747.2,180.9,51.6,20.0,13.0,27.6,True,2,69.0,19.0,after_break,False
USA,Sebastian BERHALTER,88,on,pdf_marker,82,1750.8,113.8,49.5,29.0,9.0,30.4,True,2,69.0,19.0,after_break,False
Bosnia and Herzegovina,Benjamin TAHIROVIC,51,on,pdf_marker,82,5345.7,251.8,70.2,74.0,18.0,28.3,True,39,69.0,-18.0,before_break,False
Bosnia and Herzegovina,Amar MEMIC,75,on,pdf_marker,82,2733.0,201.5,78.3,32.0,15.0,32.0,True,15,69.0,6.0,after_break,False
Bosnia and Herzegovina,Esmir BAJRAKTAREVIC,51,on,pdf_marker,82,5424.2,367.1,166.1,68.0,31.0,30.9,True,39,69.0,-18.0,before_break,False
Bosnia and Herzegovina,Haris TABAKOVIC,75,on,pdf_marker,82,2264.9,29.4,30.4,12.0,3.0,29.0,True,15,69.0,6.0,after_break,False
Bosnia and Herzegovina,Ermin MAHMIC,51,on,pdf_marker,82,5839.3,324.0,189.4,86.0,29.0,31.3,True,39,69.0,-18.0,before_break,False
USA,Giovanni Alejandro Reyna,89,on,lineup_derived,82,707.1,48.6,20.0,12.0,4.0,26.0,True,1,69.0,20.0,after_break,False
Spain,Marc PUBILL,89,on,lineup_derived,83,455.7,36.8,5.5,6.0,3.0,26.2,True,1,68.0,21.0,after_break,True
Spain,Mikel MERINO,71,on,pdf_marker,83,3489.8,247.3,69.2,63.0,18.0,29.7,True,19,68.0,3.0,at_break,False
Spain,Ferran TORRES,71,on,pdf_marker,83,3076.3,260.9,99.9,35.0,23.0,32.4,True,19,68.0,3.0,at_break,False
Spain,Fabian RUIZ,89,on,lineup_derived,83,,,,,,,False,1,68.0,21.0,after_break,False
Spain,GAVI,85,on,pdf_marker,83,1479.0,125.5,86.2,17.0,10.0,29.9,True,5,68.0,17.0,after_break,False
Austria,Marko ARNAUTOVIC Third,60,on,pdf_marker,83,3142.7,129.4,46.8,32.0,11.0,31.8,True,30,68.0,-8.0,before_break,False
Austria,Florian GRILLITSCH,45,on,pdf_marker,83,5804.4,280.2,111.2,79.0,22.0,29.9,True,45,68.0,-23.0,before_break,False
Austria,Sasa KALAJDZIC,60,on,pdf_marker,83,3842.2,310.0,85.8,57.0,29.0,29.7,True,30,68.0,-8.0,before_break,False
Austria,Carney CHUKWUEMEKA,45,on,pdf_marker,83,5585.7,363.1,172.6,72.0,30.0,30.5,True,45,68.0,-23.0,before_break,False
Austria,Alexander PRASS,85,on,pdf_marker,83,1443.5,153.9,95.6,24.0,13.0,30.1,True,5,68.0,17.0,after_break,False
Portugal,BERNARDO SILVA,62,on,pdf_marker,84,5182.4,309.8,23.6,84.0,21.0,26.6,True,28,69.0,-7.0,before_break,False
Portugal,FRANCISCO CONCEICAO,62,on,pdf_marker,84,4929.0,316.2,133.8,70.0,22.0,32.2,True,28,69.0,-7.0,before_break,False
Croatia,Josko GVARDIOL,89,on,lineup_derived,84,1933.8,168.9,25.8,35.0,10.0,26.9,True,1,69.0,20.0,after_break,False
Croatia,Andrej KRAMARIC,89,on,lineup_derived,84,1352.1,135.3,17.8,22.0,6.0,28.1,True,1,69.0,20.0,after_break,False
Croatia,Mario PASALIC,68,on,pdf_marker,84,3892.5,269.0,55.8,51.0,17.0,29.1,True,22,69.0,-1.0,at_break,False
Croatia,Igor MATANOVIC,45,on,pdf_marker,84,6268.9,396.9,66.6,70.0,33.0,29.0,True,45,69.0,-24.0,before_break,False
Portugal,SEMEDONélson Nelson,63,on,lineup_derived,84,4246.7,269.1,162.9,44.0,22.0,35.9,True,27,69.0,-6.0,before_break,False
Portugal,RAMOSGonçalo Goncalo,63,on,lineup_derived,84,4802.5,335.7,119.7,74.0,26.0,30.6,True,27,69.0,-6.0,before_break,False
Portugal,Diogo Ruben,81,on,lineup_derived,84,,,,,,,False,9,69.0,12.0,after_break,False
Switzerland,Djibril SOW,71,on,lineup_derived,85,,,,,,,False,19,67.0,4.0,after_break,False
Switzerland,Noah OKAFOR,71,on,pdf_marker,85,2914.4,111.7,76.9,38.0,11.0,32.9,True,19,67.0,4.0,after_break,False
Switzerland,Michel AEBISCHER,87,on,pdf_marker,85,1184.8,101.3,50.5,13.0,7.0,28.2,True,3,67.0,20.0,after_break,False
Switzerland,Fabian RIEDER,71,on,pdf_marker,85,3546.6,255.7,122.0,53.0,21.0,31.3,True,19,67.0,4.0,after_break,False
Switzerland,Zeki AMDOUNI,83,on,pdf_marker,85,1858.7,111.5,81.8,22.0,9.0,29.3,True,7,67.0,16.0,after_break,False
Algeria,Amine GOUIRI,59,on,pdf_marker,85,3938.9,339.2,62.7,57.0,24.0,26.8,True,31,67.0,-8.0,before_break,False
Algeria,Anis HADJ MOUSSA,71,on,pdf_marker,85,2700.5,142.7,25.4,28.0,13.0,26.1,True,19,67.0,4.0,after_break,False
Algeria,Jaouen HADJAM,58,on,pdf_marker,85,4352.4,349.9,202.3,48.0,28.0,32.6,True,32,67.0,-9.0,before_break,False
Algeria,Hicham BOUDAOUI,71,on,lineup_derived,85,3242.6,205.1,52.6,48.0,15.0,27.8,True,19,67.0,4.0,after_break,False
Algeria,Adil BOULBINA,82,on,pdf_marker,85,1704.3,177.1,70.8,25.0,12.0,28.2,True,8,67.0,15.0,after_break,False
Switzerland,Silvan Dominic Widmer,87,on,lineup_derived,85,1305.4,178.9,29.9,19.0,10.0,27.6,True,3,67.0,20.0,after_break,False
Australia,Mathew RYAN,119,on,pdf_marker,86,,,,,,,False,1,68.0,51.0,after_break,False
Australia,Mohamed TOURE,74,on,pdf_marker,86,5938.2,280.6,164.6,65.0,28.0,33.5,True,46,68.0,6.0,after_break,False
Australia,Ajdin HRUSTIC,74,on,pdf_marker,86,6787.2,430.7,121.9,101.0,29.0,30.2,True,46,68.0,6.0,after_break,False
Australia,Awer MABIL,90,on,pdf_marker,86,3742.9,208.2,122.5,55.0,20.0,31.1,True,30,68.0,22.0,after_break,False
Australia,Kai TREWIN,45,on,pdf_marker,86,8815.9,484.9,173.9,98.0,41.0,29.7,True,75,68.0,-23.0,before_break,False
Egypt,TREZEGUET,80,on,pdf_marker,86,5520.5,448.2,113.7,71.0,34.0,30.1,True,40,68.0,12.0,after_break,False
Egypt,HAMZA ABDELKARIM,105,on,pdf_marker,86,1719.2,118.3,54.8,25.0,9.0,31.7,True,15,68.0,37.0,after_break,False
Egypt,HAISSEM HASSAN,67,on,pdf_marker,86,6544.5,348.2,82.1,79.0,27.0,29.3,True,53,68.0,-1.0,at_break,False
Egypt,120 MAHMOUD SABER,119,on,lineup_derived,86,142.6,19.6,4.8,1.0,1.0,25.3,True,1,68.0,51.0,after_break,True
Australia,Paul Michael Junior Okon-Engstler,91,on,lineup_derived,86,3944.3,224.1,120.8,51.0,17.0,31.9,True,29,68.0,23.0,after_break,False
Egypt,Abdelmegeed Abdelsalam Hossam Abdelmaguid,67,on,lineup_derived,86,5703.8,235.3,102.5,53.0,18.0,29.1,True,53,68.0,-1.0,at_break,False
Argentina,Gonzalo MONTIEL,104,on,pdf_marker,87,2560.9,155.6,45.0,33.0,12.0,28.3,True,16,73.0,31.0,after_break,False
Argentina,Leandro PAREDES,84,on,pdf_marker,87,5226.6,205.3,19.7,54.0,12.0,26.5,True,36,73.0,11.0,after_break,False
Argentina,Julian ALVAREZ,64,on,pdf_marker,87,7128.2,433.9,169.0,70.0,32.0,32.6,True,56,73.0,-9.0,before_break,False
Cabo Verde,JAMIRO MONTEIRO,67,on,pdf_marker,87,6397.2,340.7,92.7,70.0,26.0,30.8,True,53,73.0,-6.0,before_break,False
Cabo Verde,DAILON LIVRAMENTO,67,on,pdf_marker,87,7061.0,279.5,133.4,79.0,27.0,33.6,True,53,73.0,-6.0,before_break,False
Cabo Verde,HELIO VARELA,80,on,pdf_marker,87,5767.7,280.8,208.2,71.0,25.0,32.3,True,40,73.0,7.0,after_break,False
Argentina,Nicolás Alejandro Tagliafico,85,on,lineup_derived,87,5172.1,267.2,81.6,61.0,21.0,31.1,True,35,73.0,12.0,after_break,False
Argentina,Nicolas Ivan Gonzalez,63,on,lineup_derived,87,,,,,,,False,57,73.0,-10.0,before_break,False
Cabo Verde,BENCHIMOLGilson Gilson,100,on,lineup_derived,87,3014.0,293.7,229.3,46.0,27.0,33.4,True,20,73.0,27.0,after_break,False
Cabo Verde,SEMEDOJair Yannick,100,on,lineup_derived,87,3068.1,217.9,103.6,39.0,16.0,29.6,True,20,73.0,27.0,after_break,False
Cabo Verde,Johnson Willy,80,on,lineup_derived,87,6105.1,305.8,73.3,78.0,24.0,28.0,True,40,73.0,7.0,after_break,False
Colombia,Richard RIOS,45,on,pdf_marker,88,5880.1,408.7,130.2,74.0,33.0,31.3,True,45,69.0,-24.0,before_break,False
Colombia,Juan QUINTERO,73,on,pdf_marker,88,3114.8,169.6,21.4,42.0,12.0,26.5,True,17,69.0,4.0,after_break,False
Colombia,Jaminton CAMPAZ,90,on,pdf_marker,88,995.9,136.8,10.2,17.0,8.0,26.2,True,0,69.0,21.0,after_break,False
Colombia,Luis SUAREZ,8,on,pdf_marker,88,8553.3,484.0,327.1,61.0,40.0,33.9,True,82,69.0,-61.0,before_break,False
Ghana,Alidu SEIDU,13,on,pdf_marker,88,8379.0,380.8,189.1,73.0,34.0,33.8,True,77,69.0,-56.0,before_break,False
Ghana,Abdul FATAWU,62,on,pdf_marker,88,3681.0,272.8,106.3,49.0,21.0,31.9,True,28,69.0,-7.0,before_break,False
Ghana,Elisha OWUSU,62,on,pdf_marker,88,3955.8,308.9,86.5,63.0,20.0,29.2,True,28,69.0,-7.0,before_break,False
Ghana,Ernest NUAMAH,79,on,pdf_marker,88,2323.0,95.0,36.8,28.0,9.0,30.2,True,11,69.0,10.0,after_break,False
Ghana,Prince ADU,79,on,pdf_marker,88,1903.9,158.0,27.1,21.0,9.0,32.7,True,11,69.0,10.0,after_break,False
Canada,Tajon BUCHANAN,87,on,pdf_marker_late,90,10139.5,703.4,345.4,118.0,54.0,34.2,True,3,68.0,19.0,after_break,False
Canada,Niko SIGUR,87,on,pdf_marker_late,90,10786.3,625.4,223.7,169.0,45.0,32.1,True,3,68.0,19.0,after_break,False
Canada,Jonathan OSORIO,87,on,pdf_marker_late,90,1392.5,89.3,80.0,19.0,7.0,30.7,True,3,68.0,19.0,after_break,False
Canada,Jayden NELSON,87,on,pdf_marker_late,90,1462.3,69.2,43.6,19.0,5.0,29.0,True,3,68.0,19.0,after_break,False
Morocco,OUNAHI,60,on,lineup_derived,90,9904.1,678.3,236.4,121.0,45.0,30.0,True,30,68.0,-8.0,before_break,False
Morocco,Issa DIOP,87,on,pdf_marker_late,90,7873.0,147.7,40.1,69.0,11.0,32.7,True,3,68.0,19.0,after_break,False
Morocco,Marwane SAADANE,87,on,pdf_marker_late,90,1188.3,35.0,10.0,2.0,7.0,21.6,True,3,68.0,19.0,after_break,True
Morocco,Soufiane RAHIMI,60,on,lineup_derived,90,9629.3,847.0,452.5,115.0,58.0,33.3,True,30,68.0,-8.0,before_break,False
Morocco,Samir EL MOURABET,87,on,pdf_marker_late,90,1558.8,194.7,41.5,21.0,15.0,27.6,True,3,68.0,19.0,after_break,False
Brazil,NEYMAR JR,67,on,pdf_marker,91,3415.4,109.9,24.4,38.0,10.0,27.3,True,23,68.0,-1.0,at_break,False
Brazil,DANILO SANTOS,67,on,pdf_marker,91,3573.8,245.5,76.6,33.0,17.0,27.5,True,23,68.0,-1.0,at_break,False
Brazil,ENDRICK,58,on,pdf_marker,91,3927.7,181.9,77.8,31.0,16.0,32.7,True,32,68.0,-10.0,before_break,False
Norway,Fredrik AURSNES,63,on,pdf_marker,91,,,,,,,False,27,68.0,-5.0,before_break,False
Norway,Andreas SCHJELDERUP,45,on,pdf_marker,91,5815.2,361.1,157.8,69.0,29.0,32.1,True,45,68.0,-23.0,before_break,False
Norway,Oscar BOBB,45,on,pdf_marker,91,5834.4,416.7,129.9,66.0,30.0,30.9,True,45,68.0,-23.0,before_break,False
Brazil,José Ederson Silva,79,on,lineup_derived,91,2418.7,202.4,95.6,29.0,16.0,32.8,True,11,68.0,11.0,after_break,False
Norway,Leo Skiri Ostigard,89,on,lineup_derived,91,498.8,8.6,6.0,1.0,14.0,21.6,True,1,68.0,21.0,after_break,True
Mexico,Edson ALVAREZ,45,on,pdf_marker,92,5550.4,208.2,64.4,54.0,17.0,29.1,True,45,71.0,-26.0,before_break,False
Mexico,Santiago GIMENEZ,61,on,pdf_marker,92,3129.9,87.1,36.3,29.0,6.0,32.1,True,29,71.0,-10.0,before_break,False
Mexico,Guillermo MARTINEZ,81,on,pdf_marker,92,2227.0,80.6,56.5,13.0,9.0,29.5,True,9,71.0,10.0,after_break,False
Mexico,Brian GUTIERREZ,61,on,pdf_marker,92,4403.8,199.7,54.6,60.0,18.0,28.7,True,29,71.0,-10.0,before_break,False
England,John STONES,57,on,pdf_marker,92,3877.4,90.2,7.0,23.0,5.0,27.5,True,33,71.0,-14.0,before_break,False
England,Jordan HENDERSON,89,on,lineup_derived,92,5826.3,41.8,8.0,11.0,4.0,27.3,True,1,71.0,18.0,after_break,True
England,Morgan ROGERS,90,on,pdf_marker,92,1909.0,128.8,69.9,33.0,9.0,31.4,True,0,71.0,19.0,after_break,False
Mexico,Álvaro Fidalgo,79,on,lineup_derived,92,3153.9,172.6,128.0,43.0,16.0,31.4,True,11,71.0,8.0,after_break,False
England,Daniel Johnson Burn,75,on,lineup_derived,92,2844.3,54.6,14.1,21.0,5.0,27.5,True,15,71.0,4.0,after_break,False
England,Tehuti Djed-Hotep Spence,75,on,lineup_derived,92,3033.8,56.5,43.5,32.0,4.0,33.4,True,15,71.0,4.0,after_break,False
Portugal,DIOGO DALOT,71,on,pdf_marker,93,2928.5,268.6,56.3,33.0,19.0,32.4,True,19,68.0,3.0,at_break,False
Portugal,BERNARDO SILVA,83,on,pdf_marker,93,1986.8,153.4,8.0,34.0,13.0,26.2,True,7,68.0,15.0,after_break,False
Portugal,RAFAEL LEAO,71,on,pdf_marker,93,2524.0,81.6,95.9,23.0,7.0,34.6,True,19,68.0,3.0,at_break,False
Portugal,FRANCISCO CONCEICAO,83,on,pdf_marker,93,1832.8,176.7,24.5,24.0,12.0,27.0,True,7,68.0,15.0,after_break,False
Spain,Mikel MERINO,85,on,pdf_marker,93,1880.7,75.2,46.0,6.0,7.0,23.9,True,5,68.0,17.0,after_break,True
Spain,Ferran TORRES,75,on,pdf_marker,93,,,,,,,False,15,68.0,7.0,after_break,False
Spain,Fabian RUIZ,85,on,pdf_marker,93,1637.4,56.1,22.0,5.0,26.0,23.8,True,5,68.0,17.0,after_break,True
Spain,Borja IGLESIAS,89,on,lineup_derived,93,,,,,,,False,1,68.0,21.0,after_break,False
Portugal,SEMEDONélson Nelson,56,on,lineup_derived,93,3937.0,192.6,92.9,34.0,13.0,33.1,True,34,68.0,-12.0,before_break,False
USA,Ricardo PEPI,72,on,pdf_marker,94,2709.2,248.4,35.0,47.0,19.0,31.2,True,18,69.0,3.0,at_break,False
USA,Sebastian BERHALTER,59,on,pdf_marker,94,4559.5,133.5,84.7,71.0,13.0,29.1,True,31,69.0,-10.0,before_break,False
USA,Haji WRIGHT,89,on,lineup_derived,94,196.3,9.7,9.9,1.0,1.0,26.5,True,1,69.0,20.0,after_break,True
Belgium,Axel WITSEL,89,on,pdf_marker,94,810.0,71.5,17.0,6.0,9.0,24.6,True,1,69.0,20.0,after_break,True
Belgium,Romelu LUKAKU,67,on,pdf_marker,94,,,,,,,False,23,69.0,-2.0,at_break,False
Belgium,Jeremy DOKU,67,on,pdf_marker,94,2991.1,236.5,109.4,39.0,20.0,29.1,True,23,69.0,-2.0,at_break,False
Belgium,Hans VANAKEN,21,on,pdf_marker,94,9759.1,474.4,68.7,136.0,37.0,27.1,True,69,69.0,-48.0,before_break,False
Belgium,Alexis SAELEMAEKERS,89,on,pdf_marker,94,820.6,106.5,52.5,11.0,6.0,26.8,True,1,69.0,20.0,after_break,True
USA,Giovanni Alejandro Reyna,45,on,lineup_derived,94,6041.0,289.5,1.1,102.0,17.0,25.1,True,45,69.0,-24.0,before_break,False
USA,Maximilian Michael Arfsten,89,on,lineup_derived,94,232.0,20.9,33.8,1.0,2.0,27.4,True,1,69.0,20.0,after_break,True
Argentina,Nicolas OTAMENDI,89,on,lineup_derived,95,7619.4,472.7,168.5,92.0,35.0,29.5,True,1,71.0,18.0,after_break,False
Argentina,Lautaro MARTINEZ,66,on,pdf_marker,95,3494.1,200.3,95.8,34.0,17.0,29.0,True,24,71.0,-5.0,before_break,False
Argentina,Facundo MEDINA,89,on,lineup_derived,95,561.7,16.4,5.4,2.0,1.0,25.7,True,1,71.0,18.0,after_break,True
Egypt,TREZEGUET,73,on,pdf_marker,95,3225.5,303.0,99.6,45.0,21.0,29.2,True,17,71.0,2.0,at_break,False
Egypt,HAMDY FATHY,45,on,pdf_marker,95,5840.2,224.6,87.4,73.0,18.0,29.1,True,45,71.0,-26.0,before_break,False
Egypt,ZIZO,89,on,lineup_derived,95,763.1,72.6,48.9,11.0,4.0,29.1,True,1,71.0,18.0,after_break,True
Argentina,Gonzalo Ariel Montiel,73,on,lineup_derived,95,3367.2,252.5,36.5,52.0,15.0,29.2,True,17,71.0,2.0,at_break,False
Argentina,Nicolas Ivan Gonzalez,66,on,lineup_derived,95,,,,,,,False,24,71.0,-5.0,before_break,False
Egypt,Mohamed Abdelsalam Omar,80,on,lineup_derived,95,,,,,,,False,10,71.0,9.0,after_break,False
Switzerland,Miro MUHEIM,71,on,pdf_marker,96,5931.7,327.2,54.9,84.0,24.0,28.4,True,49,68.0,3.0,at_break,False
Switzerland,Djibril SOW,45,on,pdf_marker,96,9196.5,544.5,195.7,110.0,37.0,31.5,True,75,68.0,-23.0,before_break,False
Switzerland,Ruben VARGAS,90,on,lineup_derived,96,3734.9,295.8,79.9,43.0,24.0,32.4,True,30,68.0,22.0,after_break,False
Switzerland,Zeki AMDOUNI,103,on,pdf_marker,96,2261.9,125.5,36.5,24.0,11.0,28.4,True,17,68.0,35.0,after_break,False
Switzerland,Cedric ITTEN,87,on,pdf_marker,96,4762.4,173.8,48.7,53.0,15.0,28.0,True,33,68.0,19.0,after_break,False
Colombia,Richard RIOS,82,on,pdf_marker,96,5416.3,394.6,76.2,95.0,30.0,31.8,True,38,68.0,14.0,after_break,False
Colombia,Yerry MINA,119,on,pdf_marker,96,384.5,37.8,6.6,7.0,3.0,26.0,True,1,68.0,51.0,after_break,True
Colombia,Juan QUINTERO,66,on,pdf_marker,96,6553.5,157.2,35.5,71.0,15.0,27.7,True,54,68.0,-2.0,at_break,False
Colombia,Jaminton CAMPAZ,66,on,pdf_marker,96,6497.0,507.1,190.7,87.0,42.0,29.8,True,54,68.0,-2.0,at_break,False
Switzerland,Silvan Dominic Widmer,87,on,lineup_derived,96,4155.9,212.4,68.7,55.0,16.0,30.3,True,33,68.0,19.0,after_break,False
Colombia,Juan Camilo Hernandez,82,on,lineup_derived,96,,,,,,,False,38,68.0,14.0,after_break,False
France,Malo GUSTO,87,on,pdf_marker_late,97,1271.7,110.6,9.1,16.0,6.0,26.0,True,3,67.0,20.0,after_break,False
France,Bradley BARCOLA,77,on,pdf_marker,97,2147.4,87.0,137.6,19.0,7.0,35.5,True,13,67.0,10.0,after_break,False
Morocco,Soufiane RAHIMI,76,on,lineup_derived,97,4021.5,158.3,77.6,47.0,14.0,29.3,True,14,67.0,9.0,after_break,False
Morocco,Amine SBAI,85,on,pdf_marker_late,97,1755.0,230.5,51.6,33.0,15.0,28.5,True,5,67.0,18.0,after_break,False
France,Jean-Philippe Mateta,77,on,lineup_derived,97,2338.0,120.3,104.3,22.0,9.0,30.3,True,13,67.0,10.0,after_break,False
Spain,Mikel MERINO,86,on,pdf_marker,98,1668.5,157.3,7.8,33.0,10.0,25.8,True,4,67.0,19.0,after_break,False
Spain,Ferran TORRES,55,on,pdf_marker,98,4600.0,256.7,116.8,49.0,26.0,30.9,True,35,67.0,-12.0,before_break,False
Spain,PEDRI,55,on,pdf_marker,98,5204.4,298.0,76.2,70.0,19.0,29.4,True,35,67.0,-12.0,before_break,False
Belgium,Senne LAMMENS,71,on,pdf_marker,98,1607.4,14.7,11.2,4.0,1.0,26.9,True,19,67.0,4.0,after_break,True
Belgium,Axel WITSEL,60,on,pdf_marker,98,4318.4,205.9,17.2,67.0,15.0,26.4,True,30,67.0,-7.0,before_break,False
Belgium,Romelu LUKAKU,60,on,pdf_marker,98,3226.1,138.2,87.5,24.0,14.0,31.7,True,30,67.0,-7.0,before_break,False
Belgium,Joaquin SEYS,61,on,pdf_marker,98,3681.4,150.2,26.3,34.0,13.0,29.6,True,29,67.0,-6.0,before_break,False
Belgium,Alexis SAELEMAEKERS,86,on,pdf_marker,98,1515.6,133.0,70.7,29.0,13.0,31.7,True,4,67.0,19.0,after_break,False
Spain,Nicholas Williams,79,on,lineup_derived,98,2167.6,167.4,66.3,28.0,16.0,33.9,True,11,67.0,12.0,after_break,False
Norway,Fredrik AURSNES,60,on,pdf_marker,99,8096.8,415.5,125.8,100.0,33.0,29.7,True,60,68.0,-8.0,before_break,False
Norway,Marcus HOLMGREN PEDERSEN,90,on,pdf_marker,99,4953.4,232.4,110.5,54.0,19.0,30.7,True,30,68.0,22.0,after_break,False
Norway,Antonio NUSA,68,on,pdf_marker,99,6568.9,279.7,132.7,61.0,19.0,34.3,True,52,68.0,0.0,at_break,False
Norway,Oscar BOBB,68,on,pdf_marker,99,6675.7,318.7,95.4,70.0,31.0,29.8,True,52,68.0,0.0,at_break,False
England,Bukayo SAKA,45,on,pdf_marker,99,8674.8,442.8,165.7,108.0,43.0,30.6,True,75,68.0,-23.0,before_break,False
England,Morgan ROGERS,89,on,pdf_marker,99,,,,,,,False,31,68.0,21.0,after_break,False
England,Eberechi EZE,45,on,pdf_marker,99,8724.6,459.1,102.6,110.0,36.0,28.0,True,75,68.0,-23.0,before_break,False
England,Reece JAMES,71,on,pdf_marker,99,6471.3,177.3,65.5,52.0,17.0,29.4,True,49,68.0,3.0,at_break,False
Norway,Leo Skiri Ostigard,90,on,lineup_derived,99,3598.6,102.2,26.0,32.0,8.0,28.6,True,30,68.0,22.0,after_break,False
Norway,Jørgen Strand Strand Larsen,105,on,lineup_derived,99,1891.6,103.3,56.4,19.0,6.0,31.1,True,15,68.0,37.0,after_break,False
England,Tehuti Djed-Hotep Spence,86,on,lineup_derived,99,4571.7,185.3,167.9,36.0,16.0,33.5,True,34,68.0,18.0,after_break,False
England,Daniel Johnson Burn,114,on,lineup_derived,99,1093.8,24.5,10.0,3.0,17.0,23.2,True,6,68.0,46.0,after_break,True
Argentina,Thiago ALMADA,90,on,pdf_marker,100,4018.2,131.5,181.0,37.0,10.0,33.3,True,30,75.0,15.0,after_break,False
Argentina,Nicolas OTAMENDI,105,on,pdf_marker,100,1897.2,78.4,33.0,6.0,21.0,24.9,True,15,75.0,30.0,after_break,True
Argentina,Jose Manuel LOPEZ,110,on,pdf_marker,100,,,,,,,False,10,75.0,35.0,after_break,False
Argentina,Lautaro MARTINEZ 120,85,on,pdf_marker,100,4906.7,227.4,56.6,37.0,14.0,30.0,True,35,75.0,10.0,after_break,False
Switzerland,Miro MUHEIM,86,on,pdf_marker,100,5098.2,153.5,138.3,48.0,13.0,31.9,True,34,75.0,11.0,after_break,False
Switzerland,Ardon JASHARI,96,on,pdf_marker,100,3381.1,207.3,100.9,51.0,21.0,32.2,True,24,75.0,21.0,after_break,False
Switzerland,Ruben VARGAS,115,on,pdf_marker,100,1173.1,79.1,45.4,23.0,8.0,28.4,True,5,75.0,40.0,after_break,False
Switzerland,Eray COEMERT,90,on,lineup_derived,100,3959.8,163.8,104.8,32.0,11.0,32.6,True,30,75.0,15.0,after_break,False
Switzerland,Zeki AMDOUNI,86,on,pdf_marker,100,5342.9,172.9,119.4,53.0,12.0,31.7,True,34,75.0,11.0,after_break,False
Argentina,Nicolas Ivan Gonzalez,78,on,lineup_derived,100,,,,,,,False,42,75.0,3.0,at_break,False
Argentina,Gonzalo Ariel Montiel,85,on,lineup_derived,100,5492.5,273.5,63.0,79.0,20.0,29.0,True,35,75.0,10.0,after_break,False
Switzerland,Silvan Dominic Widmer,86,on,lineup_derived,100,5161.8,217.6,130.1,50.0,14.0,32.5,True,34,75.0,11.0,after_break,False
France,Theo HERNANDEZ,72,on,pdf_marker,101,2701.5,201.1,117.2,27.0,16.0,33.0,True,18,69.0,3.0,at_break,False
France,Desire DOUE,57,on,pdf_marker,101,4449.1,294.7,61.3,59.0,24.0,27.9,True,33,69.0,-12.0,before_break,False
France,Rayan CHERKI,73,on,pdf_marker,101,3263.7,289.5,56.8,51.0,21.0,27.2,True,17,69.0,4.0,after_break,False
France,Maxence LACROIX,30,on,pdf_marker,101,7949.8,381.0,83.9,96.0,27.0,31.7,True,60,69.0,-39.0,before_break,False
Spain,Marcos LLORENTE,84,on,pdf_marker,101,1662.7,103.3,1.4,22.0,11.0,25.2,True,6,69.0,15.0,after_break,False
Spain,Mikel MERINO,78,on,pdf_marker,101,2724.2,157.6,3.0,44.0,13.0,25.2,True,12,69.0,9.0,after_break,False
Spain,Ferran TORRES,74,on,pdf_marker,101,2743.2,173.6,64.5,30.0,17.0,30.6,True,16,69.0,5.0,after_break,False
Spain,PEDRI,78,on,pdf_marker,101,2711.3,308.7,63.1,45.0,20.0,27.8,True,12,69.0,9.0,after_break,False
France,Emmanuel Boris Kone,45,on,lineup_derived,101,6041.4,235.5,27.0,107.0,14.0,30.3,True,45,69.0,-24.0,before_break,False
Spain,Nicholas Williams,84,on,lineup_derived,101,1704.2,150.7,54.7,26.0,16.0,31.4,True,6,69.0,15.0,after_break,False
England,Ezri KONSA,72,on,pdf_marker,102,2786.0,100.5,22.9,36.0,10.0,31.0,True,18,69.0,3.0,at_break,False
Argentina,Rodrigo DE PAUL,72,on,pdf_marker,102,3329.0,216.1,60.1,41.0,14.0,30.0,True,18,69.0,3.0,at_break,False
Argentina,Nicolas OTAMENDI,72,on,pdf_marker,102,3217.4,229.6,142.6,35.0,15.0,30.0,True,18,69.0,3.0,at_break,False
Argentina,Lautaro MARTINEZ,81,on,pdf_marker,102,1984.1,152.8,55.1,19.0,10.0,29.9,True,9,69.0,12.0,after_break,False
England,Nico Oreilly,82,on,lineup_derived,102,2032.3,134.3,24.9,35.0,11.0,33.0,True,8,69.0,13.0,after_break,False
England,Daniel Johnson Burn,82,on,lineup_derived,102,1827.1,53.8,48.7,17.0,6.0,30.8,True,8,69.0,13.0,after_break,False
Argentina,Nicolas Ivan Gonzalez,64,on,lineup_derived,102,,,,,,,False,26,69.0,-5.0,before_break,False
Argentina,Gonzalo Ariel Montiel,72,on,lineup_derived,102,3422.0,198.2,88.1,47.0,15.0,32.1,True,18,69.0,3.0,at_break,False
France,Lucas DIGNE,45,on,pdf_marker,103,5248.3,303.3,86.1,79.0,24.0,29.7,True,45,68.0,-23.0,before_break,False
France,Jules KOUNDE,89,on,lineup_derived,103,1008.9,160.1,118.9,15.0,10.0,28.5,True,1,68.0,21.0,after_break,False
France,Ousmane DEMBELE,45,on,pdf_marker,103,5203.9,389.3,162.8,67.0,26.0,30.5,True,45,68.0,-23.0,before_break,False
France,Bradley BARCOLA,45,on,pdf_marker,103,4946.2,313.2,139.7,50.0,21.0,34.7,True,45,68.0,-23.0,before_break,False
England,Elliot ANDERSON,79,on,pdf_marker,103,2056.9,147.5,63.2,27.0,7.0,29.7,True,11,68.0,11.0,after_break,False
England,Jude BELLINGHAM,79,on,pdf_marker,103,2245.4,284.5,100.2,28.0,17.0,32.4,True,11,68.0,11.0,after_break,False
England,Trevoh CHALOBAH,89,on,lineup_derived,103,626.5,18.8,6.2,11.0,2.0,26.2,True,1,68.0,21.0,after_break,True
England,Reece JAMES,83,on,pdf_marker,103,1656.2,122.7,36.0,14.0,8.0,26.7,True,7,68.0,15.0,after_break,False
France,Dayotchanculle Oswald Upamecano,45,on,lineup_derived,103,5090.2,279.6,203.7,49.0,20.0,33.4,True,45,68.0,-23.0,before_break,False
England,George Arthur Watkins,45,on,lineup_derived,103,5531.9,420.8,321.5,57.0,30.0,34.2,True,45,68.0,-23.0,before_break,False
Spain,Eric GARCIA,99,on,pdf_marker,104,2696.9,86.7,23.0,6.0,6.0,25.1,True,21,67.0,32.0,after_break,True
Spain,Mikel MERINO,75,on,pdf_marker,104,6628.1,411.4,53.7,86.0,34.0,27.8,True,45,67.0,8.0,after_break,False
Spain,Ferran TORRES,62,on,pdf_marker,104,7238.1,449.4,261.9,56.0,42.0,31.4,True,58,67.0,-5.0,before_break,False
Spain,Martin ZUBIMENDI,99,on,pdf_marker_late,104,3570.6,117.5,16.7,36.0,7.0,26.4,True,21,67.0,32.0,after_break,False
Spain,PEDRI,62,on,pdf_marker,104,8523.7,522.5,59.6,129.0,37.0,27.4,True,58,67.0,-5.0,before_break,False
Argentina,Marcos SENESI,102,on,pdf_marker,104,2913.7,86.7,35.0,32.0,8.0,29.1,True,18,67.0,35.0,after_break,False
Argentina,Giuliano SIMEONE,70,on,pdf_marker,104,7646.1,406.9,281.2,105.0,33.0,33.7,True,50,67.0,3.0,at_break,False
Argentina,Nicolas OTAMENDI,44,on,pdf_marker,104,9258.8,342.0,150.2,96.0,28.0,30.6,True,76,67.0,-23.0,before_break,False
Argentina,Facundo MEDINA,70,on,pdf_marker,104,7135.2,284.9,111.9,79.0,17.0,30.0,True,50,67.0,3.0,at_break,False
Argentina,Nahuel MOLINA,57,on,pdf_marker,104,7366.5,502.8,236.3,87.0,35.0,31.9,True,63,67.0,-10.0,before_break,False
Spain,Nicholas Williams,75,on,lineup_derived,104,5987.6,377.7,210.3,58.0,36.0,32.4,True,45,67.0,8.0,after_break,False
